Program Duration,117.15272203166667,mins

Hand,P1 - F,P2 - F,P1 - S,P2 - S
AsKs,26478.0,26478.0,0.9999622342233468,0.9999622342233468
AsQs,26478.0,26478.0,0.9999622342233468,0.9999622342233468
AsJs,26478.0,26478.0,0.9999622342233468,0.9999622342233468
AsTs,26478.0,26478.0,0.9999622342233468,0.9999622342233468
As9s,26478.0,26478.0,0.9999622342233468,0.9999622342233468
As8s,26478.0,26478.0,0.9999622342233468,0.9999622342233468
As7s,26478.0,26478.0,0.9999622342233468,0.9999622342233468
As6s,26478.0,26478.0,0.9999622342233468,0.9999622342233468
As5s,26478.0,26478.0,0.9999622342233468,0.9999622342233468
As4s,26478.0,26478.0,0.9999622342233468,0.9999622342233468
As3s,26478.0,26478.0,0.9999622342233468,0.9999622342233468
As2s,26478.0,26478.0,0.9999622342233468,0.9999622342233468
AsAc,26478.0,26478.0,0.9999622342233468,0.9999622342233468
AsKc,26478.0,26478.0,0.9999622342233468,0.9999622342233468
AsQc,26478.0,26478.0,0.9999622342233468,0.9999622342233468
AsJc,26478.0,26478.0,0.9999622342233468,0.9999622342233468
AsTc,26478.0,26478.0,0.9999622342233468,0.9999622342233468
As9c,26478.0,26478.0,0.9999622342233468,0.9999622342233468
As8c,26478.0,26478.0,0.9999622342233468,0.9999622342233468
As7c,26478.0,26478.0,0.9999622342233468,0.9999622342233468
As6c,26478.0,26470.0,0.9999622342233468,0.9996601080101212
As5c,26478.0,26431.0,0.9999622342233468,0.9981872427206465
As4c,26478.0,17.0,0.9999622342233468,6.420182031043469E-4
As3c,26478.0,13.0,0.9999622342233468,4.909550964915594E-4
As2c,26478.0,10.0,0.9999622342233468,3.7765776653196875E-4
AsAd,26478.0,26478.0,0.9999622342233468,0.9999622342233468
AsKd,26478.0,26478.0,0.9999622342233468,0.9999622342233468
AsQd,26478.0,26478.0,0.9999622342233468,0.9999622342233468
AsJd,26478.0,26478.0,0.9999622342233468,0.9999622342233468
AsTd,26478.0,26478.0,0.9999622342233468,0.9999622342233468
As9d,26478.0,26478.0,0.9999622342233468,0.9999622342233468
As8d,26478.0,26478.0,0.9999622342233468,0.9999622342233468
As7d,26478.0,26478.0,0.9999622342233468,0.9999622342233468
As6d,26478.0,26470.0,0.9999622342233468,0.9996601080101212
As5d,26478.0,26431.0,0.9999622342233468,0.9981872427206465
As4d,26478.0,17.0,0.9999622342233468,6.420182031043469E-4
As3d,26478.0,13.0,0.9999622342233468,4.909550964915594E-4
As2d,26478.0,10.0,0.9999622342233468,3.7765776653196875E-4
AsAh,26478.0,26478.0,0.9999622342233468,0.9999622342233468
AsKh,26478.0,26478.0,0.9999622342233468,0.9999622342233468
AsQh,26478.0,26478.0,0.9999622342233468,0.9999622342233468
AsJh,26478.0,26478.0,0.9999622342233468,0.9999622342233468
AsTh,26478.0,26478.0,0.9999622342233468,0.9999622342233468
As9h,26478.0,26478.0,0.9999622342233468,0.9999622342233468
As8h,26478.0,26478.0,0.9999622342233468,0.9999622342233468
As7h,26478.0,26478.0,0.9999622342233468,0.9999622342233468
As6h,26478.0,26470.0,0.9999622342233468,0.9996601080101212
As5h,26478.0,26431.0,0.9999622342233468,0.9981872427206465
As4h,26478.0,17.0,0.9999622342233468,6.420182031043469E-4
As3h,26478.0,13.0,0.9999622342233468,4.909550964915594E-4
As2h,26478.0,10.0,0.9999622342233468,3.7765776653196875E-4
KsQs,26478.0,26478.0,0.9999622342233468,0.9999622342233468
KsJs,26478.0,26478.0,0.9999622342233468,0.9999622342233468
KsTs,26478.0,26478.0,0.9999622342233468,0.9999622342233468
Ks9s,26478.0,26440.0,0.9999622342233468,0.9985271347105253
Ks8s,26478.0,11.0,0.9999622342233468,4.154235431851656E-4
Ks7s,26478.0,8.0,0.9999622342233468,3.02126213225575E-4
Ks6s,26478.0,7.0,0.9999622342233468,2.643604365723781E-4
Ks5s,26478.0,5.0,0.9999622342233468,1.8882888326598438E-4
Ks4s,26478.0,4.0,0.9999622342233468,1.510631066127875E-4
Ks3s,391.0,4.0,0.014766418671399977,1.510631066127875E-4
Ks2s,6.0,3.0,2.2659465991918125E-4,1.1329732995959063E-4
KsAc,26478.0,26478.0,0.9999622342233468,0.9999622342233468
KsKc,26478.0,26478.0,0.9999622342233468,0.9999622342233468
KsQc,26478.0,26478.0,0.9999622342233468,0.9999622342233468
KsJc,26478.0,26478.0,0.9999622342233468,0.9999622342233468
KsTc,26478.0,26465.0,0.9999622342233468,0.9994712791268553
Ks9c,26478.0,10.0,0.9999622342233468,3.7765776653196875E-4
Ks8c,14.0,6.0,5.287208731447563E-4,2.2659465991918125E-4
Ks7c,8.0,4.0,3.02126213225575E-4,1.510631066127875E-4
Ks6c,6.0,3.0,2.2659465991918125E-4,1.1329732995959063E-4
Ks5c,4.0,3.0,1.510631066127875E-4,1.1329732995959063E-4
Ks4c,3.0,2.0,1.1329732995959063E-4,7.553155330639375E-5
Ks3c,3.0,2.0,1.1329732995959063E-4,7.553155330639375E-5
Ks2c,3.0,1.0,1.1329732995959063E-4,3.7765776653196875E-5
KsAd,26478.0,26478.0,0.9999622342233468,0.9999622342233468
KsKd,26478.0,26478.0,0.9999622342233468,0.9999622342233468
KsQd,26478.0,26478.0,0.9999622342233468,0.9999622342233468
KsJd,26478.0,26478.0,0.9999622342233468,0.9999622342233468
KsTd,26478.0,26465.0,0.9999622342233468,0.9994712791268553
Ks9d,26478.0,10.0,0.9999622342233468,3.7765776653196875E-4
Ks8d,14.0,6.0,5.287208731447563E-4,2.2659465991918125E-4
Ks7d,8.0,4.0,3.02126213225575E-4,1.510631066127875E-4
Ks6d,6.0,3.0,2.2659465991918125E-4,1.1329732995959063E-4
Ks5d,4.0,3.0,1.510631066127875E-4,1.1329732995959063E-4
Ks4d,3.0,2.0,1.1329732995959063E-4,7.553155330639375E-5
Ks3d,3.0,2.0,1.1329732995959063E-4,7.553155330639375E-5
Ks2d,3.0,1.0,1.1329732995959063E-4,3.7765776653196875E-5
KsAh,26478.0,26478.0,0.9999622342233468,0.9999622342233468
KsKh,26478.0,26478.0,0.9999622342233468,0.9999622342233468
KsQh,26478.0,26478.0,0.9999622342233468,0.9999622342233468
KsJh,26478.0,26478.0,0.9999622342233468,0.9999622342233468
KsTh,26478.0,26465.0,0.9999622342233468,0.9994712791268553
Ks9h,26478.0,10.0,0.9999622342233468,3.7765776653196875E-4
Ks8h,14.0,6.0,5.287208731447563E-4,2.2659465991918125E-4
Ks7h,8.0,4.0,3.02126213225575E-4,1.510631066127875E-4
Ks6h,6.0,3.0,2.2659465991918125E-4,1.1329732995959063E-4
Ks5h,4.0,3.0,1.510631066127875E-4,1.1329732995959063E-4
Ks4h,3.0,2.0,1.1329732995959063E-4,7.553155330639375E-5
Ks3h,3.0,2.0,1.1329732995959063E-4,7.553155330639375E-5
Ks2h,3.0,1.0,1.1329732995959063E-4,3.7765776653196875E-5
QsJs,26478.0,26478.0,0.9999622342233468,0.9999622342233468
QsTs,26478.0,26407.0,0.9999622342233468,0.9972808640809698
Qs9s,26478.0,7.0,0.9999622342233468,2.643604365723781E-4
Qs8s,26478.0,4.0,0.9999622342233468,1.510631066127875E-4
Qs7s,26451.0,3.0,0.9989425582537105,1.1329732995959063E-4
Qs6s,26446.0,2.0,0.9987537293704445,7.553155330639375E-5
Qs5s,24262.0,2.0,0.9162732731598625,7.553155330639375E-5
Qs4s,2.0,2.0,7.553155330639375E-5,7.553155330639375E-5
Qs3s,2.0,1.0,7.553155330639375E-5,3.7765776653196875E-5
Qs2s,2.0,1.0,7.553155330639375E-5,3.7765776653196875E-5
QsAc,26478.0,26478.0,0.9999622342233468,0.9999622342233468
QsKc,26478.0,26478.0,0.9999622342233468,0.9999622342233468
QsQc,26478.0,26478.0,0.9999622342233468,0.9999622342233468
QsJc,26478.0,125.0,0.9999622342233468,0.004720722081649609
QsTc,26478.0,6.0,0.9999622342233468,2.2659465991918125E-4
Qs9c,26449.0,4.0,0.9988670267004041,1.510631066127875E-4
Qs8c,3.0,2.0,1.1329732995959063E-4,7.553155330639375E-5
Qs7c,2.0,2.0,7.553155330639375E-5,7.553155330639375E-5
Qs6c,2.0,1.0,7.553155330639375E-5,3.7765776653196875E-5
Qs5c,2.0,1.0,7.553155330639375E-5,3.7765776653196875E-5
Qs4c,1.0,1.0,3.7765776653196875E-5,3.7765776653196875E-5
Qs3c,1.0,1.0,3.7765776653196875E-5,3.7765776653196875E-5
Qs2c,1.0,0.0,3.7765776653196875E-5,0.0
QsAd,26478.0,26478.0,0.9999622342233468,0.9999622342233468
QsKd,26478.0,26478.0,0.9999622342233468,0.9999622342233468
QsQd,26478.0,26478.0,0.9999622342233468,0.9999622342233468
QsJd,26478.0,125.0,0.9999622342233468,0.004720722081649609
QsTd,26478.0,6.0,0.9999622342233468,2.2659465991918125E-4
Qs9d,26449.0,4.0,0.9988670267004041,1.510631066127875E-4
Qs8d,3.0,2.0,1.1329732995959063E-4,7.553155330639375E-5
Qs7d,2.0,2.0,7.553155330639375E-5,7.553155330639375E-5
Qs6d,2.0,1.0,7.553155330639375E-5,3.7765776653196875E-5
Qs5d,2.0,1.0,7.553155330639375E-5,3.7765776653196875E-5
Qs4d,1.0,1.0,3.7765776653196875E-5,3.7765776653196875E-5
Qs3d,1.0,1.0,3.7765776653196875E-5,3.7765776653196875E-5
Qs2d,1.0,0.0,3.7765776653196875E-5,0.0
QsAh,26478.0,26478.0,0.9999622342233468,0.9999622342233468
QsKh,26478.0,26478.0,0.9999622342233468,0.9999622342233468
QsQh,26478.0,26478.0,0.9999622342233468,0.9999622342233468
QsJh,26478.0,125.0,0.9999622342233468,0.004720722081649609
QsTh,26478.0,6.0,0.9999622342233468,2.2659465991918125E-4
Qs9h,26449.0,4.0,0.9988670267004041,1.510631066127875E-4
Qs8h,3.0,2.0,1.1329732995959063E-4,7.553155330639375E-5
Qs7h,2.0,2.0,7.553155330639375E-5,7.553155330639375E-5
Qs6h,2.0,1.0,7.553155330639375E-5,3.7765776653196875E-5
Qs5h,2.0,1.0,7.553155330639375E-5,3.7765776653196875E-5
Qs4h,1.0,1.0,3.7765776653196875E-5,3.7765776653196875E-5
Qs3h,1.0,1.0,3.7765776653196875E-5,3.7765776653196875E-5
Qs2h,1.0,0.0,3.7765776653196875E-5,0.0
JsTs,26478.0,8.0,0.9999622342233468,3.02126213225575E-4
Js9s,26478.0,4.0,0.9999622342233468,1.510631066127875E-4
Js8s,26468.0,3.0,0.9995845764568149,1.1329732995959063E-4
Js7s,26448.0,2.0,0.9988292609237509,7.553155330639375E-5
Js6s,2.0,1.0,7.553155330639375E-5,3.7765776653196875E-5
Js5s,2.0,1.0,7.553155330639375E-5,3.7765776653196875E-5
Js4s,1.0,1.0,3.7765776653196875E-5,3.7765776653196875E-5
Js3s,1.0,1.0,3.7765776653196875E-5,3.7765776653196875E-5
Js2s,1.0,0.0,3.7765776653196875E-5,0.0
JsAc,26478.0,26478.0,0.9999622342233468,0.9999622342233468
JsKc,26478.0,26478.0,0.9999622342233468,0.9999622342233468
JsQc,26478.0,125.0,0.9999622342233468,0.004720722081649609
JsJc,26478.0,26478.0,0.9999622342233468,0.9999622342233468
JsTc,26478.0,4.0,0.9999622342233468,1.510631066127875E-4
Js9c,26444.0,2.0,0.9986781978171381,7.553155330639375E-5
Js8c,2.0,1.0,7.553155330639375E-5,3.7765776653196875E-5
Js7c,1.0,1.0,3.7765776653196875E-5,3.7765776653196875E-5
Js6c,1.0,1.0,3.7765776653196875E-5,3.7765776653196875E-5
Js5c,1.0,0.0,3.7765776653196875E-5,0.0
Js4c,1.0,0.0,3.7765776653196875E-5,0.0
Js3c,1.0,0.0,3.7765776653196875E-5,0.0
Js2c,1.0,0.0,3.7765776653196875E-5,0.0
JsAd,26478.0,26478.0,0.9999622342233468,0.9999622342233468
JsKd,26478.0,26478.0,0.9999622342233468,0.9999622342233468
JsQd,26478.0,125.0,0.9999622342233468,0.004720722081649609
JsJd,26478.0,26478.0,0.9999622342233468,0.9999622342233468
JsTd,26478.0,4.0,0.9999622342233468,1.510631066127875E-4
Js9d,26444.0,2.0,0.9986781978171381,7.553155330639375E-5
Js8d,2.0,1.0,7.553155330639375E-5,3.7765776653196875E-5
Js7d,1.0,1.0,3.7765776653196875E-5,3.7765776653196875E-5
Js6d,1.0,1.0,3.7765776653196875E-5,3.7765776653196875E-5
Js5d,1.0,0.0,3.7765776653196875E-5,0.0
Js4d,1.0,0.0,3.7765776653196875E-5,0.0
Js3d,1.0,0.0,3.7765776653196875E-5,0.0
Js2d,1.0,0.0,3.7765776653196875E-5,0.0
JsAh,26478.0,26478.0,0.9999622342233468,0.9999622342233468
JsKh,26478.0,26478.0,0.9999622342233468,0.9999622342233468
JsQh,26478.0,125.0,0.9999622342233468,0.004720722081649609
JsJh,26478.0,26478.0,0.9999622342233468,0.9999622342233468
JsTh,26478.0,4.0,0.9999622342233468,1.510631066127875E-4
Js9h,26444.0,2.0,0.9986781978171381,7.553155330639375E-5
Js8h,2.0,1.0,7.553155330639375E-5,3.7765776653196875E-5
Js7h,1.0,1.0,3.7765776653196875E-5,3.7765776653196875E-5
Js6h,1.0,1.0,3.7765776653196875E-5,3.7765776653196875E-5
Js5h,1.0,0.0,3.7765776653196875E-5,0.0
Js4h,1.0,0.0,3.7765776653196875E-5,0.0
Js3h,1.0,0.0,3.7765776653196875E-5,0.0
Js2h,1.0,0.0,3.7765776653196875E-5,0.0
Ts9s,26478.0,3.0,0.9999622342233468,1.1329732995959063E-4
Ts8s,26469.0,2.0,0.999622342233468,7.553155330639375E-5
Ts7s,26453.0,1.0,0.9990180898070169,3.7765776653196875E-5
Ts6s,26424.0,1.0,0.9979228822840742,3.7765776653196875E-5
Ts5s,1.0,0.0,3.7765776653196875E-5,0.0
Ts4s,1.0,0.0,3.7765776653196875E-5,0.0
Ts3s,1.0,0.0,3.7765776653196875E-5,0.0
Ts2s,1.0,0.0,3.7765776653196875E-5,0.0
TsAc,26478.0,26478.0,0.9999622342233468,0.9999622342233468
TsKc,26478.0,26465.0,0.9999622342233468,0.9994712791268553
TsQc,26478.0,6.0,0.9999622342233468,2.2659465991918125E-4
TsJc,26478.0,4.0,0.9999622342233468,1.510631066127875E-4
TsTc,26478.0,26478.0,0.9999622342233468,0.9999622342233468
Ts9c,26448.0,2.0,0.9988292609237509,7.553155330639375E-5
Ts8c,1.0,1.0,3.7765776653196875E-5,3.7765776653196875E-5
Ts7c,1.0,1.0,3.7765776653196875E-5,3.7765776653196875E-5
Ts6c,1.0,0.0,3.7765776653196875E-5,0.0
Ts5c,1.0,0.0,3.7765776653196875E-5,0.0
Ts4c,1.0,0.0,3.7765776653196875E-5,0.0
Ts3c,1.0,0.0,3.7765776653196875E-5,0.0
Ts2c,1.0,0.0,3.7765776653196875E-5,0.0
TsAd,26478.0,26478.0,0.9999622342233468,0.9999622342233468
TsKd,26478.0,26465.0,0.9999622342233468,0.9994712791268553
TsQd,26478.0,6.0,0.9999622342233468,2.2659465991918125E-4
TsJd,26478.0,4.0,0.9999622342233468,1.510631066127875E-4
TsTd,26478.0,26478.0,0.9999622342233468,0.9999622342233468
Ts9d,26448.0,2.0,0.9988292609237509,7.553155330639375E-5
Ts8d,1.0,1.0,3.7765776653196875E-5,3.7765776653196875E-5
Ts7d,1.0,1.0,3.7765776653196875E-5,3.7765776653196875E-5
Ts6d,1.0,0.0,3.7765776653196875E-5,0.0
Ts5d,1.0,0.0,3.7765776653196875E-5,0.0
Ts4d,1.0,0.0,3.7765776653196875E-5,0.0
Ts3d,1.0,0.0,3.7765776653196875E-5,0.0
Ts2d,1.0,0.0,3.7765776653196875E-5,0.0
TsAh,26478.0,26478.0,0.9999622342233468,0.9999622342233468
TsKh,26478.0,26465.0,0.9999622342233468,0.9994712791268553
TsQh,26478.0,6.0,0.9999622342233468,2.2659465991918125E-4
TsJh,26478.0,4.0,0.9999622342233468,1.510631066127875E-4
TsTh,26478.0,26478.0,0.9999622342233468,0.9999622342233468
Ts9h,26448.0,2.0,0.9988292609237509,7.553155330639375E-5
Ts8h,1.0,1.0,3.7765776653196875E-5,3.7765776653196875E-5
Ts7h,1.0,1.0,3.7765776653196875E-5,3.7765776653196875E-5
Ts6h,1.0,0.0,3.7765776653196875E-5,0.0
Ts5h,1.0,0.0,3.7765776653196875E-5,0.0
Ts4h,1.0,0.0,3.7765776653196875E-5,0.0
Ts3h,1.0,0.0,3.7765776653196875E-5,0.0
Ts2h,1.0,0.0,3.7765776653196875E-5,0.0
9s8s,26468.0,2.0,0.9995845764568149,7.553155330639375E-5
9s7s,26458.0,1.0,0.9992069186902829,3.7765776653196875E-5
9s6s,26439.0,0.0,0.9984893689338721,0.0
9s5s,1.0,0.0,3.7765776653196875E-5,0.0
9s4s,1.0,0.0,3.7765776653196875E-5,0.0
9s3s,1.0,0.0,3.7765776653196875E-5,0.0
9s2s,1.0,0.0,3.7765776653196875E-5,0.0
9sAc,26478.0,26478.0,0.9999622342233468,0.9999622342233468
9sKc,26478.0,10.0,0.9999622342233468,3.7765776653196875E-4
9sQc,26449.0,4.0,0.9988670267004041,1.510631066127875E-4
9sJc,26444.0,2.0,0.9986781978171381,7.553155330639375E-5
9sTc,26448.0,2.0,0.9988292609237509,7.553155330639375E-5
9s9c,26478.0,26478.0,0.9999622342233468,0.9999622342233468
9s8c,26417.0,1.0,0.9976585218475018,3.7765776653196875E-5
9s7c,1.0,0.0,3.7765776653196875E-5,0.0
9s6c,1.0,0.0,3.7765776653196875E-5,0.0
9s5c,1.0,0.0,3.7765776653196875E-5,0.0
9s4c,1.0,0.0,3.7765776653196875E-5,0.0
9s3c,1.0,0.0,3.7765776653196875E-5,0.0
9s2c,1.0,0.0,3.7765776653196875E-5,0.0
9sAd,26478.0,26478.0,0.9999622342233468,0.9999622342233468
9sKd,26478.0,10.0,0.9999622342233468,3.7765776653196875E-4
9sQd,26449.0,4.0,0.9988670267004041,1.510631066127875E-4
9sJd,26444.0,2.0,0.9986781978171381,7.553155330639375E-5
9sTd,26448.0,2.0,0.9988292609237509,7.553155330639375E-5
9s9d,26478.0,26478.0,0.9999622342233468,0.9999622342233468
9s8d,26417.0,1.0,0.9976585218475018,3.7765776653196875E-5
9s7d,1.0,0.0,3.7765776653196875E-5,0.0
9s6d,1.0,0.0,3.7765776653196875E-5,0.0
9s5d,1.0,0.0,3.7765776653196875E-5,0.0
9s4d,1.0,0.0,3.7765776653196875E-5,0.0
9s3d,1.0,0.0,3.7765776653196875E-5,0.0
9s2d,1.0,0.0,3.7765776653196875E-5,0.0
9sAh,26478.0,26478.0,0.9999622342233468,0.9999622342233468
9sKh,26478.0,10.0,0.9999622342233468,3.7765776653196875E-4
9sQh,26449.0,4.0,0.9988670267004041,1.510631066127875E-4
9sJh,26444.0,2.0,0.9986781978171381,7.553155330639375E-5
9sTh,26448.0,2.0,0.9988292609237509,7.553155330639375E-5
9s9h,26478.0,26478.0,0.9999622342233468,0.9999622342233468
9s8h,26417.0,1.0,0.9976585218475018,3.7765776653196875E-5
9s7h,1.0,0.0,3.7765776653196875E-5,0.0
9s6h,1.0,0.0,3.7765776653196875E-5,0.0
9s5h,1.0,0.0,3.7765776653196875E-5,0.0
9s4h,1.0,0.0,3.7765776653196875E-5,0.0
9s3h,1.0,0.0,3.7765776653196875E-5,0.0
9s2h,1.0,0.0,3.7765776653196875E-5,0.0
8s7s,26464.0,1.0,0.999433513350202,3.7765776653196875E-5
8s6s,26448.0,0.0,0.9988292609237509,0.0
8s5s,1.0,0.0,3.7765776653196875E-5,0.0
8s4s,1.0,0.0,3.7765776653196875E-5,0.0
8s3s,1.0,0.0,3.7765776653196875E-5,0.0
8s2s,1.0,0.0,3.7765776653196875E-5,0.0
8sAc,26478.0,26478.0,0.9999622342233468,0.9999622342233468
8sKc,14.0,6.0,5.287208731447563E-4,2.2659465991918125E-4
8sQc,3.0,2.0,1.1329732995959063E-4,7.553155330639375E-5
8sJc,2.0,1.0,7.553155330639375E-5,3.7765776653196875E-5
8sTc,1.0,1.0,3.7765776653196875E-5,3.7765776653196875E-5
8s9c,26417.0,1.0,0.9976585218475018,3.7765776653196875E-5
8s8c,26478.0,26478.0,0.9999622342233468,0.9999622342233468
8s7c,1.0,0.0,3.7765776653196875E-5,0.0
8s6c,1.0,0.0,3.7765776653196875E-5,0.0
8s5c,1.0,0.0,3.7765776653196875E-5,0.0
8s4c,1.0,0.0,3.7765776653196875E-5,0.0
8s3c,1.0,0.0,3.7765776653196875E-5,0.0
8s2c,1.0,0.0,3.7765776653196875E-5,0.0
8sAd,26478.0,26478.0,0.9999622342233468,0.9999622342233468
8sKd,14.0,6.0,5.287208731447563E-4,2.2659465991918125E-4
8sQd,3.0,2.0,1.1329732995959063E-4,7.553155330639375E-5
8sJd,2.0,1.0,7.553155330639375E-5,3.7765776653196875E-5
8sTd,1.0,1.0,3.7765776653196875E-5,3.7765776653196875E-5
8s9d,26417.0,1.0,0.9976585218475018,3.7765776653196875E-5
8s8d,26478.0,26478.0,0.9999622342233468,0.9999622342233468
8s7d,1.0,0.0,3.7765776653196875E-5,0.0
8s6d,1.0,0.0,3.7765776653196875E-5,0.0
8s5d,1.0,0.0,3.7765776653196875E-5,0.0
8s4d,1.0,0.0,3.7765776653196875E-5,0.0
8s3d,1.0,0.0,3.7765776653196875E-5,0.0
8s2d,1.0,0.0,3.7765776653196875E-5,0.0
8sAh,26478.0,26478.0,0.9999622342233468,0.9999622342233468
8sKh,14.0,6.0,5.287208731447563E-4,2.2659465991918125E-4
8sQh,3.0,2.0,1.1329732995959063E-4,7.553155330639375E-5
8sJh,2.0,1.0,7.553155330639375E-5,3.7765776653196875E-5
8sTh,1.0,1.0,3.7765776653196875E-5,3.7765776653196875E-5
8s9h,26417.0,1.0,0.9976585218475018,3.7765776653196875E-5
8s8h,26478.0,26478.0,0.9999622342233468,0.9999622342233468
8s7h,1.0,0.0,3.7765776653196875E-5,0.0
8s6h,1.0,0.0,3.7765776653196875E-5,0.0
8s5h,1.0,0.0,3.7765776653196875E-5,0.0
8s4h,1.0,0.0,3.7765776653196875E-5,0.0
8s3h,1.0,0.0,3.7765776653196875E-5,0.0
8s2h,1.0,0.0,3.7765776653196875E-5,0.0
7s6s,26457.0,0.0,0.9991691529136296,0.0
7s5s,26429.0,0.0,0.9981117111673402,0.0
7s4s,1.0,0.0,3.7765776653196875E-5,0.0
7s3s,1.0,0.0,3.7765776653196875E-5,0.0
7s2s,1.0,0.0,3.7765776653196875E-5,0.0
7sAc,26478.0,26478.0,0.9999622342233468,0.9999622342233468
7sKc,8.0,4.0,3.02126213225575E-4,1.510631066127875E-4
7sQc,2.0,2.0,7.553155330639375E-5,7.553155330639375E-5
7sJc,1.0,1.0,3.7765776653196875E-5,3.7765776653196875E-5
7sTc,1.0,1.0,3.7765776653196875E-5,3.7765776653196875E-5
7s9c,1.0,0.0,3.7765776653196875E-5,0.0
7s8c,1.0,0.0,3.7765776653196875E-5,0.0
7s7c,26478.0,26478.0,0.9999622342233468,0.9999622342233468
7s6c,1.0,0.0,3.7765776653196875E-5,0.0
7s5c,1.0,0.0,3.7765776653196875E-5,0.0
7s4c,1.0,0.0,3.7765776653196875E-5,0.0
7s3c,1.0,0.0,3.7765776653196875E-5,0.0
7s2c,1.0,0.0,3.7765776653196875E-5,0.0
7sAd,26478.0,26478.0,0.9999622342233468,0.9999622342233468
7sKd,8.0,4.0,3.02126213225575E-4,1.510631066127875E-4
7sQd,2.0,2.0,7.553155330639375E-5,7.553155330639375E-5
7sJd,1.0,1.0,3.7765776653196875E-5,3.7765776653196875E-5
7sTd,1.0,1.0,3.7765776653196875E-5,3.7765776653196875E-5
7s9d,1.0,0.0,3.7765776653196875E-5,0.0
7s8d,1.0,0.0,3.7765776653196875E-5,0.0
7s7d,26478.0,26478.0,0.9999622342233468,0.9999622342233468
7s6d,1.0,0.0,3.7765776653196875E-5,0.0
7s5d,1.0,0.0,3.7765776653196875E-5,0.0
7s4d,1.0,0.0,3.7765776653196875E-5,0.0
7s3d,1.0,0.0,3.7765776653196875E-5,0.0
7s2d,1.0,0.0,3.7765776653196875E-5,0.0
7sAh,26478.0,26478.0,0.9999622342233468,0.9999622342233468
7sKh,8.0,4.0,3.02126213225575E-4,1.510631066127875E-4
7sQh,2.0,2.0,7.553155330639375E-5,7.553155330639375E-5
7sJh,1.0,1.0,3.7765776653196875E-5,3.7765776653196875E-5
7sTh,1.0,1.0,3.7765776653196875E-5,3.7765776653196875E-5
7s9h,1.0,0.0,3.7765776653196875E-5,0.0
7s8h,1.0,0.0,3.7765776653196875E-5,0.0
7s7h,26478.0,26478.0,0.9999622342233468,0.9999622342233468
7s6h,1.0,0.0,3.7765776653196875E-5,0.0
7s5h,1.0,0.0,3.7765776653196875E-5,0.0
7s4h,1.0,0.0,3.7765776653196875E-5,0.0
7s3h,1.0,0.0,3.7765776653196875E-5,0.0
7s2h,1.0,0.0,3.7765776653196875E-5,0.0
6s5s,26443.0,0.0,0.9986404320404849,0.0
6s4s,1.0,0.0,3.7765776653196875E-5,0.0
6s3s,1.0,0.0,3.7765776653196875E-5,0.0
6s2s,1.0,0.0,3.7765776653196875E-5,0.0
6sAc,26478.0,26470.0,0.9999622342233468,0.9996601080101212
6sKc,6.0,3.0,2.2659465991918125E-4,1.1329732995959063E-4
6sQc,2.0,1.0,7.553155330639375E-5,3.7765776653196875E-5
6sJc,1.0,1.0,3.7765776653196875E-5,3.7765776653196875E-5
6sTc,1.0,0.0,3.7765776653196875E-5,0.0
6s9c,1.0,0.0,3.7765776653196875E-5,0.0
6s8c,1.0,0.0,3.7765776653196875E-5,0.0
6s7c,1.0,0.0,3.7765776653196875E-5,0.0
6s6c,26478.0,26478.0,0.9999622342233468,0.9999622342233468
6s5c,1.0,0.0,3.7765776653196875E-5,0.0
6s4c,1.0,0.0,3.7765776653196875E-5,0.0
6s3c,1.0,0.0,3.7765776653196875E-5,0.0
6s2c,1.0,0.0,3.7765776653196875E-5,0.0
6sAd,26478.0,26470.0,0.9999622342233468,0.9996601080101212
6sKd,6.0,3.0,2.2659465991918125E-4,1.1329732995959063E-4
6sQd,2.0,1.0,7.553155330639375E-5,3.7765776653196875E-5
6sJd,1.0,1.0,3.7765776653196875E-5,3.7765776653196875E-5
6sTd,1.0,0.0,3.7765776653196875E-5,0.0
6s9d,1.0,0.0,3.7765776653196875E-5,0.0
6s8d,1.0,0.0,3.7765776653196875E-5,0.0
6s7d,1.0,0.0,3.7765776653196875E-5,0.0
6s6d,26478.0,26478.0,0.9999622342233468,0.9999622342233468
6s5d,1.0,0.0,3.7765776653196875E-5,0.0
6s4d,1.0,0.0,3.7765776653196875E-5,0.0
6s3d,1.0,0.0,3.7765776653196875E-5,0.0
6s2d,1.0,0.0,3.7765776653196875E-5,0.0
6sAh,26478.0,26470.0,0.9999622342233468,0.9996601080101212
6sKh,6.0,3.0,2.2659465991918125E-4,1.1329732995959063E-4
6sQh,2.0,1.0,7.553155330639375E-5,3.7765776653196875E-5
6sJh,1.0,1.0,3.7765776653196875E-5,3.7765776653196875E-5
6sTh,1.0,0.0,3.7765776653196875E-5,0.0
6s9h,1.0,0.0,3.7765776653196875E-5,0.0
6s8h,1.0,0.0,3.7765776653196875E-5,0.0
6s7h,1.0,0.0,3.7765776653196875E-5,0.0
6s6h,26478.0,26478.0,0.9999622342233468,0.9999622342233468
6s5h,1.0,0.0,3.7765776653196875E-5,0.0
6s4h,1.0,0.0,3.7765776653196875E-5,0.0
6s3h,1.0,0.0,3.7765776653196875E-5,0.0
6s2h,1.0,0.0,3.7765776653196875E-5,0.0
5s4s,26423.0,0.0,0.997885116507421,0.0
5s3s,1.0,0.0,3.7765776653196875E-5,0.0
5s2s,1.0,0.0,3.7765776653196875E-5,0.0
5sAc,26478.0,26431.0,0.9999622342233468,0.9981872427206465
5sKc,4.0,3.0,1.510631066127875E-4,1.1329732995959063E-4
5sQc,2.0,1.0,7.553155330639375E-5,3.7765776653196875E-5
5sJc,1.0,0.0,3.7765776653196875E-5,0.0
5sTc,1.0,0.0,3.7765776653196875E-5,0.0
5s9c,1.0,0.0,3.7765776653196875E-5,0.0
5s8c,1.0,0.0,3.7765776653196875E-5,0.0
5s7c,1.0,0.0,3.7765776653196875E-5,0.0
5s6c,1.0,0.0,3.7765776653196875E-5,0.0
5s5c,26478.0,26478.0,0.9999622342233468,0.9999622342233468
5s4c,1.0,0.0,3.7765776653196875E-5,0.0
5s3c,1.0,0.0,3.7765776653196875E-5,0.0
5s2c,1.0,0.0,3.7765776653196875E-5,0.0
5sAd,26478.0,26431.0,0.9999622342233468,0.9981872427206465
5sKd,4.0,3.0,1.510631066127875E-4,1.1329732995959063E-4
5sQd,2.0,1.0,7.553155330639375E-5,3.7765776653196875E-5
5sJd,1.0,0.0,3.7765776653196875E-5,0.0
5sTd,1.0,0.0,3.7765776653196875E-5,0.0
5s9d,1.0,0.0,3.7765776653196875E-5,0.0
5s8d,1.0,0.0,3.7765776653196875E-5,0.0
5s7d,1.0,0.0,3.7765776653196875E-5,0.0
5s6d,1.0,0.0,3.7765776653196875E-5,0.0
5s5d,26478.0,26478.0,0.9999622342233468,0.9999622342233468
5s4d,1.0,0.0,3.7765776653196875E-5,0.0
5s3d,1.0,0.0,3.7765776653196875E-5,0.0
5s2d,1.0,0.0,3.7765776653196875E-5,0.0
5sAh,26478.0,26431.0,0.9999622342233468,0.9981872427206465
5sKh,4.0,3.0,1.510631066127875E-4,1.1329732995959063E-4
5sQh,2.0,1.0,7.553155330639375E-5,3.7765776653196875E-5
5sJh,1.0,0.0,3.7765776653196875E-5,0.0
5sTh,1.0,0.0,3.7765776653196875E-5,0.0
5s9h,1.0,0.0,3.7765776653196875E-5,0.0
5s8h,1.0,0.0,3.7765776653196875E-5,0.0
5s7h,1.0,0.0,3.7765776653196875E-5,0.0
5s6h,1.0,0.0,3.7765776653196875E-5,0.0
5s5h,26478.0,26478.0,0.9999622342233468,0.9999622342233468
5s4h,1.0,0.0,3.7765776653196875E-5,0.0
5s3h,1.0,0.0,3.7765776653196875E-5,0.0
5s2h,1.0,0.0,3.7765776653196875E-5,0.0
4s3s,1.0,0.0,3.7765776653196875E-5,0.0
4s2s,1.0,0.0,3.7765776653196875E-5,0.0
4sAc,26478.0,17.0,0.9999622342233468,6.420182031043469E-4
4sKc,3.0,2.0,1.1329732995959063E-4,7.553155330639375E-5
4sQc,1.0,1.0,3.7765776653196875E-5,3.7765776653196875E-5
4sJc,1.0,0.0,3.7765776653196875E-5,0.0
4sTc,1.0,0.0,3.7765776653196875E-5,0.0
4s9c,1.0,0.0,3.7765776653196875E-5,0.0
4s8c,1.0,0.0,3.7765776653196875E-5,0.0
4s7c,1.0,0.0,3.7765776653196875E-5,0.0
4s6c,1.0,0.0,3.7765776653196875E-5,0.0
4s5c,1.0,0.0,3.7765776653196875E-5,0.0
4s4c,26478.0,26478.0,0.9999622342233468,0.9999622342233468
4s3c,1.0,0.0,3.7765776653196875E-5,0.0
4s2c,1.0,0.0,3.7765776653196875E-5,0.0
4sAd,26478.0,17.0,0.9999622342233468,6.420182031043469E-4
4sKd,3.0,2.0,1.1329732995959063E-4,7.553155330639375E-5
4sQd,1.0,1.0,3.7765776653196875E-5,3.7765776653196875E-5
4sJd,1.0,0.0,3.7765776653196875E-5,0.0
4sTd,1.0,0.0,3.7765776653196875E-5,0.0
4s9d,1.0,0.0,3.7765776653196875E-5,0.0
4s8d,1.0,0.0,3.7765776653196875E-5,0.0
4s7d,1.0,0.0,3.7765776653196875E-5,0.0
4s6d,1.0,0.0,3.7765776653196875E-5,0.0
4s5d,1.0,0.0,3.7765776653196875E-5,0.0
4s4d,26478.0,26478.0,0.9999622342233468,0.9999622342233468
4s3d,1.0,0.0,3.7765776653196875E-5,0.0
4s2d,1.0,0.0,3.7765776653196875E-5,0.0
4sAh,26478.0,17.0,0.9999622342233468,6.420182031043469E-4
4sKh,3.0,2.0,1.1329732995959063E-4,7.553155330639375E-5
4sQh,1.0,1.0,3.7765776653196875E-5,3.7765776653196875E-5
4sJh,1.0,0.0,3.7765776653196875E-5,0.0
4sTh,1.0,0.0,3.7765776653196875E-5,0.0
4s9h,1.0,0.0,3.7765776653196875E-5,0.0
4s8h,1.0,0.0,3.7765776653196875E-5,0.0
4s7h,1.0,0.0,3.7765776653196875E-5,0.0
4s6h,1.0,0.0,3.7765776653196875E-5,0.0
4s5h,1.0,0.0,3.7765776653196875E-5,0.0
4s4h,26478.0,26478.0,0.9999622342233468,0.9999622342233468
4s3h,1.0,0.0,3.7765776653196875E-5,0.0
4s2h,1.0,0.0,3.7765776653196875E-5,0.0
3s2s,1.0,0.0,3.7765776653196875E-5,0.0
3sAc,26478.0,13.0,0.9999622342233468,4.909550964915594E-4
3sKc,3.0,2.0,1.1329732995959063E-4,7.553155330639375E-5
3sQc,1.0,1.0,3.7765776653196875E-5,3.7765776653196875E-5
3sJc,1.0,0.0,3.7765776653196875E-5,0.0
3sTc,1.0,0.0,3.7765776653196875E-5,0.0
3s9c,1.0,0.0,3.7765776653196875E-5,0.0
3s8c,1.0,0.0,3.7765776653196875E-5,0.0
3s7c,1.0,0.0,3.7765776653196875E-5,0.0
3s6c,1.0,0.0,3.7765776653196875E-5,0.0
3s5c,1.0,0.0,3.7765776653196875E-5,0.0
3s4c,1.0,0.0,3.7765776653196875E-5,0.0
3s3c,26478.0,26478.0,0.9999622342233468,0.9999622342233468
3s2c,1.0,0.0,3.7765776653196875E-5,0.0
3sAd,26478.0,13.0,0.9999622342233468,4.909550964915594E-4
3sKd,3.0,2.0,1.1329732995959063E-4,7.553155330639375E-5
3sQd,1.0,1.0,3.7765776653196875E-5,3.7765776653196875E-5
3sJd,1.0,0.0,3.7765776653196875E-5,0.0
3sTd,1.0,0.0,3.7765776653196875E-5,0.0
3s9d,1.0,0.0,3.7765776653196875E-5,0.0
3s8d,1.0,0.0,3.7765776653196875E-5,0.0
3s7d,1.0,0.0,3.7765776653196875E-5,0.0
3s6d,1.0,0.0,3.7765776653196875E-5,0.0
3s5d,1.0,0.0,3.7765776653196875E-5,0.0
3s4d,1.0,0.0,3.7765776653196875E-5,0.0
3s3d,26478.0,26478.0,0.9999622342233468,0.9999622342233468
3s2d,1.0,0.0,3.7765776653196875E-5,0.0
3sAh,26478.0,13.0,0.9999622342233468,4.909550964915594E-4
3sKh,3.0,2.0,1.1329732995959063E-4,7.553155330639375E-5
3sQh,1.0,1.0,3.7765776653196875E-5,3.7765776653196875E-5
3sJh,1.0,0.0,3.7765776653196875E-5,0.0
3sTh,1.0,0.0,3.7765776653196875E-5,0.0
3s9h,1.0,0.0,3.7765776653196875E-5,0.0
3s8h,1.0,0.0,3.7765776653196875E-5,0.0
3s7h,1.0,0.0,3.7765776653196875E-5,0.0
3s6h,1.0,0.0,3.7765776653196875E-5,0.0
3s5h,1.0,0.0,3.7765776653196875E-5,0.0
3s4h,1.0,0.0,3.7765776653196875E-5,0.0
3s3h,26478.0,26478.0,0.9999622342233468,0.9999622342233468
3s2h,1.0,0.0,3.7765776653196875E-5,0.0
2sAc,26478.0,10.0,0.9999622342233468,3.7765776653196875E-4
2sKc,3.0,1.0,1.1329732995959063E-4,3.7765776653196875E-5
2sQc,1.0,0.0,3.7765776653196875E-5,0.0
2sJc,1.0,0.0,3.7765776653196875E-5,0.0
2sTc,1.0,0.0,3.7765776653196875E-5,0.0
2s9c,1.0,0.0,3.7765776653196875E-5,0.0
2s8c,1.0,0.0,3.7765776653196875E-5,0.0
2s7c,1.0,0.0,3.7765776653196875E-5,0.0
2s6c,1.0,0.0,3.7765776653196875E-5,0.0
2s5c,1.0,0.0,3.7765776653196875E-5,0.0
2s4c,1.0,0.0,3.7765776653196875E-5,0.0
2s3c,1.0,0.0,3.7765776653196875E-5,0.0
2s2c,26478.0,8.0,0.9999622342233468,3.02126213225575E-4
2sAd,26478.0,10.0,0.9999622342233468,3.7765776653196875E-4
2sKd,3.0,1.0,1.1329732995959063E-4,3.7765776653196875E-5
2sQd,1.0,0.0,3.7765776653196875E-5,0.0
2sJd,1.0,0.0,3.7765776653196875E-5,0.0
2sTd,1.0,0.0,3.7765776653196875E-5,0.0
2s9d,1.0,0.0,3.7765776653196875E-5,0.0
2s8d,1.0,0.0,3.7765776653196875E-5,0.0
2s7d,1.0,0.0,3.7765776653196875E-5,0.0
2s6d,1.0,0.0,3.7765776653196875E-5,0.0
2s5d,1.0,0.0,3.7765776653196875E-5,0.0
2s4d,1.0,0.0,3.7765776653196875E-5,0.0
2s3d,1.0,0.0,3.7765776653196875E-5,0.0
2s2d,26478.0,8.0,0.9999622342233468,3.02126213225575E-4
2sAh,26478.0,10.0,0.9999622342233468,3.7765776653196875E-4
2sKh,3.0,1.0,1.1329732995959063E-4,3.7765776653196875E-5
2sQh,1.0,0.0,3.7765776653196875E-5,0.0
2sJh,1.0,0.0,3.7765776653196875E-5,0.0
2sTh,1.0,0.0,3.7765776653196875E-5,0.0
2s9h,1.0,0.0,3.7765776653196875E-5,0.0
2s8h,1.0,0.0,3.7765776653196875E-5,0.0
2s7h,1.0,0.0,3.7765776653196875E-5,0.0
2s6h,1.0,0.0,3.7765776653196875E-5,0.0
2s5h,1.0,0.0,3.7765776653196875E-5,0.0
2s4h,1.0,0.0,3.7765776653196875E-5,0.0
2s3h,1.0,0.0,3.7765776653196875E-5,0.0
2s2h,26478.0,8.0,0.9999622342233468,3.02126213225575E-4
AcKc,26478.0,26478.0,0.9999622342233468,0.9999622342233468
AcQc,26478.0,26478.0,0.9999622342233468,0.9999622342233468
AcJc,26478.0,26478.0,0.9999622342233468,0.9999622342233468
AcTc,26478.0,26478.0,0.9999622342233468,0.9999622342233468
Ac9c,26478.0,26478.0,0.9999622342233468,0.9999622342233468
Ac8c,26478.0,26478.0,0.9999622342233468,0.9999622342233468
Ac7c,26478.0,26478.0,0.9999622342233468,0.9999622342233468
Ac6c,26478.0,26478.0,0.9999622342233468,0.9999622342233468
Ac5c,26478.0,26478.0,0.9999622342233468,0.9999622342233468
Ac4c,26478.0,26478.0,0.9999622342233468,0.9999622342233468
Ac3c,26478.0,26478.0,0.9999622342233468,0.9999622342233468
Ac2c,26478.0,26478.0,0.9999622342233468,0.9999622342233468
AcAd,26478.0,26478.0,0.9999622342233468,0.9999622342233468
AcKd,26478.0,26478.0,0.9999622342233468,0.9999622342233468
AcQd,26478.0,26478.0,0.9999622342233468,0.9999622342233468
AcJd,26478.0,26478.0,0.9999622342233468,0.9999622342233468
AcTd,26478.0,26478.0,0.9999622342233468,0.9999622342233468
Ac9d,26478.0,26478.0,0.9999622342233468,0.9999622342233468
Ac8d,26478.0,26478.0,0.9999622342233468,0.9999622342233468
Ac7d,26478.0,26478.0,0.9999622342233468,0.9999622342233468
Ac6d,26478.0,26470.0,0.9999622342233468,0.9996601080101212
Ac5d,26478.0,26431.0,0.9999622342233468,0.9981872427206465
Ac4d,26478.0,17.0,0.9999622342233468,6.420182031043469E-4
Ac3d,26478.0,13.0,0.9999622342233468,4.909550964915594E-4
Ac2d,26478.0,10.0,0.9999622342233468,3.7765776653196875E-4
AcAh,26478.0,26478.0,0.9999622342233468,0.9999622342233468
AcKh,26478.0,26478.0,0.9999622342233468,0.9999622342233468
AcQh,26478.0,26478.0,0.9999622342233468,0.9999622342233468
AcJh,26478.0,26478.0,0.9999622342233468,0.9999622342233468
AcTh,26478.0,26478.0,0.9999622342233468,0.9999622342233468
Ac9h,26478.0,26478.0,0.9999622342233468,0.9999622342233468
Ac8h,26478.0,26478.0,0.9999622342233468,0.9999622342233468
Ac7h,26478.0,26478.0,0.9999622342233468,0.9999622342233468
Ac6h,26478.0,26470.0,0.9999622342233468,0.9996601080101212
Ac5h,26478.0,26431.0,0.9999622342233468,0.9981872427206465
Ac4h,26478.0,17.0,0.9999622342233468,6.420182031043469E-4
Ac3h,26478.0,13.0,0.9999622342233468,4.909550964915594E-4
Ac2h,26478.0,10.0,0.9999622342233468,3.7765776653196875E-4
KcQc,26478.0,26478.0,0.9999622342233468,0.9999622342233468
KcJc,26478.0,26478.0,0.9999622342233468,0.9999622342233468
KcTc,26478.0,26478.0,0.9999622342233468,0.9999622342233468
Kc9c,26478.0,26440.0,0.9999622342233468,0.9985271347105253
Kc8c,26478.0,11.0,0.9999622342233468,4.154235431851656E-4
Kc7c,26478.0,8.0,0.9999622342233468,3.02126213225575E-4
Kc6c,26478.0,7.0,0.9999622342233468,2.643604365723781E-4
Kc5c,26478.0,5.0,0.9999622342233468,1.8882888326598438E-4
Kc4c,26478.0,4.0,0.9999622342233468,1.510631066127875E-4
Kc3c,391.0,4.0,0.014766418671399977,1.510631066127875E-4
Kc2c,6.0,3.0,2.2659465991918125E-4,1.1329732995959063E-4
KcAd,26478.0,26478.0,0.9999622342233468,0.9999622342233468
KcKd,26478.0,26478.0,0.9999622342233468,0.9999622342233468
KcQd,26478.0,26478.0,0.9999622342233468,0.9999622342233468
KcJd,26478.0,26478.0,0.9999622342233468,0.9999622342233468
KcTd,26478.0,26465.0,0.9999622342233468,0.9994712791268553
Kc9d,26478.0,10.0,0.9999622342233468,3.7765776653196875E-4
Kc8d,14.0,6.0,5.287208731447563E-4,2.2659465991918125E-4
Kc7d,8.0,4.0,3.02126213225575E-4,1.510631066127875E-4
Kc6d,6.0,3.0,2.2659465991918125E-4,1.1329732995959063E-4
Kc5d,4.0,3.0,1.510631066127875E-4,1.1329732995959063E-4
Kc4d,3.0,2.0,1.1329732995959063E-4,7.553155330639375E-5
Kc3d,3.0,2.0,1.1329732995959063E-4,7.553155330639375E-5
Kc2d,3.0,1.0,1.1329732995959063E-4,3.7765776653196875E-5
KcAh,26478.0,26478.0,0.9999622342233468,0.9999622342233468
KcKh,26478.0,26478.0,0.9999622342233468,0.9999622342233468
KcQh,26478.0,26478.0,0.9999622342233468,0.9999622342233468
KcJh,26478.0,26478.0,0.9999622342233468,0.9999622342233468
KcTh,26478.0,26465.0,0.9999622342233468,0.9994712791268553
Kc9h,26478.0,10.0,0.9999622342233468,3.7765776653196875E-4
Kc8h,14.0,6.0,5.287208731447563E-4,2.2659465991918125E-4
Kc7h,8.0,4.0,3.02126213225575E-4,1.510631066127875E-4
Kc6h,6.0,3.0,2.2659465991918125E-4,1.1329732995959063E-4
Kc5h,4.0,3.0,1.510631066127875E-4,1.1329732995959063E-4
Kc4h,3.0,2.0,1.1329732995959063E-4,7.553155330639375E-5
Kc3h,3.0,2.0,1.1329732995959063E-4,7.553155330639375E-5
Kc2h,3.0,1.0,1.1329732995959063E-4,3.7765776653196875E-5
QcJc,26478.0,26478.0,0.9999622342233468,0.9999622342233468
QcTc,26478.0,26407.0,0.9999622342233468,0.9972808640809698
Qc9c,26478.0,7.0,0.9999622342233468,2.643604365723781E-4
Qc8c,26478.0,4.0,0.9999622342233468,1.510631066127875E-4
Qc7c,26451.0,3.0,0.9989425582537105,1.1329732995959063E-4
Qc6c,26446.0,2.0,0.9987537293704445,7.553155330639375E-5
Qc5c,24262.0,2.0,0.9162732731598625,7.553155330639375E-5
Qc4c,2.0,2.0,7.553155330639375E-5,7.553155330639375E-5
Qc3c,2.0,1.0,7.553155330639375E-5,3.7765776653196875E-5
Qc2c,2.0,1.0,7.553155330639375E-5,3.7765776653196875E-5
QcAd,26478.0,26478.0,0.9999622342233468,0.9999622342233468
QcKd,26478.0,26478.0,0.9999622342233468,0.9999622342233468
QcQd,26478.0,26478.0,0.9999622342233468,0.9999622342233468
QcJd,26478.0,125.0,0.9999622342233468,0.004720722081649609
QcTd,26478.0,6.0,0.9999622342233468,2.2659465991918125E-4
Qc9d,26449.0,4.0,0.9988670267004041,1.510631066127875E-4
Qc8d,3.0,2.0,1.1329732995959063E-4,7.553155330639375E-5
Qc7d,2.0,2.0,7.553155330639375E-5,7.553155330639375E-5
Qc6d,2.0,1.0,7.553155330639375E-5,3.7765776653196875E-5
Qc5d,2.0,1.0,7.553155330639375E-5,3.7765776653196875E-5
Qc4d,1.0,1.0,3.7765776653196875E-5,3.7765776653196875E-5
Qc3d,1.0,1.0,3.7765776653196875E-5,3.7765776653196875E-5
Qc2d,1.0,0.0,3.7765776653196875E-5,0.0
QcAh,26478.0,26478.0,0.9999622342233468,0.9999622342233468
QcKh,26478.0,26478.0,0.9999622342233468,0.9999622342233468
QcQh,26478.0,26478.0,0.9999622342233468,0.9999622342233468
QcJh,26478.0,125.0,0.9999622342233468,0.004720722081649609
QcTh,26478.0,6.0,0.9999622342233468,2.2659465991918125E-4
Qc9h,26449.0,4.0,0.9988670267004041,1.510631066127875E-4
Qc8h,3.0,2.0,1.1329732995959063E-4,7.553155330639375E-5
Qc7h,2.0,2.0,7.553155330639375E-5,7.553155330639375E-5
Qc6h,2.0,1.0,7.553155330639375E-5,3.7765776653196875E-5
Qc5h,2.0,1.0,7.553155330639375E-5,3.7765776653196875E-5
Qc4h,1.0,1.0,3.7765776653196875E-5,3.7765776653196875E-5
Qc3h,1.0,1.0,3.7765776653196875E-5,3.7765776653196875E-5
Qc2h,1.0,0.0,3.7765776653196875E-5,0.0
JcTc,26478.0,8.0,0.9999622342233468,3.02126213225575E-4
Jc9c,26478.0,4.0,0.9999622342233468,1.510631066127875E-4
Jc8c,26468.0,3.0,0.9995845764568149,1.1329732995959063E-4
Jc7c,26448.0,2.0,0.9988292609237509,7.553155330639375E-5
Jc6c,2.0,1.0,7.553155330639375E-5,3.7765776653196875E-5
Jc5c,2.0,1.0,7.553155330639375E-5,3.7765776653196875E-5
Jc4c,1.0,1.0,3.7765776653196875E-5,3.7765776653196875E-5
Jc3c,1.0,1.0,3.7765776653196875E-5,3.7765776653196875E-5
Jc2c,1.0,0.0,3.7765776653196875E-5,0.0
JcAd,26478.0,26478.0,0.9999622342233468,0.9999622342233468
JcKd,26478.0,26478.0,0.9999622342233468,0.9999622342233468
JcQd,26478.0,125.0,0.9999622342233468,0.004720722081649609
JcJd,26478.0,26478.0,0.9999622342233468,0.9999622342233468
JcTd,26478.0,4.0,0.9999622342233468,1.510631066127875E-4
Jc9d,26444.0,2.0,0.9986781978171381,7.553155330639375E-5
Jc8d,2.0,1.0,7.553155330639375E-5,3.7765776653196875E-5
Jc7d,1.0,1.0,3.7765776653196875E-5,3.7765776653196875E-5
Jc6d,1.0,1.0,3.7765776653196875E-5,3.7765776653196875E-5
Jc5d,1.0,0.0,3.7765776653196875E-5,0.0
Jc4d,1.0,0.0,3.7765776653196875E-5,0.0
Jc3d,1.0,0.0,3.7765776653196875E-5,0.0
Jc2d,1.0,0.0,3.7765776653196875E-5,0.0
JcAh,26478.0,26478.0,0.9999622342233468,0.9999622342233468
JcKh,26478.0,26478.0,0.9999622342233468,0.9999622342233468
JcQh,26478.0,125.0,0.9999622342233468,0.004720722081649609
JcJh,26478.0,26478.0,0.9999622342233468,0.9999622342233468
JcTh,26478.0,4.0,0.9999622342233468,1.510631066127875E-4
Jc9h,26444.0,2.0,0.9986781978171381,7.553155330639375E-5
Jc8h,2.0,1.0,7.553155330639375E-5,3.7765776653196875E-5
Jc7h,1.0,1.0,3.7765776653196875E-5,3.7765776653196875E-5
Jc6h,1.0,1.0,3.7765776653196875E-5,3.7765776653196875E-5
Jc5h,1.0,0.0,3.7765776653196875E-5,0.0
Jc4h,1.0,0.0,3.7765776653196875E-5,0.0
Jc3h,1.0,0.0,3.7765776653196875E-5,0.0
Jc2h,1.0,0.0,3.7765776653196875E-5,0.0
Tc9c,26478.0,3.0,0.9999622342233468,1.1329732995959063E-4
Tc8c,26469.0,2.0,0.999622342233468,7.553155330639375E-5
Tc7c,26453.0,1.0,0.9990180898070169,3.7765776653196875E-5
Tc6c,26424.0,1.0,0.9979228822840742,3.7765776653196875E-5
Tc5c,1.0,0.0,3.7765776653196875E-5,0.0
Tc4c,1.0,0.0,3.7765776653196875E-5,0.0
Tc3c,1.0,0.0,3.7765776653196875E-5,0.0
Tc2c,1.0,0.0,3.7765776653196875E-5,0.0
TcAd,26478.0,26478.0,0.9999622342233468,0.9999622342233468
TcKd,26478.0,26465.0,0.9999622342233468,0.9994712791268553
TcQd,26478.0,6.0,0.9999622342233468,2.2659465991918125E-4
TcJd,26478.0,4.0,0.9999622342233468,1.510631066127875E-4
TcTd,26478.0,26478.0,0.9999622342233468,0.9999622342233468
Tc9d,26448.0,2.0,0.9988292609237509,7.553155330639375E-5
Tc8d,1.0,1.0,3.7765776653196875E-5,3.7765776653196875E-5
Tc7d,1.0,1.0,3.7765776653196875E-5,3.7765776653196875E-5
Tc6d,1.0,0.0,3.7765776653196875E-5,0.0
Tc5d,1.0,0.0,3.7765776653196875E-5,0.0
Tc4d,1.0,0.0,3.7765776653196875E-5,0.0
Tc3d,1.0,0.0,3.7765776653196875E-5,0.0
Tc2d,1.0,0.0,3.7765776653196875E-5,0.0
TcAh,26478.0,26478.0,0.9999622342233468,0.9999622342233468
TcKh,26478.0,26465.0,0.9999622342233468,0.9994712791268553
TcQh,26478.0,6.0,0.9999622342233468,2.2659465991918125E-4
TcJh,26478.0,4.0,0.9999622342233468,1.510631066127875E-4
TcTh,26478.0,26478.0,0.9999622342233468,0.9999622342233468
Tc9h,26448.0,2.0,0.9988292609237509,7.553155330639375E-5
Tc8h,1.0,1.0,3.7765776653196875E-5,3.7765776653196875E-5
Tc7h,1.0,1.0,3.7765776653196875E-5,3.7765776653196875E-5
Tc6h,1.0,0.0,3.7765776653196875E-5,0.0
Tc5h,1.0,0.0,3.7765776653196875E-5,0.0
Tc4h,1.0,0.0,3.7765776653196875E-5,0.0
Tc3h,1.0,0.0,3.7765776653196875E-5,0.0
Tc2h,1.0,0.0,3.7765776653196875E-5,0.0
9c8c,26468.0,2.0,0.9995845764568149,7.553155330639375E-5
9c7c,26458.0,1.0,0.9992069186902829,3.7765776653196875E-5
9c6c,26439.0,0.0,0.9984893689338721,0.0
9c5c,1.0,0.0,3.7765776653196875E-5,0.0
9c4c,1.0,0.0,3.7765776653196875E-5,0.0
9c3c,1.0,0.0,3.7765776653196875E-5,0.0
9c2c,1.0,0.0,3.7765776653196875E-5,0.0
9cAd,26478.0,26478.0,0.9999622342233468,0.9999622342233468
9cKd,26478.0,10.0,0.9999622342233468,3.7765776653196875E-4
9cQd,26449.0,4.0,0.9988670267004041,1.510631066127875E-4
9cJd,26444.0,2.0,0.9986781978171381,7.553155330639375E-5
9cTd,26448.0,2.0,0.9988292609237509,7.553155330639375E-5
9c9d,26478.0,26478.0,0.9999622342233468,0.9999622342233468
9c8d,26417.0,1.0,0.9976585218475018,3.7765776653196875E-5
9c7d,1.0,0.0,3.7765776653196875E-5,0.0
9c6d,1.0,0.0,3.7765776653196875E-5,0.0
9c5d,1.0,0.0,3.7765776653196875E-5,0.0
9c4d,1.0,0.0,3.7765776653196875E-5,0.0
9c3d,1.0,0.0,3.7765776653196875E-5,0.0
9c2d,1.0,0.0,3.7765776653196875E-5,0.0
9cAh,26478.0,26478.0,0.9999622342233468,0.9999622342233468
9cKh,26478.0,10.0,0.9999622342233468,3.7765776653196875E-4
9cQh,26449.0,4.0,0.9988670267004041,1.510631066127875E-4
9cJh,26444.0,2.0,0.9986781978171381,7.553155330639375E-5
9cTh,26448.0,2.0,0.9988292609237509,7.553155330639375E-5
9c9h,26478.0,26478.0,0.9999622342233468,0.9999622342233468
9c8h,26417.0,1.0,0.9976585218475018,3.7765776653196875E-5
9c7h,1.0,0.0,3.7765776653196875E-5,0.0
9c6h,1.0,0.0,3.7765776653196875E-5,0.0
9c5h,1.0,0.0,3.7765776653196875E-5,0.0
9c4h,1.0,0.0,3.7765776653196875E-5,0.0
9c3h,1.0,0.0,3.7765776653196875E-5,0.0
9c2h,1.0,0.0,3.7765776653196875E-5,0.0
8c7c,26464.0,1.0,0.999433513350202,3.7765776653196875E-5
8c6c,26448.0,0.0,0.9988292609237509,0.0
8c5c,1.0,0.0,3.7765776653196875E-5,0.0
8c4c,1.0,0.0,3.7765776653196875E-5,0.0
8c3c,1.0,0.0,3.7765776653196875E-5,0.0
8c2c,1.0,0.0,3.7765776653196875E-5,0.0
8cAd,26478.0,26478.0,0.9999622342233468,0.9999622342233468
8cKd,14.0,6.0,5.287208731447563E-4,2.2659465991918125E-4
8cQd,3.0,2.0,1.1329732995959063E-4,7.553155330639375E-5
8cJd,2.0,1.0,7.553155330639375E-5,3.7765776653196875E-5
8cTd,1.0,1.0,3.7765776653196875E-5,3.7765776653196875E-5
8c9d,26417.0,1.0,0.9976585218475018,3.7765776653196875E-5
8c8d,26478.0,26478.0,0.9999622342233468,0.9999622342233468
8c7d,1.0,0.0,3.7765776653196875E-5,0.0
8c6d,1.0,0.0,3.7765776653196875E-5,0.0
8c5d,1.0,0.0,3.7765776653196875E-5,0.0
8c4d,1.0,0.0,3.7765776653196875E-5,0.0
8c3d,1.0,0.0,3.7765776653196875E-5,0.0
8c2d,1.0,0.0,3.7765776653196875E-5,0.0
8cAh,26478.0,26478.0,0.9999622342233468,0.9999622342233468
8cKh,14.0,6.0,5.287208731447563E-4,2.2659465991918125E-4
8cQh,3.0,2.0,1.1329732995959063E-4,7.553155330639375E-5
8cJh,2.0,1.0,7.553155330639375E-5,3.7765776653196875E-5
8cTh,1.0,1.0,3.7765776653196875E-5,3.7765776653196875E-5
8c9h,26417.0,1.0,0.9976585218475018,3.7765776653196875E-5
8c8h,26478.0,26478.0,0.9999622342233468,0.9999622342233468
8c7h,1.0,0.0,3.7765776653196875E-5,0.0
8c6h,1.0,0.0,3.7765776653196875E-5,0.0
8c5h,1.0,0.0,3.7765776653196875E-5,0.0
8c4h,1.0,0.0,3.7765776653196875E-5,0.0
8c3h,1.0,0.0,3.7765776653196875E-5,0.0
8c2h,1.0,0.0,3.7765776653196875E-5,0.0
7c6c,26457.0,0.0,0.9991691529136296,0.0
7c5c,26429.0,0.0,0.9981117111673402,0.0
7c4c,1.0,0.0,3.7765776653196875E-5,0.0
7c3c,1.0,0.0,3.7765776653196875E-5,0.0
7c2c,1.0,0.0,3.7765776653196875E-5,0.0
7cAd,26478.0,26478.0,0.9999622342233468,0.9999622342233468
7cKd,8.0,4.0,3.02126213225575E-4,1.510631066127875E-4
7cQd,2.0,2.0,7.553155330639375E-5,7.553155330639375E-5
7cJd,1.0,1.0,3.7765776653196875E-5,3.7765776653196875E-5
7cTd,1.0,1.0,3.7765776653196875E-5,3.7765776653196875E-5
7c9d,1.0,0.0,3.7765776653196875E-5,0.0
7c8d,1.0,0.0,3.7765776653196875E-5,0.0
7c7d,26478.0,26478.0,0.9999622342233468,0.9999622342233468
7c6d,1.0,0.0,3.7765776653196875E-5,0.0
7c5d,1.0,0.0,3.7765776653196875E-5,0.0
7c4d,1.0,0.0,3.7765776653196875E-5,0.0
7c3d,1.0,0.0,3.7765776653196875E-5,0.0
7c2d,1.0,0.0,3.7765776653196875E-5,0.0
7cAh,26478.0,26478.0,0.9999622342233468,0.9999622342233468
7cKh,8.0,4.0,3.02126213225575E-4,1.510631066127875E-4
7cQh,2.0,2.0,7.553155330639375E-5,7.553155330639375E-5
7cJh,1.0,1.0,3.7765776653196875E-5,3.7765776653196875E-5
7cTh,1.0,1.0,3.7765776653196875E-5,3.7765776653196875E-5
7c9h,1.0,0.0,3.7765776653196875E-5,0.0
7c8h,1.0,0.0,3.7765776653196875E-5,0.0
7c7h,26478.0,26478.0,0.9999622342233468,0.9999622342233468
7c6h,1.0,0.0,3.7765776653196875E-5,0.0
7c5h,1.0,0.0,3.7765776653196875E-5,0.0
7c4h,1.0,0.0,3.7765776653196875E-5,0.0
7c3h,1.0,0.0,3.7765776653196875E-5,0.0
7c2h,1.0,0.0,3.7765776653196875E-5,0.0
6c5c,26443.0,0.0,0.9986404320404849,0.0
6c4c,1.0,0.0,3.7765776653196875E-5,0.0
6c3c,1.0,0.0,3.7765776653196875E-5,0.0
6c2c,1.0,0.0,3.7765776653196875E-5,0.0
6cAd,26478.0,26470.0,0.9999622342233468,0.9996601080101212
6cKd,6.0,3.0,2.2659465991918125E-4,1.1329732995959063E-4
6cQd,2.0,1.0,7.553155330639375E-5,3.7765776653196875E-5
6cJd,1.0,1.0,3.7765776653196875E-5,3.7765776653196875E-5
6cTd,1.0,0.0,3.7765776653196875E-5,0.0
6c9d,1.0,0.0,3.7765776653196875E-5,0.0
6c8d,1.0,0.0,3.7765776653196875E-5,0.0
6c7d,1.0,0.0,3.7765776653196875E-5,0.0
6c6d,26478.0,26478.0,0.9999622342233468,0.9999622342233468
6c5d,1.0,0.0,3.7765776653196875E-5,0.0
6c4d,1.0,0.0,3.7765776653196875E-5,0.0
6c3d,1.0,0.0,3.7765776653196875E-5,0.0
6c2d,1.0,0.0,3.7765776653196875E-5,0.0
6cAh,26478.0,26470.0,0.9999622342233468,0.9996601080101212
6cKh,6.0,3.0,2.2659465991918125E-4,1.1329732995959063E-4
6cQh,2.0,1.0,7.553155330639375E-5,3.7765776653196875E-5
6cJh,1.0,1.0,3.7765776653196875E-5,3.7765776653196875E-5
6cTh,1.0,0.0,3.7765776653196875E-5,0.0
6c9h,1.0,0.0,3.7765776653196875E-5,0.0
6c8h,1.0,0.0,3.7765776653196875E-5,0.0
6c7h,1.0,0.0,3.7765776653196875E-5,0.0
6c6h,26478.0,26478.0,0.9999622342233468,0.9999622342233468
6c5h,1.0,0.0,3.7765776653196875E-5,0.0
6c4h,1.0,0.0,3.7765776653196875E-5,0.0
6c3h,1.0,0.0,3.7765776653196875E-5,0.0
6c2h,1.0,0.0,3.7765776653196875E-5,0.0
5c4c,26423.0,0.0,0.997885116507421,0.0
5c3c,1.0,0.0,3.7765776653196875E-5,0.0
5c2c,1.0,0.0,3.7765776653196875E-5,0.0
5cAd,26478.0,26431.0,0.9999622342233468,0.9981872427206465
5cKd,4.0,3.0,1.510631066127875E-4,1.1329732995959063E-4
5cQd,2.0,1.0,7.553155330639375E-5,3.7765776653196875E-5
5cJd,1.0,0.0,3.7765776653196875E-5,0.0
5cTd,1.0,0.0,3.7765776653196875E-5,0.0
5c9d,1.0,0.0,3.7765776653196875E-5,0.0
5c8d,1.0,0.0,3.7765776653196875E-5,0.0
5c7d,1.0,0.0,3.7765776653196875E-5,0.0
5c6d,1.0,0.0,3.7765776653196875E-5,0.0
5c5d,26478.0,26478.0,0.9999622342233468,0.9999622342233468
5c4d,1.0,0.0,3.7765776653196875E-5,0.0
5c3d,1.0,0.0,3.7765776653196875E-5,0.0
5c2d,1.0,0.0,3.7765776653196875E-5,0.0
5cAh,26478.0,26431.0,0.9999622342233468,0.9981872427206465
5cKh,4.0,3.0,1.510631066127875E-4,1.1329732995959063E-4
5cQh,2.0,1.0,7.553155330639375E-5,3.7765776653196875E-5
5cJh,1.0,0.0,3.7765776653196875E-5,0.0
5cTh,1.0,0.0,3.7765776653196875E-5,0.0
5c9h,1.0,0.0,3.7765776653196875E-5,0.0
5c8h,1.0,0.0,3.7765776653196875E-5,0.0
5c7h,1.0,0.0,3.7765776653196875E-5,0.0
5c6h,1.0,0.0,3.7765776653196875E-5,0.0
5c5h,26478.0,26478.0,0.9999622342233468,0.9999622342233468
5c4h,1.0,0.0,3.7765776653196875E-5,0.0
5c3h,1.0,0.0,3.7765776653196875E-5,0.0
5c2h,1.0,0.0,3.7765776653196875E-5,0.0
4c3c,1.0,0.0,3.7765776653196875E-5,0.0
4c2c,1.0,0.0,3.7765776653196875E-5,0.0
4cAd,26478.0,17.0,0.9999622342233468,6.420182031043469E-4
4cKd,3.0,2.0,1.1329732995959063E-4,7.553155330639375E-5
4cQd,1.0,1.0,3.7765776653196875E-5,3.7765776653196875E-5
4cJd,1.0,0.0,3.7765776653196875E-5,0.0
4cTd,1.0,0.0,3.7765776653196875E-5,0.0
4c9d,1.0,0.0,3.7765776653196875E-5,0.0
4c8d,1.0,0.0,3.7765776653196875E-5,0.0
4c7d,1.0,0.0,3.7765776653196875E-5,0.0
4c6d,1.0,0.0,3.7765776653196875E-5,0.0
4c5d,1.0,0.0,3.7765776653196875E-5,0.0
4c4d,26478.0,26478.0,0.9999622342233468,0.9999622342233468
4c3d,1.0,0.0,3.7765776653196875E-5,0.0
4c2d,1.0,0.0,3.7765776653196875E-5,0.0
4cAh,26478.0,17.0,0.9999622342233468,6.420182031043469E-4
4cKh,3.0,2.0,1.1329732995959063E-4,7.553155330639375E-5
4cQh,1.0,1.0,3.7765776653196875E-5,3.7765776653196875E-5
4cJh,1.0,0.0,3.7765776653196875E-5,0.0
4cTh,1.0,0.0,3.7765776653196875E-5,0.0
4c9h,1.0,0.0,3.7765776653196875E-5,0.0
4c8h,1.0,0.0,3.7765776653196875E-5,0.0
4c7h,1.0,0.0,3.7765776653196875E-5,0.0
4c6h,1.0,0.0,3.7765776653196875E-5,0.0
4c5h,1.0,0.0,3.7765776653196875E-5,0.0
4c4h,26478.0,26478.0,0.9999622342233468,0.9999622342233468
4c3h,1.0,0.0,3.7765776653196875E-5,0.0
4c2h,1.0,0.0,3.7765776653196875E-5,0.0
3c2c,1.0,0.0,3.7765776653196875E-5,0.0
3cAd,26478.0,13.0,0.9999622342233468,4.909550964915594E-4
3cKd,3.0,2.0,1.1329732995959063E-4,7.553155330639375E-5
3cQd,1.0,1.0,3.7765776653196875E-5,3.7765776653196875E-5
3cJd,1.0,0.0,3.7765776653196875E-5,0.0
3cTd,1.0,0.0,3.7765776653196875E-5,0.0
3c9d,1.0,0.0,3.7765776653196875E-5,0.0
3c8d,1.0,0.0,3.7765776653196875E-5,0.0
3c7d,1.0,0.0,3.7765776653196875E-5,0.0
3c6d,1.0,0.0,3.7765776653196875E-5,0.0
3c5d,1.0,0.0,3.7765776653196875E-5,0.0
3c4d,1.0,0.0,3.7765776653196875E-5,0.0
3c3d,26478.0,26478.0,0.9999622342233468,0.9999622342233468
3c2d,1.0,0.0,3.7765776653196875E-5,0.0
3cAh,26478.0,13.0,0.9999622342233468,4.909550964915594E-4
3cKh,3.0,2.0,1.1329732995959063E-4,7.553155330639375E-5
3cQh,1.0,1.0,3.7765776653196875E-5,3.7765776653196875E-5
3cJh,1.0,0.0,3.7765776653196875E-5,0.0
3cTh,1.0,0.0,3.7765776653196875E-5,0.0
3c9h,1.0,0.0,3.7765776653196875E-5,0.0
3c8h,1.0,0.0,3.7765776653196875E-5,0.0
3c7h,1.0,0.0,3.7765776653196875E-5,0.0
3c6h,1.0,0.0,3.7765776653196875E-5,0.0
3c5h,1.0,0.0,3.7765776653196875E-5,0.0
3c4h,1.0,0.0,3.7765776653196875E-5,0.0
3c3h,26478.0,26478.0,0.9999622342233468,0.9999622342233468
3c2h,1.0,0.0,3.7765776653196875E-5,0.0
2cAd,26478.0,10.0,0.9999622342233468,3.7765776653196875E-4
2cKd,3.0,1.0,1.1329732995959063E-4,3.7765776653196875E-5
2cQd,1.0,0.0,3.7765776653196875E-5,0.0
2cJd,1.0,0.0,3.7765776653196875E-5,0.0
2cTd,1.0,0.0,3.7765776653196875E-5,0.0
2c9d,1.0,0.0,3.7765776653196875E-5,0.0
2c8d,1.0,0.0,3.7765776653196875E-5,0.0
2c7d,1.0,0.0,3.7765776653196875E-5,0.0
2c6d,1.0,0.0,3.7765776653196875E-5,0.0
2c5d,1.0,0.0,3.7765776653196875E-5,0.0
2c4d,1.0,0.0,3.7765776653196875E-5,0.0
2c3d,1.0,0.0,3.7765776653196875E-5,0.0
2c2d,26478.0,8.0,0.9999622342233468,3.02126213225575E-4
2cAh,26478.0,10.0,0.9999622342233468,3.7765776653196875E-4
2cKh,3.0,1.0,1.1329732995959063E-4,3.7765776653196875E-5
2cQh,1.0,0.0,3.7765776653196875E-5,0.0
2cJh,1.0,0.0,3.7765776653196875E-5,0.0
2cTh,1.0,0.0,3.7765776653196875E-5,0.0
2c9h,1.0,0.0,3.7765776653196875E-5,0.0
2c8h,1.0,0.0,3.7765776653196875E-5,0.0
2c7h,1.0,0.0,3.7765776653196875E-5,0.0
2c6h,1.0,0.0,3.7765776653196875E-5,0.0
2c5h,1.0,0.0,3.7765776653196875E-5,0.0
2c4h,1.0,0.0,3.7765776653196875E-5,0.0
2c3h,1.0,0.0,3.7765776653196875E-5,0.0
2c2h,26478.0,8.0,0.9999622342233468,3.02126213225575E-4
AdKd,26478.0,26478.0,0.9999622342233468,0.9999622342233468
AdQd,26478.0,26478.0,0.9999622342233468,0.9999622342233468
AdJd,26478.0,26478.0,0.9999622342233468,0.9999622342233468
AdTd,26478.0,26478.0,0.9999622342233468,0.9999622342233468
Ad9d,26478.0,26478.0,0.9999622342233468,0.9999622342233468
Ad8d,26478.0,26478.0,0.9999622342233468,0.9999622342233468
Ad7d,26478.0,26478.0,0.9999622342233468,0.9999622342233468
Ad6d,26478.0,26478.0,0.9999622342233468,0.9999622342233468
Ad5d,26478.0,26478.0,0.9999622342233468,0.9999622342233468
Ad4d,26478.0,26478.0,0.9999622342233468,0.9999622342233468
Ad3d,26478.0,26478.0,0.9999622342233468,0.9999622342233468
Ad2d,26478.0,26478.0,0.9999622342233468,0.9999622342233468
AdAh,26478.0,26478.0,0.9999622342233468,0.9999622342233468
AdKh,26478.0,26478.0,0.9999622342233468,0.9999622342233468
AdQh,26478.0,26478.0,0.9999622342233468,0.9999622342233468
AdJh,26478.0,26478.0,0.9999622342233468,0.9999622342233468
AdTh,26478.0,26478.0,0.9999622342233468,0.9999622342233468
Ad9h,26478.0,26478.0,0.9999622342233468,0.9999622342233468
Ad8h,26478.0,26478.0,0.9999622342233468,0.9999622342233468
Ad7h,26478.0,26478.0,0.9999622342233468,0.9999622342233468
Ad6h,26478.0,26470.0,0.9999622342233468,0.9996601080101212
Ad5h,26478.0,26431.0,0.9999622342233468,0.9981872427206465
Ad4h,26478.0,17.0,0.9999622342233468,6.420182031043469E-4
Ad3h,26478.0,13.0,0.9999622342233468,4.909550964915594E-4
Ad2h,26478.0,10.0,0.9999622342233468,3.7765776653196875E-4
KdQd,26478.0,26478.0,0.9999622342233468,0.9999622342233468
KdJd,26478.0,26478.0,0.9999622342233468,0.9999622342233468
KdTd,26478.0,26478.0,0.9999622342233468,0.9999622342233468
Kd9d,26478.0,26440.0,0.9999622342233468,0.9985271347105253
Kd8d,26478.0,11.0,0.9999622342233468,4.154235431851656E-4
Kd7d,26478.0,8.0,0.9999622342233468,3.02126213225575E-4
Kd6d,26478.0,7.0,0.9999622342233468,2.643604365723781E-4
Kd5d,26478.0,5.0,0.9999622342233468,1.8882888326598438E-4
Kd4d,26478.0,4.0,0.9999622342233468,1.510631066127875E-4
Kd3d,391.0,4.0,0.014766418671399977,1.510631066127875E-4
Kd2d,6.0,3.0,2.2659465991918125E-4,1.1329732995959063E-4
KdAh,26478.0,26478.0,0.9999622342233468,0.9999622342233468
KdKh,26478.0,26478.0,0.9999622342233468,0.9999622342233468
KdQh,26478.0,26478.0,0.9999622342233468,0.9999622342233468
KdJh,26478.0,26478.0,0.9999622342233468,0.9999622342233468
KdTh,26478.0,26465.0,0.9999622342233468,0.9994712791268553
Kd9h,26478.0,10.0,0.9999622342233468,3.7765776653196875E-4
Kd8h,14.0,6.0,5.287208731447563E-4,2.2659465991918125E-4
Kd7h,8.0,4.0,3.02126213225575E-4,1.510631066127875E-4
Kd6h,6.0,3.0,2.2659465991918125E-4,1.1329732995959063E-4
Kd5h,4.0,3.0,1.510631066127875E-4,1.1329732995959063E-4
Kd4h,3.0,2.0,1.1329732995959063E-4,7.553155330639375E-5
Kd3h,3.0,2.0,1.1329732995959063E-4,7.553155330639375E-5
Kd2h,3.0,1.0,1.1329732995959063E-4,3.7765776653196875E-5
QdJd,26478.0,26478.0,0.9999622342233468,0.9999622342233468
QdTd,26478.0,26407.0,0.9999622342233468,0.9972808640809698
Qd9d,26478.0,7.0,0.9999622342233468,2.643604365723781E-4
Qd8d,26478.0,4.0,0.9999622342233468,1.510631066127875E-4
Qd7d,26451.0,3.0,0.9989425582537105,1.1329732995959063E-4
Qd6d,26446.0,2.0,0.9987537293704445,7.553155330639375E-5
Qd5d,24262.0,2.0,0.9162732731598625,7.553155330639375E-5
Qd4d,2.0,2.0,7.553155330639375E-5,7.553155330639375E-5
Qd3d,2.0,1.0,7.553155330639375E-5,3.7765776653196875E-5
Qd2d,2.0,1.0,7.553155330639375E-5,3.7765776653196875E-5
QdAh,26478.0,26478.0,0.9999622342233468,0.9999622342233468
QdKh,26478.0,26478.0,0.9999622342233468,0.9999622342233468
QdQh,26478.0,26478.0,0.9999622342233468,0.9999622342233468
QdJh,26478.0,125.0,0.9999622342233468,0.004720722081649609
QdTh,26478.0,6.0,0.9999622342233468,2.2659465991918125E-4
Qd9h,26449.0,4.0,0.9988670267004041,1.510631066127875E-4
Qd8h,3.0,2.0,1.1329732995959063E-4,7.553155330639375E-5
Qd7h,2.0,2.0,7.553155330639375E-5,7.553155330639375E-5
Qd6h,2.0,1.0,7.553155330639375E-5,3.7765776653196875E-5
Qd5h,2.0,1.0,7.553155330639375E-5,3.7765776653196875E-5
Qd4h,1.0,1.0,3.7765776653196875E-5,3.7765776653196875E-5
Qd3h,1.0,1.0,3.7765776653196875E-5,3.7765776653196875E-5
Qd2h,1.0,0.0,3.7765776653196875E-5,0.0
JdTd,26478.0,8.0,0.9999622342233468,3.02126213225575E-4
Jd9d,26478.0,4.0,0.9999622342233468,1.510631066127875E-4
Jd8d,26468.0,3.0,0.9995845764568149,1.1329732995959063E-4
Jd7d,26448.0,2.0,0.9988292609237509,7.553155330639375E-5
Jd6d,2.0,1.0,7.553155330639375E-5,3.7765776653196875E-5
Jd5d,2.0,1.0,7.553155330639375E-5,3.7765776653196875E-5
Jd4d,1.0,1.0,3.7765776653196875E-5,3.7765776653196875E-5
Jd3d,1.0,1.0,3.7765776653196875E-5,3.7765776653196875E-5
Jd2d,1.0,0.0,3.7765776653196875E-5,0.0
JdAh,26478.0,26478.0,0.9999622342233468,0.9999622342233468
JdKh,26478.0,26478.0,0.9999622342233468,0.9999622342233468
JdQh,26478.0,125.0,0.9999622342233468,0.004720722081649609
JdJh,26478.0,26478.0,0.9999622342233468,0.9999622342233468
JdTh,26478.0,4.0,0.9999622342233468,1.510631066127875E-4
Jd9h,26444.0,2.0,0.9986781978171381,7.553155330639375E-5
Jd8h,2.0,1.0,7.553155330639375E-5,3.7765776653196875E-5
Jd7h,1.0,1.0,3.7765776653196875E-5,3.7765776653196875E-5
Jd6h,1.0,1.0,3.7765776653196875E-5,3.7765776653196875E-5
Jd5h,1.0,0.0,3.7765776653196875E-5,0.0
Jd4h,1.0,0.0,3.7765776653196875E-5,0.0
Jd3h,1.0,0.0,3.7765776653196875E-5,0.0
Jd2h,1.0,0.0,3.7765776653196875E-5,0.0
Td9d,26478.0,3.0,0.9999622342233468,1.1329732995959063E-4
Td8d,26469.0,2.0,0.999622342233468,7.553155330639375E-5
Td7d,26453.0,1.0,0.9990180898070169,3.7765776653196875E-5
Td6d,26424.0,1.0,0.9979228822840742,3.7765776653196875E-5
Td5d,1.0,0.0,3.7765776653196875E-5,0.0
Td4d,1.0,0.0,3.7765776653196875E-5,0.0
Td3d,1.0,0.0,3.7765776653196875E-5,0.0
Td2d,1.0,0.0,3.7765776653196875E-5,0.0
TdAh,26478.0,26478.0,0.9999622342233468,0.9999622342233468
TdKh,26478.0,26465.0,0.9999622342233468,0.9994712791268553
TdQh,26478.0,6.0,0.9999622342233468,2.2659465991918125E-4
TdJh,26478.0,4.0,0.9999622342233468,1.510631066127875E-4
TdTh,26478.0,26478.0,0.9999622342233468,0.9999622342233468
Td9h,26448.0,2.0,0.9988292609237509,7.553155330639375E-5
Td8h,1.0,1.0,3.7765776653196875E-5,3.7765776653196875E-5
Td7h,1.0,1.0,3.7765776653196875E-5,3.7765776653196875E-5
Td6h,1.0,0.0,3.7765776653196875E-5,0.0
Td5h,1.0,0.0,3.7765776653196875E-5,0.0
Td4h,1.0,0.0,3.7765776653196875E-5,0.0
Td3h,1.0,0.0,3.7765776653196875E-5,0.0
Td2h,1.0,0.0,3.7765776653196875E-5,0.0
9d8d,26468.0,2.0,0.9995845764568149,7.553155330639375E-5
9d7d,26458.0,1.0,0.9992069186902829,3.7765776653196875E-5
9d6d,26439.0,0.0,0.9984893689338721,0.0
9d5d,1.0,0.0,3.7765776653196875E-5,0.0
9d4d,1.0,0.0,3.7765776653196875E-5,0.0
9d3d,1.0,0.0,3.7765776653196875E-5,0.0
9d2d,1.0,0.0,3.7765776653196875E-5,0.0
9dAh,26478.0,26478.0,0.9999622342233468,0.9999622342233468
9dKh,26478.0,10.0,0.9999622342233468,3.7765776653196875E-4
9dQh,26449.0,4.0,0.9988670267004041,1.510631066127875E-4
9dJh,26444.0,2.0,0.9986781978171381,7.553155330639375E-5
9dTh,26448.0,2.0,0.9988292609237509,7.553155330639375E-5
9d9h,26478.0,26478.0,0.9999622342233468,0.9999622342233468
9d8h,26417.0,1.0,0.9976585218475018,3.7765776653196875E-5
9d7h,1.0,0.0,3.7765776653196875E-5,0.0
9d6h,1.0,0.0,3.7765776653196875E-5,0.0
9d5h,1.0,0.0,3.7765776653196875E-5,0.0
9d4h,1.0,0.0,3.7765776653196875E-5,0.0
9d3h,1.0,0.0,3.7765776653196875E-5,0.0
9d2h,1.0,0.0,3.7765776653196875E-5,0.0
8d7d,26464.0,1.0,0.999433513350202,3.7765776653196875E-5
8d6d,26448.0,0.0,0.9988292609237509,0.0
8d5d,1.0,0.0,3.7765776653196875E-5,0.0
8d4d,1.0,0.0,3.7765776653196875E-5,0.0
8d3d,1.0,0.0,3.7765776653196875E-5,0.0
8d2d,1.0,0.0,3.7765776653196875E-5,0.0
8dAh,26478.0,26478.0,0.9999622342233468,0.9999622342233468
8dKh,14.0,6.0,5.287208731447563E-4,2.2659465991918125E-4
8dQh,3.0,2.0,1.1329732995959063E-4,7.553155330639375E-5
8dJh,2.0,1.0,7.553155330639375E-5,3.7765776653196875E-5
8dTh,1.0,1.0,3.7765776653196875E-5,3.7765776653196875E-5
8d9h,26417.0,1.0,0.9976585218475018,3.7765776653196875E-5
8d8h,26478.0,26478.0,0.9999622342233468,0.9999622342233468
8d7h,1.0,0.0,3.7765776653196875E-5,0.0
8d6h,1.0,0.0,3.7765776653196875E-5,0.0
8d5h,1.0,0.0,3.7765776653196875E-5,0.0
8d4h,1.0,0.0,3.7765776653196875E-5,0.0
8d3h,1.0,0.0,3.7765776653196875E-5,0.0
8d2h,1.0,0.0,3.7765776653196875E-5,0.0
7d6d,26457.0,0.0,0.9991691529136296,0.0
7d5d,26429.0,0.0,0.9981117111673402,0.0
7d4d,1.0,0.0,3.7765776653196875E-5,0.0
7d3d,1.0,0.0,3.7765776653196875E-5,0.0
7d2d,1.0,0.0,3.7765776653196875E-5,0.0
7dAh,26478.0,26478.0,0.9999622342233468,0.9999622342233468
7dKh,8.0,4.0,3.02126213225575E-4,1.510631066127875E-4
7dQh,2.0,2.0,7.553155330639375E-5,7.553155330639375E-5
7dJh,1.0,1.0,3.7765776653196875E-5,3.7765776653196875E-5
7dTh,1.0,1.0,3.7765776653196875E-5,3.7765776653196875E-5
7d9h,1.0,0.0,3.7765776653196875E-5,0.0
7d8h,1.0,0.0,3.7765776653196875E-5,0.0
7d7h,26478.0,26478.0,0.9999622342233468,0.9999622342233468
7d6h,1.0,0.0,3.7765776653196875E-5,0.0
7d5h,1.0,0.0,3.7765776653196875E-5,0.0
7d4h,1.0,0.0,3.7765776653196875E-5,0.0
7d3h,1.0,0.0,3.7765776653196875E-5,0.0
7d2h,1.0,0.0,3.7765776653196875E-5,0.0
6d5d,26443.0,0.0,0.9986404320404849,0.0
6d4d,1.0,0.0,3.7765776653196875E-5,0.0
6d3d,1.0,0.0,3.7765776653196875E-5,0.0
6d2d,1.0,0.0,3.7765776653196875E-5,0.0
6dAh,26478.0,26470.0,0.9999622342233468,0.9996601080101212
6dKh,6.0,3.0,2.2659465991918125E-4,1.1329732995959063E-4
6dQh,2.0,1.0,7.553155330639375E-5,3.7765776653196875E-5
6dJh,1.0,1.0,3.7765776653196875E-5,3.7765776653196875E-5
6dTh,1.0,0.0,3.7765776653196875E-5,0.0
6d9h,1.0,0.0,3.7765776653196875E-5,0.0
6d8h,1.0,0.0,3.7765776653196875E-5,0.0
6d7h,1.0,0.0,3.7765776653196875E-5,0.0
6d6h,26478.0,26478.0,0.9999622342233468,0.9999622342233468
6d5h,1.0,0.0,3.7765776653196875E-5,0.0
6d4h,1.0,0.0,3.7765776653196875E-5,0.0
6d3h,1.0,0.0,3.7765776653196875E-5,0.0
6d2h,1.0,0.0,3.7765776653196875E-5,0.0
5d4d,26423.0,0.0,0.997885116507421,0.0
5d3d,1.0,0.0,3.7765776653196875E-5,0.0
5d2d,1.0,0.0,3.7765776653196875E-5,0.0
5dAh,26478.0,26431.0,0.9999622342233468,0.9981872427206465
5dKh,4.0,3.0,1.510631066127875E-4,1.1329732995959063E-4
5dQh,2.0,1.0,7.553155330639375E-5,3.7765776653196875E-5
5dJh,1.0,0.0,3.7765776653196875E-5,0.0
5dTh,1.0,0.0,3.7765776653196875E-5,0.0
5d9h,1.0,0.0,3.7765776653196875E-5,0.0
5d8h,1.0,0.0,3.7765776653196875E-5,0.0
5d7h,1.0,0.0,3.7765776653196875E-5,0.0
5d6h,1.0,0.0,3.7765776653196875E-5,0.0
5d5h,26478.0,26478.0,0.9999622342233468,0.9999622342233468
5d4h,1.0,0.0,3.7765776653196875E-5,0.0
5d3h,1.0,0.0,3.7765776653196875E-5,0.0
5d2h,1.0,0.0,3.7765776653196875E-5,0.0
4d3d,1.0,0.0,3.7765776653196875E-5,0.0
4d2d,1.0,0.0,3.7765776653196875E-5,0.0
4dAh,26478.0,17.0,0.9999622342233468,6.420182031043469E-4
4dKh,3.0,2.0,1.1329732995959063E-4,7.553155330639375E-5
4dQh,1.0,1.0,3.7765776653196875E-5,3.7765776653196875E-5
4dJh,1.0,0.0,3.7765776653196875E-5,0.0
4dTh,1.0,0.0,3.7765776653196875E-5,0.0
4d9h,1.0,0.0,3.7765776653196875E-5,0.0
4d8h,1.0,0.0,3.7765776653196875E-5,0.0
4d7h,1.0,0.0,3.7765776653196875E-5,0.0
4d6h,1.0,0.0,3.7765776653196875E-5,0.0
4d5h,1.0,0.0,3.7765776653196875E-5,0.0
4d4h,26478.0,26478.0,0.9999622342233468,0.9999622342233468
4d3h,1.0,0.0,3.7765776653196875E-5,0.0
4d2h,1.0,0.0,3.7765776653196875E-5,0.0
3d2d,1.0,0.0,3.7765776653196875E-5,0.0
3dAh,26478.0,13.0,0.9999622342233468,4.909550964915594E-4
3dKh,3.0,2.0,1.1329732995959063E-4,7.553155330639375E-5
3dQh,1.0,1.0,3.7765776653196875E-5,3.7765776653196875E-5
3dJh,1.0,0.0,3.7765776653196875E-5,0.0
3dTh,1.0,0.0,3.7765776653196875E-5,0.0
3d9h,1.0,0.0,3.7765776653196875E-5,0.0
3d8h,1.0,0.0,3.7765776653196875E-5,0.0
3d7h,1.0,0.0,3.7765776653196875E-5,0.0
3d6h,1.0,0.0,3.7765776653196875E-5,0.0
3d5h,1.0,0.0,3.7765776653196875E-5,0.0
3d4h,1.0,0.0,3.7765776653196875E-5,0.0
3d3h,26478.0,26478.0,0.9999622342233468,0.9999622342233468
3d2h,1.0,0.0,3.7765776653196875E-5,0.0
2dAh,26478.0,10.0,0.9999622342233468,3.7765776653196875E-4
2dKh,3.0,1.0,1.1329732995959063E-4,3.7765776653196875E-5
2dQh,1.0,0.0,3.7765776653196875E-5,0.0
2dJh,1.0,0.0,3.7765776653196875E-5,0.0
2dTh,1.0,0.0,3.7765776653196875E-5,0.0
2d9h,1.0,0.0,3.7765776653196875E-5,0.0
2d8h,1.0,0.0,3.7765776653196875E-5,0.0
2d7h,1.0,0.0,3.7765776653196875E-5,0.0
2d6h,1.0,0.0,3.7765776653196875E-5,0.0
2d5h,1.0,0.0,3.7765776653196875E-5,0.0
2d4h,1.0,0.0,3.7765776653196875E-5,0.0
2d3h,1.0,0.0,3.7765776653196875E-5,0.0
2d2h,26478.0,8.0,0.9999622342233468,3.02126213225575E-4
AhKh,26478.0,26478.0,0.9999622342233468,0.9999622342233468
AhQh,26478.0,26478.0,0.9999622342233468,0.9999622342233468
AhJh,26478.0,26478.0,0.9999622342233468,0.9999622342233468
AhTh,26478.0,26478.0,0.9999622342233468,0.9999622342233468
Ah9h,26478.0,26478.0,0.9999622342233468,0.9999622342233468
Ah8h,26478.0,26478.0,0.9999622342233468,0.9999622342233468
Ah7h,26478.0,26478.0,0.9999622342233468,0.9999622342233468
Ah6h,26478.0,26478.0,0.9999622342233468,0.9999622342233468
Ah5h,26478.0,26478.0,0.9999622342233468,0.9999622342233468
Ah4h,26478.0,26478.0,0.9999622342233468,0.9999622342233468
Ah3h,26478.0,26478.0,0.9999622342233468,0.9999622342233468
Ah2h,26478.0,26478.0,0.9999622342233468,0.9999622342233468
KhQh,26478.0,26478.0,0.9999622342233468,0.9999622342233468
KhJh,26478.0,26478.0,0.9999622342233468,0.9999622342233468
KhTh,26478.0,26478.0,0.9999622342233468,0.9999622342233468
Kh9h,26478.0,26440.0,0.9999622342233468,0.9985271347105253
Kh8h,26478.0,11.0,0.9999622342233468,4.154235431851656E-4
Kh7h,26478.0,8.0,0.9999622342233468,3.02126213225575E-4
Kh6h,26478.0,7.0,0.9999622342233468,2.643604365723781E-4
Kh5h,26478.0,5.0,0.9999622342233468,1.8882888326598438E-4
Kh4h,26478.0,4.0,0.9999622342233468,1.510631066127875E-4
Kh3h,391.0,4.0,0.014766418671399977,1.510631066127875E-4
Kh2h,6.0,3.0,2.2659465991918125E-4,1.1329732995959063E-4
QhJh,26478.0,26478.0,0.9999622342233468,0.9999622342233468
QhTh,26478.0,26407.0,0.9999622342233468,0.9972808640809698
Qh9h,26478.0,7.0,0.9999622342233468,2.643604365723781E-4
Qh8h,26478.0,4.0,0.9999622342233468,1.510631066127875E-4
Qh7h,26451.0,3.0,0.9989425582537105,1.1329732995959063E-4
Qh6h,26446.0,2.0,0.9987537293704445,7.553155330639375E-5
Qh5h,24262.0,2.0,0.9162732731598625,7.553155330639375E-5
Qh4h,2.0,2.0,7.553155330639375E-5,7.553155330639375E-5
Qh3h,2.0,1.0,7.553155330639375E-5,3.7765776653196875E-5
Qh2h,2.0,1.0,7.553155330639375E-5,3.7765776653196875E-5
JhTh,26478.0,8.0,0.9999622342233468,3.02126213225575E-4
Jh9h,26478.0,4.0,0.9999622342233468,1.510631066127875E-4
Jh8h,26468.0,3.0,0.9995845764568149,1.1329732995959063E-4
Jh7h,26448.0,2.0,0.9988292609237509,7.553155330639375E-5
Jh6h,2.0,1.0,7.553155330639375E-5,3.7765776653196875E-5
Jh5h,2.0,1.0,7.553155330639375E-5,3.7765776653196875E-5
Jh4h,1.0,1.0,3.7765776653196875E-5,3.7765776653196875E-5
Jh3h,1.0,1.0,3.7765776653196875E-5,3.7765776653196875E-5
Jh2h,1.0,0.0,3.7765776653196875E-5,0.0
Th9h,26478.0,3.0,0.9999622342233468,1.1329732995959063E-4
Th8h,26469.0,2.0,0.999622342233468,7.553155330639375E-5
Th7h,26453.0,1.0,0.9990180898070169,3.7765776653196875E-5
Th6h,26424.0,1.0,0.9979228822840742,3.7765776653196875E-5
Th5h,1.0,0.0,3.7765776653196875E-5,0.0
Th4h,1.0,0.0,3.7765776653196875E-5,0.0
Th3h,1.0,0.0,3.7765776653196875E-5,0.0
Th2h,1.0,0.0,3.7765776653196875E-5,0.0
9h8h,26468.0,2.0,0.9995845764568149,7.553155330639375E-5
9h7h,26458.0,1.0,0.9992069186902829,3.7765776653196875E-5
9h6h,26439.0,0.0,0.9984893689338721,0.0
9h5h,1.0,0.0,3.7765776653196875E-5,0.0
9h4h,1.0,0.0,3.7765776653196875E-5,0.0
9h3h,1.0,0.0,3.7765776653196875E-5,0.0
9h2h,1.0,0.0,3.7765776653196875E-5,0.0
8h7h,26464.0,1.0,0.999433513350202,3.7765776653196875E-5
8h6h,26448.0,0.0,0.9988292609237509,0.0
8h5h,1.0,0.0,3.7765776653196875E-5,0.0
8h4h,1.0,0.0,3.7765776653196875E-5,0.0
8h3h,1.0,0.0,3.7765776653196875E-5,0.0
8h2h,1.0,0.0,3.7765776653196875E-5,0.0
7h6h,26457.0,0.0,0.9991691529136296,0.0
7h5h,26429.0,0.0,0.9981117111673402,0.0
7h4h,1.0,0.0,3.7765776653196875E-5,0.0
7h3h,1.0,0.0,3.7765776653196875E-5,0.0
7h2h,1.0,0.0,3.7765776653196875E-5,0.0
6h5h,26443.0,0.0,0.9986404320404849,0.0
6h4h,1.0,0.0,3.7765776653196875E-5,0.0
6h3h,1.0,0.0,3.7765776653196875E-5,0.0
6h2h,1.0,0.0,3.7765776653196875E-5,0.0
5h4h,26423.0,0.0,0.997885116507421,0.0
5h3h,1.0,0.0,3.7765776653196875E-5,0.0
5h2h,1.0,0.0,3.7765776653196875E-5,0.0
4h3h,1.0,0.0,3.7765776653196875E-5,0.0
4h2h,1.0,0.0,3.7765776653196875E-5,0.0
3h2h,1.0,0.0,3.7765776653196875E-5,0.0
