Program Duration,173.99575992333334,mins

Hand,P1 - F,P2 - F,P1 - S,P2 - S
AsKs,28033.0,603.0,1.0,0.021510362786715656
AsQs,7858.0,146.0,0.28031248885242394,0.005208147540398816
AsJs,3577.0,71.0,0.127599614739771,0.0025327292833446295
AsTs,2570.0,43.0,0.09167766560839011,0.0015339064673777333
As9s,27.0,26.0,9.63150572539507E-4,9.274783291121179E-4
As8s,19.0,19.0,6.777726251203938E-4,6.777726251203938E-4
As7s,15.0,15.0,5.350836514108373E-4,5.350836514108373E-4
As6s,12.0,11.0,4.2806692112866976E-4,3.9239467770128063E-4
As5s,1155.0,11.0,0.041201441158634465,3.9239467770128063E-4
As4s,10.0,10.0,3.567224342738915E-4,3.567224342738915E-4
As3s,8.0,8.0,2.853779474191132E-4,2.853779474191132E-4
As2s,7.0,7.0,2.4970570399172404E-4,2.4970570399172404E-4
AsAc,28033.0,28033.0,1.0,1.0
AsKc,23045.0,356.0,0.8220668497841829,0.012699318660150536
AsQc,120.0,100.0,0.004280669211286698,0.003567224342738915
AsJc,54.0,49.0,0.001926301145079014,0.0017479399279420682
AsTc,32.0,30.0,0.0011415117896764527,0.0010701673028216745
As9c,18.0,18.0,6.421003816930047E-4,6.421003816930047E-4
As8c,13.0,13.0,4.6373916455605895E-4,4.6373916455605895E-4
As7c,9.0,9.0,3.2105019084650236E-4,3.2105019084650236E-4
As6c,7.0,7.0,2.4970570399172404E-4,2.4970570399172404E-4
As5c,7.0,7.0,2.4970570399172404E-4,2.4970570399172404E-4
As4c,6.0,5.0,2.1403346056433488E-4,1.7836121713694575E-4
As3c,5.0,5.0,1.7836121713694575E-4,1.7836121713694575E-4
As2c,4.0,4.0,1.426889737095566E-4,1.426889737095566E-4
AsAd,28033.0,28033.0,1.0,1.0
AsKd,23045.0,356.0,0.8220668497841829,0.012699318660150536
AsQd,120.0,100.0,0.004280669211286698,0.003567224342738915
AsJd,54.0,49.0,0.001926301145079014,0.0017479399279420682
AsTd,32.0,30.0,0.0011415117896764527,0.0010701673028216745
As9d,18.0,18.0,6.421003816930047E-4,6.421003816930047E-4
As8d,13.0,13.0,4.6373916455605895E-4,4.6373916455605895E-4
As7d,9.0,9.0,3.2105019084650236E-4,3.2105019084650236E-4
As6d,7.0,7.0,2.4970570399172404E-4,2.4970570399172404E-4
As5d,7.0,7.0,2.4970570399172404E-4,2.4970570399172404E-4
As4d,6.0,5.0,2.1403346056433488E-4,1.7836121713694575E-4
As3d,5.0,5.0,1.7836121713694575E-4,1.7836121713694575E-4
As2d,4.0,4.0,1.426889737095566E-4,1.426889737095566E-4
AsAh,28033.0,28033.0,1.0,1.0
AsKh,23045.0,356.0,0.8220668497841829,0.012699318660150536
AsQh,120.0,100.0,0.004280669211286698,0.003567224342738915
AsJh,54.0,49.0,0.001926301145079014,0.0017479399279420682
AsTh,32.0,30.0,0.0011415117896764527,0.0010701673028216745
As9h,18.0,18.0,6.421003816930047E-4,6.421003816930047E-4
As8h,13.0,13.0,4.6373916455605895E-4,4.6373916455605895E-4
As7h,9.0,9.0,3.2105019084650236E-4,3.2105019084650236E-4
As6h,7.0,7.0,2.4970570399172404E-4,2.4970570399172404E-4
As5h,7.0,7.0,2.4970570399172404E-4,2.4970570399172404E-4
As4h,6.0,5.0,2.1403346056433488E-4,1.7836121713694575E-4
As3h,5.0,5.0,1.7836121713694575E-4,1.7836121713694575E-4
As2h,4.0,4.0,1.426889737095566E-4,1.426889737095566E-4
KsQs,24.0,24.0,8.561338422573395E-4,8.561338422573395E-4
KsJs,15.0,16.0,5.350836514108373E-4,5.707558948382264E-4
KsTs,11.0,12.0,3.9239467770128063E-4,4.2806692112866976E-4
Ks9s,7.0,7.0,2.4970570399172404E-4,2.4970570399172404E-4
Ks8s,5.0,5.0,1.7836121713694575E-4,1.7836121713694575E-4
Ks7s,4.0,4.0,1.426889737095566E-4,1.426889737095566E-4
Ks6s,4.0,3.0,1.426889737095566E-4,1.0701673028216744E-4
Ks5s,3.0,3.0,1.0701673028216744E-4,1.0701673028216744E-4
Ks4s,3.0,2.0,1.0701673028216744E-4,7.13444868547783E-5
Ks3s,3.0,2.0,1.0701673028216744E-4,7.13444868547783E-5
Ks2s,2.0,2.0,7.13444868547783E-5,7.13444868547783E-5
KsAc,23045.0,356.0,0.8220668497841829,0.012699318660150536
KsKc,28033.0,20660.0,1.0,0.7369885492098598
KsQc,13.0,14.0,4.6373916455605895E-4,4.994114079834481E-4
KsJc,9.0,9.0,3.2105019084650236E-4,3.2105019084650236E-4
KsTc,7.0,7.0,2.4970570399172404E-4,2.4970570399172404E-4
Ks9c,5.0,4.0,1.7836121713694575E-4,1.426889737095566E-4
Ks8c,3.0,3.0,1.0701673028216744E-4,1.0701673028216744E-4
Ks7c,3.0,2.0,1.0701673028216744E-4,7.13444868547783E-5
Ks6c,3.0,2.0,1.0701673028216744E-4,7.13444868547783E-5
Ks5c,2.0,2.0,7.13444868547783E-5,7.13444868547783E-5
Ks4c,2.0,1.0,7.13444868547783E-5,3.567224342738915E-5
Ks3c,2.0,1.0,7.13444868547783E-5,3.567224342738915E-5
Ks2c,2.0,1.0,7.13444868547783E-5,3.567224342738915E-5
KsAd,23045.0,356.0,0.8220668497841829,0.012699318660150536
KsKd,28033.0,20660.0,1.0,0.7369885492098598
KsQd,13.0,14.0,4.6373916455605895E-4,4.994114079834481E-4
KsJd,9.0,9.0,3.2105019084650236E-4,3.2105019084650236E-4
KsTd,7.0,7.0,2.4970570399172404E-4,2.4970570399172404E-4
Ks9d,5.0,4.0,1.7836121713694575E-4,1.426889737095566E-4
Ks8d,3.0,3.0,1.0701673028216744E-4,1.0701673028216744E-4
Ks7d,3.0,2.0,1.0701673028216744E-4,7.13444868547783E-5
Ks6d,3.0,2.0,1.0701673028216744E-4,7.13444868547783E-5
Ks5d,2.0,2.0,7.13444868547783E-5,7.13444868547783E-5
Ks4d,2.0,1.0,7.13444868547783E-5,3.567224342738915E-5
Ks3d,2.0,1.0,7.13444868547783E-5,3.567224342738915E-5
Ks2d,2.0,1.0,7.13444868547783E-5,3.567224342738915E-5
KsAh,23045.0,356.0,0.8220668497841829,0.012699318660150536
KsKh,28033.0,20660.0,1.0,0.7369885492098598
KsQh,13.0,14.0,4.6373916455605895E-4,4.994114079834481E-4
KsJh,9.0,9.0,3.2105019084650236E-4,3.2105019084650236E-4
KsTh,7.0,7.0,2.4970570399172404E-4,2.4970570399172404E-4
Ks9h,5.0,4.0,1.7836121713694575E-4,1.426889737095566E-4
Ks8h,3.0,3.0,1.0701673028216744E-4,1.0701673028216744E-4
Ks7h,3.0,2.0,1.0701673028216744E-4,7.13444868547783E-5
Ks6h,3.0,2.0,1.0701673028216744E-4,7.13444868547783E-5
Ks5h,2.0,2.0,7.13444868547783E-5,7.13444868547783E-5
Ks4h,2.0,1.0,7.13444868547783E-5,3.567224342738915E-5
Ks3h,2.0,1.0,7.13444868547783E-5,3.567224342738915E-5
Ks2h,2.0,1.0,7.13444868547783E-5,3.567224342738915E-5
QsJs,8.0,8.0,2.853779474191132E-4,2.853779474191132E-4
QsTs,6.0,6.0,2.1403346056433488E-4,2.1403346056433488E-4
Qs9s,4.0,4.0,1.426889737095566E-4,1.426889737095566E-4
Qs8s,3.0,3.0,1.0701673028216744E-4,1.0701673028216744E-4
Qs7s,3.0,2.0,1.0701673028216744E-4,7.13444868547783E-5
Qs6s,2.0,1.0,7.13444868547783E-5,3.567224342738915E-5
Qs5s,2.0,1.0,7.13444868547783E-5,3.567224342738915E-5
Qs4s,2.0,1.0,7.13444868547783E-5,3.567224342738915E-5
Qs3s,2.0,1.0,7.13444868547783E-5,3.567224342738915E-5
Qs2s,2.0,1.0,7.13444868547783E-5,3.567224342738915E-5
QsAc,120.0,100.0,0.004280669211286698,0.003567224342738915
QsKc,13.0,14.0,4.6373916455605895E-4,4.994114079834481E-4
QsQc,1813.0,1336.0,0.06467377733385653,0.0476581172189919
QsJc,5.0,5.0,1.7836121713694575E-4,1.7836121713694575E-4
QsTc,4.0,4.0,1.426889737095566E-4,1.426889737095566E-4
Qs9c,3.0,2.0,1.0701673028216744E-4,7.13444868547783E-5
Qs8c,2.0,1.0,7.13444868547783E-5,3.567224342738915E-5
Qs7c,2.0,1.0,7.13444868547783E-5,3.567224342738915E-5
Qs6c,2.0,1.0,7.13444868547783E-5,3.567224342738915E-5
Qs5c,2.0,1.0,7.13444868547783E-5,3.567224342738915E-5
Qs4c,1.0,1.0,3.567224342738915E-5,3.567224342738915E-5
Qs3c,1.0,1.0,3.567224342738915E-5,3.567224342738915E-5
Qs2c,1.0,1.0,3.567224342738915E-5,3.567224342738915E-5
QsAd,120.0,100.0,0.004280669211286698,0.003567224342738915
QsKd,13.0,14.0,4.6373916455605895E-4,4.994114079834481E-4
QsQd,1813.0,1336.0,0.06467377733385653,0.0476581172189919
QsJd,5.0,5.0,1.7836121713694575E-4,1.7836121713694575E-4
QsTd,4.0,4.0,1.426889737095566E-4,1.426889737095566E-4
Qs9d,3.0,2.0,1.0701673028216744E-4,7.13444868547783E-5
Qs8d,2.0,1.0,7.13444868547783E-5,3.567224342738915E-5
Qs7d,2.0,1.0,7.13444868547783E-5,3.567224342738915E-5
Qs6d,2.0,1.0,7.13444868547783E-5,3.567224342738915E-5
Qs5d,2.0,1.0,7.13444868547783E-5,3.567224342738915E-5
Qs4d,1.0,1.0,3.567224342738915E-5,3.567224342738915E-5
Qs3d,1.0,1.0,3.567224342738915E-5,3.567224342738915E-5
Qs2d,1.0,1.0,3.567224342738915E-5,3.567224342738915E-5
QsAh,120.0,100.0,0.004280669211286698,0.003567224342738915
QsKh,13.0,14.0,4.6373916455605895E-4,4.994114079834481E-4
QsQh,1813.0,1336.0,0.06467377733385653,0.0476581172189919
QsJh,5.0,5.0,1.7836121713694575E-4,1.7836121713694575E-4
QsTh,4.0,4.0,1.426889737095566E-4,1.426889737095566E-4
Qs9h,3.0,2.0,1.0701673028216744E-4,7.13444868547783E-5
Qs8h,2.0,1.0,7.13444868547783E-5,3.567224342738915E-5
Qs7h,2.0,1.0,7.13444868547783E-5,3.567224342738915E-5
Qs6h,2.0,1.0,7.13444868547783E-5,3.567224342738915E-5
Qs5h,2.0,1.0,7.13444868547783E-5,3.567224342738915E-5
Qs4h,1.0,1.0,3.567224342738915E-5,3.567224342738915E-5
Qs3h,1.0,1.0,3.567224342738915E-5,3.567224342738915E-5
Qs2h,1.0,1.0,3.567224342738915E-5,3.567224342738915E-5
JsTs,5.0,4.0,1.7836121713694575E-4,1.426889737095566E-4
Js9s,3.0,2.0,1.0701673028216744E-4,7.13444868547783E-5
Js8s,3.0,1.0,1.0701673028216744E-4,3.567224342738915E-5
Js7s,2.0,1.0,7.13444868547783E-5,3.567224342738915E-5
Js6s,2.0,1.0,7.13444868547783E-5,3.567224342738915E-5
Js5s,2.0,1.0,7.13444868547783E-5,3.567224342738915E-5
Js4s,1.0,1.0,3.567224342738915E-5,3.567224342738915E-5
Js3s,1.0,1.0,3.567224342738915E-5,3.567224342738915E-5
Js2s,1.0,1.0,3.567224342738915E-5,3.567224342738915E-5
JsAc,54.0,49.0,0.001926301145079014,0.0017479399279420682
JsKc,9.0,9.0,3.2105019084650236E-4,3.2105019084650236E-4
JsQc,5.0,5.0,1.7836121713694575E-4,1.7836121713694575E-4
JsJc,631.0,503.0,0.022509185602682554,0.01794313844397674
JsTc,3.0,2.0,1.0701673028216744E-4,7.13444868547783E-5
Js9c,2.0,1.0,7.13444868547783E-5,3.567224342738915E-5
Js8c,2.0,1.0,7.13444868547783E-5,3.567224342738915E-5
Js7c,1.0,1.0,3.567224342738915E-5,3.567224342738915E-5
Js6c,1.0,1.0,3.567224342738915E-5,3.567224342738915E-5
Js5c,1.0,1.0,3.567224342738915E-5,3.567224342738915E-5
Js4c,1.0,1.0,3.567224342738915E-5,3.567224342738915E-5
Js3c,1.0,1.0,3.567224342738915E-5,3.567224342738915E-5
Js2c,1.0,1.0,3.567224342738915E-5,3.567224342738915E-5
JsAd,54.0,49.0,0.001926301145079014,0.0017479399279420682
JsKd,9.0,9.0,3.2105019084650236E-4,3.2105019084650236E-4
JsQd,5.0,5.0,1.7836121713694575E-4,1.7836121713694575E-4
JsJd,631.0,503.0,0.022509185602682554,0.01794313844397674
JsTd,3.0,2.0,1.0701673028216744E-4,7.13444868547783E-5
Js9d,2.0,1.0,7.13444868547783E-5,3.567224342738915E-5
Js8d,2.0,1.0,7.13444868547783E-5,3.567224342738915E-5
Js7d,1.0,1.0,3.567224342738915E-5,3.567224342738915E-5
Js6d,1.0,1.0,3.567224342738915E-5,3.567224342738915E-5
Js5d,1.0,1.0,3.567224342738915E-5,3.567224342738915E-5
Js4d,1.0,1.0,3.567224342738915E-5,3.567224342738915E-5
Js3d,1.0,1.0,3.567224342738915E-5,3.567224342738915E-5
Js2d,1.0,1.0,3.567224342738915E-5,3.567224342738915E-5
JsAh,54.0,49.0,0.001926301145079014,0.0017479399279420682
JsKh,9.0,9.0,3.2105019084650236E-4,3.2105019084650236E-4
JsQh,5.0,5.0,1.7836121713694575E-4,1.7836121713694575E-4
JsJh,631.0,503.0,0.022509185602682554,0.01794313844397674
JsTh,3.0,2.0,1.0701673028216744E-4,7.13444868547783E-5
Js9h,2.0,1.0,7.13444868547783E-5,3.567224342738915E-5
Js8h,2.0,1.0,7.13444868547783E-5,3.567224342738915E-5
Js7h,1.0,1.0,3.567224342738915E-5,3.567224342738915E-5
Js6h,1.0,1.0,3.567224342738915E-5,3.567224342738915E-5
Js5h,1.0,1.0,3.567224342738915E-5,3.567224342738915E-5
Js4h,1.0,1.0,3.567224342738915E-5,3.567224342738915E-5
Js3h,1.0,1.0,3.567224342738915E-5,3.567224342738915E-5
Js2h,1.0,1.0,3.567224342738915E-5,3.567224342738915E-5
Ts9s,3.0,2.0,1.0701673028216744E-4,7.13444868547783E-5
Ts8s,2.0,1.0,7.13444868547783E-5,3.567224342738915E-5
Ts7s,2.0,1.0,7.13444868547783E-5,3.567224342738915E-5
Ts6s,1.0,1.0,3.567224342738915E-5,3.567224342738915E-5
Ts5s,1.0,1.0,3.567224342738915E-5,3.567224342738915E-5
Ts4s,1.0,1.0,3.567224342738915E-5,3.567224342738915E-5
Ts3s,1.0,1.0,3.567224342738915E-5,3.567224342738915E-5
Ts2s,1.0,1.0,3.567224342738915E-5,3.567224342738915E-5
TsAc,32.0,30.0,0.0011415117896764527,0.0010701673028216745
TsKc,7.0,7.0,2.4970570399172404E-4,2.4970570399172404E-4
TsQc,4.0,4.0,1.426889737095566E-4,1.426889737095566E-4
TsJc,3.0,2.0,1.0701673028216744E-4,7.13444868547783E-5
TsTc,304.0,249.0,0.010844362001926301,0.008882388613419898
Ts9c,2.0,1.0,7.13444868547783E-5,3.567224342738915E-5
Ts8c,1.0,1.0,3.567224342738915E-5,3.567224342738915E-5
Ts7c,1.0,1.0,3.567224342738915E-5,3.567224342738915E-5
Ts6c,1.0,1.0,3.567224342738915E-5,3.567224342738915E-5
Ts5c,1.0,1.0,3.567224342738915E-5,3.567224342738915E-5
Ts4c,1.0,1.0,3.567224342738915E-5,3.567224342738915E-5
Ts3c,1.0,1.0,3.567224342738915E-5,3.567224342738915E-5
Ts2c,1.0,1.0,3.567224342738915E-5,3.567224342738915E-5
TsAd,32.0,30.0,0.0011415117896764527,0.0010701673028216745
TsKd,7.0,7.0,2.4970570399172404E-4,2.4970570399172404E-4
TsQd,4.0,4.0,1.426889737095566E-4,1.426889737095566E-4
TsJd,3.0,2.0,1.0701673028216744E-4,7.13444868547783E-5
TsTd,304.0,249.0,0.010844362001926301,0.008882388613419898
Ts9d,2.0,1.0,7.13444868547783E-5,3.567224342738915E-5
Ts8d,1.0,1.0,3.567224342738915E-5,3.567224342738915E-5
Ts7d,1.0,1.0,3.567224342738915E-5,3.567224342738915E-5
Ts6d,1.0,1.0,3.567224342738915E-5,3.567224342738915E-5
Ts5d,1.0,1.0,3.567224342738915E-5,3.567224342738915E-5
Ts4d,1.0,1.0,3.567224342738915E-5,3.567224342738915E-5
Ts3d,1.0,1.0,3.567224342738915E-5,3.567224342738915E-5
Ts2d,1.0,1.0,3.567224342738915E-5,3.567224342738915E-5
TsAh,32.0,30.0,0.0011415117896764527,0.0010701673028216745
TsKh,7.0,7.0,2.4970570399172404E-4,2.4970570399172404E-4
TsQh,4.0,4.0,1.426889737095566E-4,1.426889737095566E-4
TsJh,3.0,2.0,1.0701673028216744E-4,7.13444868547783E-5
TsTh,304.0,249.0,0.010844362001926301,0.008882388613419898
Ts9h,2.0,1.0,7.13444868547783E-5,3.567224342738915E-5
Ts8h,1.0,1.0,3.567224342738915E-5,3.567224342738915E-5
Ts7h,1.0,1.0,3.567224342738915E-5,3.567224342738915E-5
Ts6h,1.0,1.0,3.567224342738915E-5,3.567224342738915E-5
Ts5h,1.0,1.0,3.567224342738915E-5,3.567224342738915E-5
Ts4h,1.0,1.0,3.567224342738915E-5,3.567224342738915E-5
Ts3h,1.0,1.0,3.567224342738915E-5,3.567224342738915E-5
Ts2h,1.0,1.0,3.567224342738915E-5,3.567224342738915E-5
9s8s,2.0,1.0,7.13444868547783E-5,3.567224342738915E-5
9s7s,1.0,1.0,3.567224342738915E-5,3.567224342738915E-5
9s6s,1.0,1.0,3.567224342738915E-5,3.567224342738915E-5
9s5s,1.0,1.0,3.567224342738915E-5,3.567224342738915E-5
9s4s,1.0,1.0,3.567224342738915E-5,3.567224342738915E-5
9s3s,1.0,1.0,3.567224342738915E-5,3.567224342738915E-5
9s2s,1.0,1.0,3.567224342738915E-5,3.567224342738915E-5
9sAc,18.0,18.0,6.421003816930047E-4,6.421003816930047E-4
9sKc,5.0,4.0,1.7836121713694575E-4,1.426889737095566E-4
9sQc,3.0,2.0,1.0701673028216744E-4,7.13444868547783E-5
9sJc,2.0,1.0,7.13444868547783E-5,3.567224342738915E-5
9sTc,2.0,1.0,7.13444868547783E-5,3.567224342738915E-5
9s9c,151.0,133.0,0.0053865087575357615,0.0047444083758427565
9s8c,1.0,1.0,3.567224342738915E-5,3.567224342738915E-5
9s7c,1.0,1.0,3.567224342738915E-5,3.567224342738915E-5
9s6c,1.0,1.0,3.567224342738915E-5,3.567224342738915E-5
9s5c,1.0,1.0,3.567224342738915E-5,3.567224342738915E-5
9s4c,1.0,1.0,3.567224342738915E-5,3.567224342738915E-5
9s3c,1.0,1.0,3.567224342738915E-5,3.567224342738915E-5
9s2c,1.0,1.0,3.567224342738915E-5,3.567224342738915E-5
9sAd,18.0,18.0,6.421003816930047E-4,6.421003816930047E-4
9sKd,5.0,4.0,1.7836121713694575E-4,1.426889737095566E-4
9sQd,3.0,2.0,1.0701673028216744E-4,7.13444868547783E-5
9sJd,2.0,1.0,7.13444868547783E-5,3.567224342738915E-5
9sTd,2.0,1.0,7.13444868547783E-5,3.567224342738915E-5
9s9d,151.0,133.0,0.0053865087575357615,0.0047444083758427565
9s8d,1.0,1.0,3.567224342738915E-5,3.567224342738915E-5
9s7d,1.0,1.0,3.567224342738915E-5,3.567224342738915E-5
9s6d,1.0,1.0,3.567224342738915E-5,3.567224342738915E-5
9s5d,1.0,1.0,3.567224342738915E-5,3.567224342738915E-5
9s4d,1.0,1.0,3.567224342738915E-5,3.567224342738915E-5
9s3d,1.0,1.0,3.567224342738915E-5,3.567224342738915E-5
9s2d,1.0,1.0,3.567224342738915E-5,3.567224342738915E-5
9sAh,18.0,18.0,6.421003816930047E-4,6.421003816930047E-4
9sKh,5.0,4.0,1.7836121713694575E-4,1.426889737095566E-4
9sQh,3.0,2.0,1.0701673028216744E-4,7.13444868547783E-5
9sJh,2.0,1.0,7.13444868547783E-5,3.567224342738915E-5
9sTh,2.0,1.0,7.13444868547783E-5,3.567224342738915E-5
9s9h,151.0,133.0,0.0053865087575357615,0.0047444083758427565
9s8h,1.0,1.0,3.567224342738915E-5,3.567224342738915E-5
9s7h,1.0,1.0,3.567224342738915E-5,3.567224342738915E-5
9s6h,1.0,1.0,3.567224342738915E-5,3.567224342738915E-5
9s5h,1.0,1.0,3.567224342738915E-5,3.567224342738915E-5
9s4h,1.0,1.0,3.567224342738915E-5,3.567224342738915E-5
9s3h,1.0,1.0,3.567224342738915E-5,3.567224342738915E-5
9s2h,1.0,1.0,3.567224342738915E-5,3.567224342738915E-5
8s7s,1.0,1.0,3.567224342738915E-5,3.567224342738915E-5
8s6s,1.0,1.0,3.567224342738915E-5,3.567224342738915E-5
8s5s,1.0,1.0,3.567224342738915E-5,3.567224342738915E-5
8s4s,1.0,1.0,3.567224342738915E-5,3.567224342738915E-5
8s3s,1.0,1.0,3.567224342738915E-5,3.567224342738915E-5
8s2s,1.0,1.0,3.567224342738915E-5,3.567224342738915E-5
8sAc,13.0,13.0,4.6373916455605895E-4,4.6373916455605895E-4
8sKc,3.0,3.0,1.0701673028216744E-4,1.0701673028216744E-4
8sQc,2.0,1.0,7.13444868547783E-5,3.567224342738915E-5
8sJc,2.0,1.0,7.13444868547783E-5,3.567224342738915E-5
8sTc,1.0,1.0,3.567224342738915E-5,3.567224342738915E-5
8s9c,1.0,1.0,3.567224342738915E-5,3.567224342738915E-5
8s8c,90.0,81.0,0.0032105019084650234,0.002889451717618521
8s7c,1.0,1.0,3.567224342738915E-5,3.567224342738915E-5
8s6c,1.0,1.0,3.567224342738915E-5,3.567224342738915E-5
8s5c,1.0,1.0,3.567224342738915E-5,3.567224342738915E-5
8s4c,1.0,1.0,3.567224342738915E-5,3.567224342738915E-5
8s3c,1.0,1.0,3.567224342738915E-5,3.567224342738915E-5
8s2c,1.0,1.0,3.567224342738915E-5,3.567224342738915E-5
8sAd,13.0,13.0,4.6373916455605895E-4,4.6373916455605895E-4
8sKd,3.0,3.0,1.0701673028216744E-4,1.0701673028216744E-4
8sQd,2.0,1.0,7.13444868547783E-5,3.567224342738915E-5
8sJd,2.0,1.0,7.13444868547783E-5,3.567224342738915E-5
8sTd,1.0,1.0,3.567224342738915E-5,3.567224342738915E-5
8s9d,1.0,1.0,3.567224342738915E-5,3.567224342738915E-5
8s8d,90.0,81.0,0.0032105019084650234,0.002889451717618521
8s7d,1.0,1.0,3.567224342738915E-5,3.567224342738915E-5
8s6d,1.0,1.0,3.567224342738915E-5,3.567224342738915E-5
8s5d,1.0,1.0,3.567224342738915E-5,3.567224342738915E-5
8s4d,1.0,1.0,3.567224342738915E-5,3.567224342738915E-5
8s3d,1.0,1.0,3.567224342738915E-5,3.567224342738915E-5
8s2d,1.0,1.0,3.567224342738915E-5,3.567224342738915E-5
8sAh,13.0,13.0,4.6373916455605895E-4,4.6373916455605895E-4
8sKh,3.0,3.0,1.0701673028216744E-4,1.0701673028216744E-4
8sQh,2.0,1.0,7.13444868547783E-5,3.567224342738915E-5
8sJh,2.0,1.0,7.13444868547783E-5,3.567224342738915E-5
8sTh,1.0,1.0,3.567224342738915E-5,3.567224342738915E-5
8s9h,1.0,1.0,3.567224342738915E-5,3.567224342738915E-5
8s8h,90.0,81.0,0.0032105019084650234,0.002889451717618521
8s7h,1.0,1.0,3.567224342738915E-5,3.567224342738915E-5
8s6h,1.0,1.0,3.567224342738915E-5,3.567224342738915E-5
8s5h,1.0,1.0,3.567224342738915E-5,3.567224342738915E-5
8s4h,1.0,1.0,3.567224342738915E-5,3.567224342738915E-5
8s3h,1.0,1.0,3.567224342738915E-5,3.567224342738915E-5
8s2h,1.0,1.0,3.567224342738915E-5,3.567224342738915E-5
7s6s,1.0,1.0,3.567224342738915E-5,3.567224342738915E-5
7s5s,1.0,1.0,3.567224342738915E-5,3.567224342738915E-5
7s4s,1.0,1.0,3.567224342738915E-5,3.567224342738915E-5
7s3s,1.0,1.0,3.567224342738915E-5,3.567224342738915E-5
7s2s,1.0,1.0,3.567224342738915E-5,3.567224342738915E-5
7sAc,9.0,9.0,3.2105019084650236E-4,3.2105019084650236E-4
7sKc,3.0,2.0,1.0701673028216744E-4,7.13444868547783E-5
7sQc,2.0,1.0,7.13444868547783E-5,3.567224342738915E-5
7sJc,1.0,1.0,3.567224342738915E-5,3.567224342738915E-5
7sTc,1.0,1.0,3.567224342738915E-5,3.567224342738915E-5
7s9c,1.0,1.0,3.567224342738915E-5,3.567224342738915E-5
7s8c,1.0,1.0,3.567224342738915E-5,3.567224342738915E-5
7s7c,55.0,51.0,0.0019619733885064034,0.0018192844147968466
7s6c,1.0,1.0,3.567224342738915E-5,3.567224342738915E-5
7s5c,1.0,1.0,3.567224342738915E-5,3.567224342738915E-5
7s4c,1.0,1.0,3.567224342738915E-5,3.567224342738915E-5
7s3c,1.0,1.0,3.567224342738915E-5,3.567224342738915E-5
7s2c,1.0,1.0,3.567224342738915E-5,3.567224342738915E-5
7sAd,9.0,9.0,3.2105019084650236E-4,3.2105019084650236E-4
7sKd,3.0,2.0,1.0701673028216744E-4,7.13444868547783E-5
7sQd,2.0,1.0,7.13444868547783E-5,3.567224342738915E-5
7sJd,1.0,1.0,3.567224342738915E-5,3.567224342738915E-5
7sTd,1.0,1.0,3.567224342738915E-5,3.567224342738915E-5
7s9d,1.0,1.0,3.567224342738915E-5,3.567224342738915E-5
7s8d,1.0,1.0,3.567224342738915E-5,3.567224342738915E-5
7s7d,55.0,51.0,0.0019619733885064034,0.0018192844147968466
7s6d,1.0,1.0,3.567224342738915E-5,3.567224342738915E-5
7s5d,1.0,1.0,3.567224342738915E-5,3.567224342738915E-5
7s4d,1.0,1.0,3.567224342738915E-5,3.567224342738915E-5
7s3d,1.0,1.0,3.567224342738915E-5,3.567224342738915E-5
7s2d,1.0,1.0,3.567224342738915E-5,3.567224342738915E-5
7sAh,9.0,9.0,3.2105019084650236E-4,3.2105019084650236E-4
7sKh,3.0,2.0,1.0701673028216744E-4,7.13444868547783E-5
7sQh,2.0,1.0,7.13444868547783E-5,3.567224342738915E-5
7sJh,1.0,1.0,3.567224342738915E-5,3.567224342738915E-5
7sTh,1.0,1.0,3.567224342738915E-5,3.567224342738915E-5
7s9h,1.0,1.0,3.567224342738915E-5,3.567224342738915E-5
7s8h,1.0,1.0,3.567224342738915E-5,3.567224342738915E-5
7s7h,55.0,51.0,0.0019619733885064034,0.0018192844147968466
7s6h,1.0,1.0,3.567224342738915E-5,3.567224342738915E-5
7s5h,1.0,1.0,3.567224342738915E-5,3.567224342738915E-5
7s4h,1.0,1.0,3.567224342738915E-5,3.567224342738915E-5
7s3h,1.0,1.0,3.567224342738915E-5,3.567224342738915E-5
7s2h,1.0,1.0,3.567224342738915E-5,3.567224342738915E-5
6s5s,1.0,1.0,3.567224342738915E-5,3.567224342738915E-5
6s4s,1.0,1.0,3.567224342738915E-5,3.567224342738915E-5
6s3s,1.0,1.0,3.567224342738915E-5,3.567224342738915E-5
6s2s,1.0,1.0,3.567224342738915E-5,3.567224342738915E-5
6sAc,7.0,7.0,2.4970570399172404E-4,2.4970570399172404E-4
6sKc,3.0,2.0,1.0701673028216744E-4,7.13444868547783E-5
6sQc,2.0,1.0,7.13444868547783E-5,3.567224342738915E-5
6sJc,1.0,1.0,3.567224342738915E-5,3.567224342738915E-5
6sTc,1.0,1.0,3.567224342738915E-5,3.567224342738915E-5
6s9c,1.0,1.0,3.567224342738915E-5,3.567224342738915E-5
6s8c,1.0,1.0,3.567224342738915E-5,3.567224342738915E-5
6s7c,1.0,1.0,3.567224342738915E-5,3.567224342738915E-5
6s6c,35.0,33.0,0.0012485285199586203,0.0011771840331038419
6s5c,1.0,1.0,3.567224342738915E-5,3.567224342738915E-5
6s4c,1.0,1.0,3.567224342738915E-5,3.567224342738915E-5
6s3c,1.0,1.0,3.567224342738915E-5,3.567224342738915E-5
6s2c,1.0,1.0,3.567224342738915E-5,3.567224342738915E-5
6sAd,7.0,7.0,2.4970570399172404E-4,2.4970570399172404E-4
6sKd,3.0,2.0,1.0701673028216744E-4,7.13444868547783E-5
6sQd,2.0,1.0,7.13444868547783E-5,3.567224342738915E-5
6sJd,1.0,1.0,3.567224342738915E-5,3.567224342738915E-5
6sTd,1.0,1.0,3.567224342738915E-5,3.567224342738915E-5
6s9d,1.0,1.0,3.567224342738915E-5,3.567224342738915E-5
6s8d,1.0,1.0,3.567224342738915E-5,3.567224342738915E-5
6s7d,1.0,1.0,3.567224342738915E-5,3.567224342738915E-5
6s6d,35.0,33.0,0.0012485285199586203,0.0011771840331038419
6s5d,1.0,1.0,3.567224342738915E-5,3.567224342738915E-5
6s4d,1.0,1.0,3.567224342738915E-5,3.567224342738915E-5
6s3d,1.0,1.0,3.567224342738915E-5,3.567224342738915E-5
6s2d,1.0,1.0,3.567224342738915E-5,3.567224342738915E-5
6sAh,7.0,7.0,2.4970570399172404E-4,2.4970570399172404E-4
6sKh,3.0,2.0,1.0701673028216744E-4,7.13444868547783E-5
6sQh,2.0,1.0,7.13444868547783E-5,3.567224342738915E-5
6sJh,1.0,1.0,3.567224342738915E-5,3.567224342738915E-5
6sTh,1.0,1.0,3.567224342738915E-5,3.567224342738915E-5
6s9h,1.0,1.0,3.567224342738915E-5,3.567224342738915E-5
6s8h,1.0,1.0,3.567224342738915E-5,3.567224342738915E-5
6s7h,1.0,1.0,3.567224342738915E-5,3.567224342738915E-5
6s6h,35.0,33.0,0.0012485285199586203,0.0011771840331038419
6s5h,1.0,1.0,3.567224342738915E-5,3.567224342738915E-5
6s4h,1.0,1.0,3.567224342738915E-5,3.567224342738915E-5
6s3h,1.0,1.0,3.567224342738915E-5,3.567224342738915E-5
6s2h,1.0,1.0,3.567224342738915E-5,3.567224342738915E-5
5s4s,1.0,1.0,3.567224342738915E-5,3.567224342738915E-5
5s3s,1.0,1.0,3.567224342738915E-5,3.567224342738915E-5
5s2s,1.0,1.0,3.567224342738915E-5,3.567224342738915E-5
5sAc,7.0,7.0,2.4970570399172404E-4,2.4970570399172404E-4
5sKc,2.0,2.0,7.13444868547783E-5,7.13444868547783E-5
5sQc,2.0,1.0,7.13444868547783E-5,3.567224342738915E-5
5sJc,1.0,1.0,3.567224342738915E-5,3.567224342738915E-5
5sTc,1.0,1.0,3.567224342738915E-5,3.567224342738915E-5
5s9c,1.0,1.0,3.567224342738915E-5,3.567224342738915E-5
5s8c,1.0,1.0,3.567224342738915E-5,3.567224342738915E-5
5s7c,1.0,1.0,3.567224342738915E-5,3.567224342738915E-5
5s6c,1.0,1.0,3.567224342738915E-5,3.567224342738915E-5
5s5c,22.0,20.0,7.847893554025613E-4,7.13444868547783E-4
5s4c,1.0,1.0,3.567224342738915E-5,3.567224342738915E-5
5s3c,1.0,1.0,3.567224342738915E-5,3.567224342738915E-5
5s2c,1.0,1.0,3.567224342738915E-5,3.567224342738915E-5
5sAd,7.0,7.0,2.4970570399172404E-4,2.4970570399172404E-4
5sKd,2.0,2.0,7.13444868547783E-5,7.13444868547783E-5
5sQd,2.0,1.0,7.13444868547783E-5,3.567224342738915E-5
5sJd,1.0,1.0,3.567224342738915E-5,3.567224342738915E-5
5sTd,1.0,1.0,3.567224342738915E-5,3.567224342738915E-5
5s9d,1.0,1.0,3.567224342738915E-5,3.567224342738915E-5
5s8d,1.0,1.0,3.567224342738915E-5,3.567224342738915E-5
5s7d,1.0,1.0,3.567224342738915E-5,3.567224342738915E-5
5s6d,1.0,1.0,3.567224342738915E-5,3.567224342738915E-5
5s5d,22.0,20.0,7.847893554025613E-4,7.13444868547783E-4
5s4d,1.0,1.0,3.567224342738915E-5,3.567224342738915E-5
5s3d,1.0,1.0,3.567224342738915E-5,3.567224342738915E-5
5s2d,1.0,1.0,3.567224342738915E-5,3.567224342738915E-5
5sAh,7.0,7.0,2.4970570399172404E-4,2.4970570399172404E-4
5sKh,2.0,2.0,7.13444868547783E-5,7.13444868547783E-5
5sQh,2.0,1.0,7.13444868547783E-5,3.567224342738915E-5
5sJh,1.0,1.0,3.567224342738915E-5,3.567224342738915E-5
5sTh,1.0,1.0,3.567224342738915E-5,3.567224342738915E-5
5s9h,1.0,1.0,3.567224342738915E-5,3.567224342738915E-5
5s8h,1.0,1.0,3.567224342738915E-5,3.567224342738915E-5
5s7h,1.0,1.0,3.567224342738915E-5,3.567224342738915E-5
5s6h,1.0,1.0,3.567224342738915E-5,3.567224342738915E-5
5s5h,22.0,20.0,7.847893554025613E-4,7.13444868547783E-4
5s4h,1.0,1.0,3.567224342738915E-5,3.567224342738915E-5
5s3h,1.0,1.0,3.567224342738915E-5,3.567224342738915E-5
5s2h,1.0,1.0,3.567224342738915E-5,3.567224342738915E-5
4s3s,1.0,1.0,3.567224342738915E-5,3.567224342738915E-5
4s2s,1.0,1.0,3.567224342738915E-5,3.567224342738915E-5
4sAc,6.0,5.0,2.1403346056433488E-4,1.7836121713694575E-4
4sKc,2.0,1.0,7.13444868547783E-5,3.567224342738915E-5
4sQc,1.0,1.0,3.567224342738915E-5,3.567224342738915E-5
4sJc,1.0,1.0,3.567224342738915E-5,3.567224342738915E-5
4sTc,1.0,1.0,3.567224342738915E-5,3.567224342738915E-5
4s9c,1.0,1.0,3.567224342738915E-5,3.567224342738915E-5
4s8c,1.0,1.0,3.567224342738915E-5,3.567224342738915E-5
4s7c,1.0,1.0,3.567224342738915E-5,3.567224342738915E-5
4s6c,1.0,1.0,3.567224342738915E-5,3.567224342738915E-5
4s5c,1.0,1.0,3.567224342738915E-5,3.567224342738915E-5
4s4c,12.0,11.0,4.2806692112866976E-4,3.9239467770128063E-4
4s3c,1.0,1.0,3.567224342738915E-5,3.567224342738915E-5
4s2c,1.0,1.0,3.567224342738915E-5,3.567224342738915E-5
4sAd,6.0,5.0,2.1403346056433488E-4,1.7836121713694575E-4
4sKd,2.0,1.0,7.13444868547783E-5,3.567224342738915E-5
4sQd,1.0,1.0,3.567224342738915E-5,3.567224342738915E-5
4sJd,1.0,1.0,3.567224342738915E-5,3.567224342738915E-5
4sTd,1.0,1.0,3.567224342738915E-5,3.567224342738915E-5
4s9d,1.0,1.0,3.567224342738915E-5,3.567224342738915E-5
4s8d,1.0,1.0,3.567224342738915E-5,3.567224342738915E-5
4s7d,1.0,1.0,3.567224342738915E-5,3.567224342738915E-5
4s6d,1.0,1.0,3.567224342738915E-5,3.567224342738915E-5
4s5d,1.0,1.0,3.567224342738915E-5,3.567224342738915E-5
4s4d,12.0,11.0,4.2806692112866976E-4,3.9239467770128063E-4
4s3d,1.0,1.0,3.567224342738915E-5,3.567224342738915E-5
4s2d,1.0,1.0,3.567224342738915E-5,3.567224342738915E-5
4sAh,6.0,5.0,2.1403346056433488E-4,1.7836121713694575E-4
4sKh,2.0,1.0,7.13444868547783E-5,3.567224342738915E-5
4sQh,1.0,1.0,3.567224342738915E-5,3.567224342738915E-5
4sJh,1.0,1.0,3.567224342738915E-5,3.567224342738915E-5
4sTh,1.0,1.0,3.567224342738915E-5,3.567224342738915E-5
4s9h,1.0,1.0,3.567224342738915E-5,3.567224342738915E-5
4s8h,1.0,1.0,3.567224342738915E-5,3.567224342738915E-5
4s7h,1.0,1.0,3.567224342738915E-5,3.567224342738915E-5
4s6h,1.0,1.0,3.567224342738915E-5,3.567224342738915E-5
4s5h,1.0,1.0,3.567224342738915E-5,3.567224342738915E-5
4s4h,12.0,11.0,4.2806692112866976E-4,3.9239467770128063E-4
4s3h,1.0,1.0,3.567224342738915E-5,3.567224342738915E-5
4s2h,1.0,1.0,3.567224342738915E-5,3.567224342738915E-5
3s2s,1.0,1.0,3.567224342738915E-5,3.567224342738915E-5
3sAc,5.0,5.0,1.7836121713694575E-4,1.7836121713694575E-4
3sKc,2.0,1.0,7.13444868547783E-5,3.567224342738915E-5
3sQc,1.0,1.0,3.567224342738915E-5,3.567224342738915E-5
3sJc,1.0,1.0,3.567224342738915E-5,3.567224342738915E-5
3sTc,1.0,1.0,3.567224342738915E-5,3.567224342738915E-5
3s9c,1.0,1.0,3.567224342738915E-5,3.567224342738915E-5
3s8c,1.0,1.0,3.567224342738915E-5,3.567224342738915E-5
3s7c,1.0,1.0,3.567224342738915E-5,3.567224342738915E-5
3s6c,1.0,1.0,3.567224342738915E-5,3.567224342738915E-5
3s5c,1.0,1.0,3.567224342738915E-5,3.567224342738915E-5
3s4c,1.0,1.0,3.567224342738915E-5,3.567224342738915E-5
3s3c,6.0,5.0,2.1403346056433488E-4,1.7836121713694575E-4
3s2c,1.0,1.0,3.567224342738915E-5,3.567224342738915E-5
3sAd,5.0,5.0,1.7836121713694575E-4,1.7836121713694575E-4
3sKd,2.0,1.0,7.13444868547783E-5,3.567224342738915E-5
3sQd,1.0,1.0,3.567224342738915E-5,3.567224342738915E-5
3sJd,1.0,1.0,3.567224342738915E-5,3.567224342738915E-5
3sTd,1.0,1.0,3.567224342738915E-5,3.567224342738915E-5
3s9d,1.0,1.0,3.567224342738915E-5,3.567224342738915E-5
3s8d,1.0,1.0,3.567224342738915E-5,3.567224342738915E-5
3s7d,1.0,1.0,3.567224342738915E-5,3.567224342738915E-5
3s6d,1.0,1.0,3.567224342738915E-5,3.567224342738915E-5
3s5d,1.0,1.0,3.567224342738915E-5,3.567224342738915E-5
3s4d,1.0,1.0,3.567224342738915E-5,3.567224342738915E-5
3s3d,6.0,5.0,2.1403346056433488E-4,1.7836121713694575E-4
3s2d,1.0,1.0,3.567224342738915E-5,3.567224342738915E-5
3sAh,5.0,5.0,1.7836121713694575E-4,1.7836121713694575E-4
3sKh,2.0,1.0,7.13444868547783E-5,3.567224342738915E-5
3sQh,1.0,1.0,3.567224342738915E-5,3.567224342738915E-5
3sJh,1.0,1.0,3.567224342738915E-5,3.567224342738915E-5
3sTh,1.0,1.0,3.567224342738915E-5,3.567224342738915E-5
3s9h,1.0,1.0,3.567224342738915E-5,3.567224342738915E-5
3s8h,1.0,1.0,3.567224342738915E-5,3.567224342738915E-5
3s7h,1.0,1.0,3.567224342738915E-5,3.567224342738915E-5
3s6h,1.0,1.0,3.567224342738915E-5,3.567224342738915E-5
3s5h,1.0,1.0,3.567224342738915E-5,3.567224342738915E-5
3s4h,1.0,1.0,3.567224342738915E-5,3.567224342738915E-5
3s3h,6.0,5.0,2.1403346056433488E-4,1.7836121713694575E-4
3s2h,1.0,1.0,3.567224342738915E-5,3.567224342738915E-5
2sAc,4.0,4.0,1.426889737095566E-4,1.426889737095566E-4
2sKc,2.0,1.0,7.13444868547783E-5,3.567224342738915E-5
2sQc,1.0,1.0,3.567224342738915E-5,3.567224342738915E-5
2sJc,1.0,1.0,3.567224342738915E-5,3.567224342738915E-5
2sTc,1.0,1.0,3.567224342738915E-5,3.567224342738915E-5
2s9c,1.0,1.0,3.567224342738915E-5,3.567224342738915E-5
2s8c,1.0,1.0,3.567224342738915E-5,3.567224342738915E-5
2s7c,1.0,1.0,3.567224342738915E-5,3.567224342738915E-5
2s6c,1.0,1.0,3.567224342738915E-5,3.567224342738915E-5
2s5c,1.0,1.0,3.567224342738915E-5,3.567224342738915E-5
2s4c,1.0,1.0,3.567224342738915E-5,3.567224342738915E-5
2s3c,1.0,1.0,3.567224342738915E-5,3.567224342738915E-5
2s2c,2.0,1.0,7.13444868547783E-5,3.567224342738915E-5
2sAd,4.0,4.0,1.426889737095566E-4,1.426889737095566E-4
2sKd,2.0,1.0,7.13444868547783E-5,3.567224342738915E-5
2sQd,1.0,1.0,3.567224342738915E-5,3.567224342738915E-5
2sJd,1.0,1.0,3.567224342738915E-5,3.567224342738915E-5
2sTd,1.0,1.0,3.567224342738915E-5,3.567224342738915E-5
2s9d,1.0,1.0,3.567224342738915E-5,3.567224342738915E-5
2s8d,1.0,1.0,3.567224342738915E-5,3.567224342738915E-5
2s7d,1.0,1.0,3.567224342738915E-5,3.567224342738915E-5
2s6d,1.0,1.0,3.567224342738915E-5,3.567224342738915E-5
2s5d,1.0,1.0,3.567224342738915E-5,3.567224342738915E-5
2s4d,1.0,1.0,3.567224342738915E-5,3.567224342738915E-5
2s3d,1.0,1.0,3.567224342738915E-5,3.567224342738915E-5
2s2d,2.0,1.0,7.13444868547783E-5,3.567224342738915E-5
2sAh,4.0,4.0,1.426889737095566E-4,1.426889737095566E-4
2sKh,2.0,1.0,7.13444868547783E-5,3.567224342738915E-5
2sQh,1.0,1.0,3.567224342738915E-5,3.567224342738915E-5
2sJh,1.0,1.0,3.567224342738915E-5,3.567224342738915E-5
2sTh,1.0,1.0,3.567224342738915E-5,3.567224342738915E-5
2s9h,1.0,1.0,3.567224342738915E-5,3.567224342738915E-5
2s8h,1.0,1.0,3.567224342738915E-5,3.567224342738915E-5
2s7h,1.0,1.0,3.567224342738915E-5,3.567224342738915E-5
2s6h,1.0,1.0,3.567224342738915E-5,3.567224342738915E-5
2s5h,1.0,1.0,3.567224342738915E-5,3.567224342738915E-5
2s4h,1.0,1.0,3.567224342738915E-5,3.567224342738915E-5
2s3h,1.0,1.0,3.567224342738915E-5,3.567224342738915E-5
2s2h,2.0,1.0,7.13444868547783E-5,3.567224342738915E-5
AcKc,28033.0,603.0,1.0,0.021510362786715656
AcQc,7858.0,146.0,0.28031248885242394,0.005208147540398816
AcJc,3577.0,71.0,0.127599614739771,0.0025327292833446295
AcTc,2570.0,43.0,0.09167766560839011,0.0015339064673777333
Ac9c,27.0,26.0,9.63150572539507E-4,9.274783291121179E-4
Ac8c,19.0,19.0,6.777726251203938E-4,6.777726251203938E-4
Ac7c,15.0,15.0,5.350836514108373E-4,5.350836514108373E-4
Ac6c,12.0,11.0,4.2806692112866976E-4,3.9239467770128063E-4
Ac5c,1155.0,11.0,0.041201441158634465,3.9239467770128063E-4
Ac4c,10.0,10.0,3.567224342738915E-4,3.567224342738915E-4
Ac3c,8.0,8.0,2.853779474191132E-4,2.853779474191132E-4
Ac2c,7.0,7.0,2.4970570399172404E-4,2.4970570399172404E-4
AcAd,28033.0,28033.0,1.0,1.0
AcKd,23045.0,356.0,0.8220668497841829,0.012699318660150536
AcQd,120.0,100.0,0.004280669211286698,0.003567224342738915
AcJd,54.0,49.0,0.001926301145079014,0.0017479399279420682
AcTd,32.0,30.0,0.0011415117896764527,0.0010701673028216745
Ac9d,18.0,18.0,6.421003816930047E-4,6.421003816930047E-4
Ac8d,13.0,13.0,4.6373916455605895E-4,4.6373916455605895E-4
Ac7d,9.0,9.0,3.2105019084650236E-4,3.2105019084650236E-4
Ac6d,7.0,7.0,2.4970570399172404E-4,2.4970570399172404E-4
Ac5d,7.0,7.0,2.4970570399172404E-4,2.4970570399172404E-4
Ac4d,6.0,5.0,2.1403346056433488E-4,1.7836121713694575E-4
Ac3d,5.0,5.0,1.7836121713694575E-4,1.7836121713694575E-4
Ac2d,4.0,4.0,1.426889737095566E-4,1.426889737095566E-4
AcAh,28033.0,28033.0,1.0,1.0
AcKh,23045.0,356.0,0.8220668497841829,0.012699318660150536
AcQh,120.0,100.0,0.004280669211286698,0.003567224342738915
AcJh,54.0,49.0,0.001926301145079014,0.0017479399279420682
AcTh,32.0,30.0,0.0011415117896764527,0.0010701673028216745
Ac9h,18.0,18.0,6.421003816930047E-4,6.421003816930047E-4
Ac8h,13.0,13.0,4.6373916455605895E-4,4.6373916455605895E-4
Ac7h,9.0,9.0,3.2105019084650236E-4,3.2105019084650236E-4
Ac6h,7.0,7.0,2.4970570399172404E-4,2.4970570399172404E-4
Ac5h,7.0,7.0,2.4970570399172404E-4,2.4970570399172404E-4
Ac4h,6.0,5.0,2.1403346056433488E-4,1.7836121713694575E-4
Ac3h,5.0,5.0,1.7836121713694575E-4,1.7836121713694575E-4
Ac2h,4.0,4.0,1.426889737095566E-4,1.426889737095566E-4
KcQc,24.0,24.0,8.561338422573395E-4,8.561338422573395E-4
KcJc,15.0,16.0,5.350836514108373E-4,5.707558948382264E-4
KcTc,11.0,12.0,3.9239467770128063E-4,4.2806692112866976E-4
Kc9c,7.0,7.0,2.4970570399172404E-4,2.4970570399172404E-4
Kc8c,5.0,5.0,1.7836121713694575E-4,1.7836121713694575E-4
Kc7c,4.0,4.0,1.426889737095566E-4,1.426889737095566E-4
Kc6c,4.0,3.0,1.426889737095566E-4,1.0701673028216744E-4
Kc5c,3.0,3.0,1.0701673028216744E-4,1.0701673028216744E-4
Kc4c,3.0,2.0,1.0701673028216744E-4,7.13444868547783E-5
Kc3c,3.0,2.0,1.0701673028216744E-4,7.13444868547783E-5
Kc2c,2.0,2.0,7.13444868547783E-5,7.13444868547783E-5
KcAd,23045.0,356.0,0.8220668497841829,0.012699318660150536
KcKd,28033.0,20660.0,1.0,0.7369885492098598
KcQd,13.0,14.0,4.6373916455605895E-4,4.994114079834481E-4
KcJd,9.0,9.0,3.2105019084650236E-4,3.2105019084650236E-4
KcTd,7.0,7.0,2.4970570399172404E-4,2.4970570399172404E-4
Kc9d,5.0,4.0,1.7836121713694575E-4,1.426889737095566E-4
Kc8d,3.0,3.0,1.0701673028216744E-4,1.0701673028216744E-4
Kc7d,3.0,2.0,1.0701673028216744E-4,7.13444868547783E-5
Kc6d,3.0,2.0,1.0701673028216744E-4,7.13444868547783E-5
Kc5d,2.0,2.0,7.13444868547783E-5,7.13444868547783E-5
Kc4d,2.0,1.0,7.13444868547783E-5,3.567224342738915E-5
Kc3d,2.0,1.0,7.13444868547783E-5,3.567224342738915E-5
Kc2d,2.0,1.0,7.13444868547783E-5,3.567224342738915E-5
KcAh,23045.0,356.0,0.8220668497841829,0.012699318660150536
KcKh,28033.0,20660.0,1.0,0.7369885492098598
KcQh,13.0,14.0,4.6373916455605895E-4,4.994114079834481E-4
KcJh,9.0,9.0,3.2105019084650236E-4,3.2105019084650236E-4
KcTh,7.0,7.0,2.4970570399172404E-4,2.4970570399172404E-4
Kc9h,5.0,4.0,1.7836121713694575E-4,1.426889737095566E-4
Kc8h,3.0,3.0,1.0701673028216744E-4,1.0701673028216744E-4
Kc7h,3.0,2.0,1.0701673028216744E-4,7.13444868547783E-5
Kc6h,3.0,2.0,1.0701673028216744E-4,7.13444868547783E-5
Kc5h,2.0,2.0,7.13444868547783E-5,7.13444868547783E-5
Kc4h,2.0,1.0,7.13444868547783E-5,3.567224342738915E-5
Kc3h,2.0,1.0,7.13444868547783E-5,3.567224342738915E-5
Kc2h,2.0,1.0,7.13444868547783E-5,3.567224342738915E-5
QcJc,8.0,8.0,2.853779474191132E-4,2.853779474191132E-4
QcTc,6.0,6.0,2.1403346056433488E-4,2.1403346056433488E-4
Qc9c,4.0,4.0,1.426889737095566E-4,1.426889737095566E-4
Qc8c,3.0,3.0,1.0701673028216744E-4,1.0701673028216744E-4
Qc7c,3.0,2.0,1.0701673028216744E-4,7.13444868547783E-5
Qc6c,2.0,1.0,7.13444868547783E-5,3.567224342738915E-5
Qc5c,2.0,1.0,7.13444868547783E-5,3.567224342738915E-5
Qc4c,2.0,1.0,7.13444868547783E-5,3.567224342738915E-5
Qc3c,2.0,1.0,7.13444868547783E-5,3.567224342738915E-5
Qc2c,2.0,1.0,7.13444868547783E-5,3.567224342738915E-5
QcAd,120.0,100.0,0.004280669211286698,0.003567224342738915
QcKd,13.0,14.0,4.6373916455605895E-4,4.994114079834481E-4
QcQd,1813.0,1336.0,0.06467377733385653,0.0476581172189919
QcJd,5.0,5.0,1.7836121713694575E-4,1.7836121713694575E-4
QcTd,4.0,4.0,1.426889737095566E-4,1.426889737095566E-4
Qc9d,3.0,2.0,1.0701673028216744E-4,7.13444868547783E-5
Qc8d,2.0,1.0,7.13444868547783E-5,3.567224342738915E-5
Qc7d,2.0,1.0,7.13444868547783E-5,3.567224342738915E-5
Qc6d,2.0,1.0,7.13444868547783E-5,3.567224342738915E-5
Qc5d,2.0,1.0,7.13444868547783E-5,3.567224342738915E-5
Qc4d,1.0,1.0,3.567224342738915E-5,3.567224342738915E-5
Qc3d,1.0,1.0,3.567224342738915E-5,3.567224342738915E-5
Qc2d,1.0,1.0,3.567224342738915E-5,3.567224342738915E-5
QcAh,120.0,100.0,0.004280669211286698,0.003567224342738915
QcKh,13.0,14.0,4.6373916455605895E-4,4.994114079834481E-4
QcQh,1813.0,1336.0,0.06467377733385653,0.0476581172189919
QcJh,5.0,5.0,1.7836121713694575E-4,1.7836121713694575E-4
QcTh,4.0,4.0,1.426889737095566E-4,1.426889737095566E-4
Qc9h,3.0,2.0,1.0701673028216744E-4,7.13444868547783E-5
Qc8h,2.0,1.0,7.13444868547783E-5,3.567224342738915E-5
Qc7h,2.0,1.0,7.13444868547783E-5,3.567224342738915E-5
Qc6h,2.0,1.0,7.13444868547783E-5,3.567224342738915E-5
Qc5h,2.0,1.0,7.13444868547783E-5,3.567224342738915E-5
Qc4h,1.0,1.0,3.567224342738915E-5,3.567224342738915E-5
Qc3h,1.0,1.0,3.567224342738915E-5,3.567224342738915E-5
Qc2h,1.0,1.0,3.567224342738915E-5,3.567224342738915E-5
JcTc,5.0,4.0,1.7836121713694575E-4,1.426889737095566E-4
Jc9c,3.0,2.0,1.0701673028216744E-4,7.13444868547783E-5
Jc8c,3.0,1.0,1.0701673028216744E-4,3.567224342738915E-5
Jc7c,2.0,1.0,7.13444868547783E-5,3.567224342738915E-5
Jc6c,2.0,1.0,7.13444868547783E-5,3.567224342738915E-5
Jc5c,2.0,1.0,7.13444868547783E-5,3.567224342738915E-5
Jc4c,1.0,1.0,3.567224342738915E-5,3.567224342738915E-5
Jc3c,1.0,1.0,3.567224342738915E-5,3.567224342738915E-5
Jc2c,1.0,1.0,3.567224342738915E-5,3.567224342738915E-5
JcAd,54.0,49.0,0.001926301145079014,0.0017479399279420682
JcKd,9.0,9.0,3.2105019084650236E-4,3.2105019084650236E-4
JcQd,5.0,5.0,1.7836121713694575E-4,1.7836121713694575E-4
JcJd,631.0,503.0,0.022509185602682554,0.01794313844397674
JcTd,3.0,2.0,1.0701673028216744E-4,7.13444868547783E-5
Jc9d,2.0,1.0,7.13444868547783E-5,3.567224342738915E-5
Jc8d,2.0,1.0,7.13444868547783E-5,3.567224342738915E-5
Jc7d,1.0,1.0,3.567224342738915E-5,3.567224342738915E-5
Jc6d,1.0,1.0,3.567224342738915E-5,3.567224342738915E-5
Jc5d,1.0,1.0,3.567224342738915E-5,3.567224342738915E-5
Jc4d,1.0,1.0,3.567224342738915E-5,3.567224342738915E-5
Jc3d,1.0,1.0,3.567224342738915E-5,3.567224342738915E-5
Jc2d,1.0,1.0,3.567224342738915E-5,3.567224342738915E-5
JcAh,54.0,49.0,0.001926301145079014,0.0017479399279420682
JcKh,9.0,9.0,3.2105019084650236E-4,3.2105019084650236E-4
JcQh,5.0,5.0,1.7836121713694575E-4,1.7836121713694575E-4
JcJh,631.0,503.0,0.022509185602682554,0.01794313844397674
JcTh,3.0,2.0,1.0701673028216744E-4,7.13444868547783E-5
Jc9h,2.0,1.0,7.13444868547783E-5,3.567224342738915E-5
Jc8h,2.0,1.0,7.13444868547783E-5,3.567224342738915E-5
Jc7h,1.0,1.0,3.567224342738915E-5,3.567224342738915E-5
Jc6h,1.0,1.0,3.567224342738915E-5,3.567224342738915E-5
Jc5h,1.0,1.0,3.567224342738915E-5,3.567224342738915E-5
Jc4h,1.0,1.0,3.567224342738915E-5,3.567224342738915E-5
Jc3h,1.0,1.0,3.567224342738915E-5,3.567224342738915E-5
Jc2h,1.0,1.0,3.567224342738915E-5,3.567224342738915E-5
Tc9c,3.0,2.0,1.0701673028216744E-4,7.13444868547783E-5
Tc8c,2.0,1.0,7.13444868547783E-5,3.567224342738915E-5
Tc7c,2.0,1.0,7.13444868547783E-5,3.567224342738915E-5
Tc6c,1.0,1.0,3.567224342738915E-5,3.567224342738915E-5
Tc5c,1.0,1.0,3.567224342738915E-5,3.567224342738915E-5
Tc4c,1.0,1.0,3.567224342738915E-5,3.567224342738915E-5
Tc3c,1.0,1.0,3.567224342738915E-5,3.567224342738915E-5
Tc2c,1.0,1.0,3.567224342738915E-5,3.567224342738915E-5
TcAd,32.0,30.0,0.0011415117896764527,0.0010701673028216745
TcKd,7.0,7.0,2.4970570399172404E-4,2.4970570399172404E-4
TcQd,4.0,4.0,1.426889737095566E-4,1.426889737095566E-4
TcJd,3.0,2.0,1.0701673028216744E-4,7.13444868547783E-5
TcTd,304.0,249.0,0.010844362001926301,0.008882388613419898
Tc9d,2.0,1.0,7.13444868547783E-5,3.567224342738915E-5
Tc8d,1.0,1.0,3.567224342738915E-5,3.567224342738915E-5
Tc7d,1.0,1.0,3.567224342738915E-5,3.567224342738915E-5
Tc6d,1.0,1.0,3.567224342738915E-5,3.567224342738915E-5
Tc5d,1.0,1.0,3.567224342738915E-5,3.567224342738915E-5
Tc4d,1.0,1.0,3.567224342738915E-5,3.567224342738915E-5
Tc3d,1.0,1.0,3.567224342738915E-5,3.567224342738915E-5
Tc2d,1.0,1.0,3.567224342738915E-5,3.567224342738915E-5
TcAh,32.0,30.0,0.0011415117896764527,0.0010701673028216745
TcKh,7.0,7.0,2.4970570399172404E-4,2.4970570399172404E-4
TcQh,4.0,4.0,1.426889737095566E-4,1.426889737095566E-4
TcJh,3.0,2.0,1.0701673028216744E-4,7.13444868547783E-5
TcTh,304.0,249.0,0.010844362001926301,0.008882388613419898
Tc9h,2.0,1.0,7.13444868547783E-5,3.567224342738915E-5
Tc8h,1.0,1.0,3.567224342738915E-5,3.567224342738915E-5
Tc7h,1.0,1.0,3.567224342738915E-5,3.567224342738915E-5
Tc6h,1.0,1.0,3.567224342738915E-5,3.567224342738915E-5
Tc5h,1.0,1.0,3.567224342738915E-5,3.567224342738915E-5
Tc4h,1.0,1.0,3.567224342738915E-5,3.567224342738915E-5
Tc3h,1.0,1.0,3.567224342738915E-5,3.567224342738915E-5
Tc2h,1.0,1.0,3.567224342738915E-5,3.567224342738915E-5
9c8c,2.0,1.0,7.13444868547783E-5,3.567224342738915E-5
9c7c,1.0,1.0,3.567224342738915E-5,3.567224342738915E-5
9c6c,1.0,1.0,3.567224342738915E-5,3.567224342738915E-5
9c5c,1.0,1.0,3.567224342738915E-5,3.567224342738915E-5
9c4c,1.0,1.0,3.567224342738915E-5,3.567224342738915E-5
9c3c,1.0,1.0,3.567224342738915E-5,3.567224342738915E-5
9c2c,1.0,1.0,3.567224342738915E-5,3.567224342738915E-5
9cAd,18.0,18.0,6.421003816930047E-4,6.421003816930047E-4
9cKd,5.0,4.0,1.7836121713694575E-4,1.426889737095566E-4
9cQd,3.0,2.0,1.0701673028216744E-4,7.13444868547783E-5
9cJd,2.0,1.0,7.13444868547783E-5,3.567224342738915E-5
9cTd,2.0,1.0,7.13444868547783E-5,3.567224342738915E-5
9c9d,151.0,133.0,0.0053865087575357615,0.0047444083758427565
9c8d,1.0,1.0,3.567224342738915E-5,3.567224342738915E-5
9c7d,1.0,1.0,3.567224342738915E-5,3.567224342738915E-5
9c6d,1.0,1.0,3.567224342738915E-5,3.567224342738915E-5
9c5d,1.0,1.0,3.567224342738915E-5,3.567224342738915E-5
9c4d,1.0,1.0,3.567224342738915E-5,3.567224342738915E-5
9c3d,1.0,1.0,3.567224342738915E-5,3.567224342738915E-5
9c2d,1.0,1.0,3.567224342738915E-5,3.567224342738915E-5
9cAh,18.0,18.0,6.421003816930047E-4,6.421003816930047E-4
9cKh,5.0,4.0,1.7836121713694575E-4,1.426889737095566E-4
9cQh,3.0,2.0,1.0701673028216744E-4,7.13444868547783E-5
9cJh,2.0,1.0,7.13444868547783E-5,3.567224342738915E-5
9cTh,2.0,1.0,7.13444868547783E-5,3.567224342738915E-5
9c9h,151.0,133.0,0.0053865087575357615,0.0047444083758427565
9c8h,1.0,1.0,3.567224342738915E-5,3.567224342738915E-5
9c7h,1.0,1.0,3.567224342738915E-5,3.567224342738915E-5
9c6h,1.0,1.0,3.567224342738915E-5,3.567224342738915E-5
9c5h,1.0,1.0,3.567224342738915E-5,3.567224342738915E-5
9c4h,1.0,1.0,3.567224342738915E-5,3.567224342738915E-5
9c3h,1.0,1.0,3.567224342738915E-5,3.567224342738915E-5
9c2h,1.0,1.0,3.567224342738915E-5,3.567224342738915E-5
8c7c,1.0,1.0,3.567224342738915E-5,3.567224342738915E-5
8c6c,1.0,1.0,3.567224342738915E-5,3.567224342738915E-5
8c5c,1.0,1.0,3.567224342738915E-5,3.567224342738915E-5
8c4c,1.0,1.0,3.567224342738915E-5,3.567224342738915E-5
8c3c,1.0,1.0,3.567224342738915E-5,3.567224342738915E-5
8c2c,1.0,1.0,3.567224342738915E-5,3.567224342738915E-5
8cAd,13.0,13.0,4.6373916455605895E-4,4.6373916455605895E-4
8cKd,3.0,3.0,1.0701673028216744E-4,1.0701673028216744E-4
8cQd,2.0,1.0,7.13444868547783E-5,3.567224342738915E-5
8cJd,2.0,1.0,7.13444868547783E-5,3.567224342738915E-5
8cTd,1.0,1.0,3.567224342738915E-5,3.567224342738915E-5
8c9d,1.0,1.0,3.567224342738915E-5,3.567224342738915E-5
8c8d,90.0,81.0,0.0032105019084650234,0.002889451717618521
8c7d,1.0,1.0,3.567224342738915E-5,3.567224342738915E-5
8c6d,1.0,1.0,3.567224342738915E-5,3.567224342738915E-5
8c5d,1.0,1.0,3.567224342738915E-5,3.567224342738915E-5
8c4d,1.0,1.0,3.567224342738915E-5,3.567224342738915E-5
8c3d,1.0,1.0,3.567224342738915E-5,3.567224342738915E-5
8c2d,1.0,1.0,3.567224342738915E-5,3.567224342738915E-5
8cAh,13.0,13.0,4.6373916455605895E-4,4.6373916455605895E-4
8cKh,3.0,3.0,1.0701673028216744E-4,1.0701673028216744E-4
8cQh,2.0,1.0,7.13444868547783E-5,3.567224342738915E-5
8cJh,2.0,1.0,7.13444868547783E-5,3.567224342738915E-5
8cTh,1.0,1.0,3.567224342738915E-5,3.567224342738915E-5
8c9h,1.0,1.0,3.567224342738915E-5,3.567224342738915E-5
8c8h,90.0,81.0,0.0032105019084650234,0.002889451717618521
8c7h,1.0,1.0,3.567224342738915E-5,3.567224342738915E-5
8c6h,1.0,1.0,3.567224342738915E-5,3.567224342738915E-5
8c5h,1.0,1.0,3.567224342738915E-5,3.567224342738915E-5
8c4h,1.0,1.0,3.567224342738915E-5,3.567224342738915E-5
8c3h,1.0,1.0,3.567224342738915E-5,3.567224342738915E-5
8c2h,1.0,1.0,3.567224342738915E-5,3.567224342738915E-5
7c6c,1.0,1.0,3.567224342738915E-5,3.567224342738915E-5
7c5c,1.0,1.0,3.567224342738915E-5,3.567224342738915E-5
7c4c,1.0,1.0,3.567224342738915E-5,3.567224342738915E-5
7c3c,1.0,1.0,3.567224342738915E-5,3.567224342738915E-5
7c2c,1.0,1.0,3.567224342738915E-5,3.567224342738915E-5
7cAd,9.0,9.0,3.2105019084650236E-4,3.2105019084650236E-4
7cKd,3.0,2.0,1.0701673028216744E-4,7.13444868547783E-5
7cQd,2.0,1.0,7.13444868547783E-5,3.567224342738915E-5
7cJd,1.0,1.0,3.567224342738915E-5,3.567224342738915E-5
7cTd,1.0,1.0,3.567224342738915E-5,3.567224342738915E-5
7c9d,1.0,1.0,3.567224342738915E-5,3.567224342738915E-5
7c8d,1.0,1.0,3.567224342738915E-5,3.567224342738915E-5
7c7d,55.0,51.0,0.0019619733885064034,0.0018192844147968466
7c6d,1.0,1.0,3.567224342738915E-5,3.567224342738915E-5
7c5d,1.0,1.0,3.567224342738915E-5,3.567224342738915E-5
7c4d,1.0,1.0,3.567224342738915E-5,3.567224342738915E-5
7c3d,1.0,1.0,3.567224342738915E-5,3.567224342738915E-5
7c2d,1.0,1.0,3.567224342738915E-5,3.567224342738915E-5
7cAh,9.0,9.0,3.2105019084650236E-4,3.2105019084650236E-4
7cKh,3.0,2.0,1.0701673028216744E-4,7.13444868547783E-5
7cQh,2.0,1.0,7.13444868547783E-5,3.567224342738915E-5
7cJh,1.0,1.0,3.567224342738915E-5,3.567224342738915E-5
7cTh,1.0,1.0,3.567224342738915E-5,3.567224342738915E-5
7c9h,1.0,1.0,3.567224342738915E-5,3.567224342738915E-5
7c8h,1.0,1.0,3.567224342738915E-5,3.567224342738915E-5
7c7h,55.0,51.0,0.0019619733885064034,0.0018192844147968466
7c6h,1.0,1.0,3.567224342738915E-5,3.567224342738915E-5
7c5h,1.0,1.0,3.567224342738915E-5,3.567224342738915E-5
7c4h,1.0,1.0,3.567224342738915E-5,3.567224342738915E-5
7c3h,1.0,1.0,3.567224342738915E-5,3.567224342738915E-5
7c2h,1.0,1.0,3.567224342738915E-5,3.567224342738915E-5
6c5c,1.0,1.0,3.567224342738915E-5,3.567224342738915E-5
6c4c,1.0,1.0,3.567224342738915E-5,3.567224342738915E-5
6c3c,1.0,1.0,3.567224342738915E-5,3.567224342738915E-5
6c2c,1.0,1.0,3.567224342738915E-5,3.567224342738915E-5
6cAd,7.0,7.0,2.4970570399172404E-4,2.4970570399172404E-4
6cKd,3.0,2.0,1.0701673028216744E-4,7.13444868547783E-5
6cQd,2.0,1.0,7.13444868547783E-5,3.567224342738915E-5
6cJd,1.0,1.0,3.567224342738915E-5,3.567224342738915E-5
6cTd,1.0,1.0,3.567224342738915E-5,3.567224342738915E-5
6c9d,1.0,1.0,3.567224342738915E-5,3.567224342738915E-5
6c8d,1.0,1.0,3.567224342738915E-5,3.567224342738915E-5
6c7d,1.0,1.0,3.567224342738915E-5,3.567224342738915E-5
6c6d,35.0,33.0,0.0012485285199586203,0.0011771840331038419
6c5d,1.0,1.0,3.567224342738915E-5,3.567224342738915E-5
6c4d,1.0,1.0,3.567224342738915E-5,3.567224342738915E-5
6c3d,1.0,1.0,3.567224342738915E-5,3.567224342738915E-5
6c2d,1.0,1.0,3.567224342738915E-5,3.567224342738915E-5
6cAh,7.0,7.0,2.4970570399172404E-4,2.4970570399172404E-4
6cKh,3.0,2.0,1.0701673028216744E-4,7.13444868547783E-5
6cQh,2.0,1.0,7.13444868547783E-5,3.567224342738915E-5
6cJh,1.0,1.0,3.567224342738915E-5,3.567224342738915E-5
6cTh,1.0,1.0,3.567224342738915E-5,3.567224342738915E-5
6c9h,1.0,1.0,3.567224342738915E-5,3.567224342738915E-5
6c8h,1.0,1.0,3.567224342738915E-5,3.567224342738915E-5
6c7h,1.0,1.0,3.567224342738915E-5,3.567224342738915E-5
6c6h,35.0,33.0,0.0012485285199586203,0.0011771840331038419
6c5h,1.0,1.0,3.567224342738915E-5,3.567224342738915E-5
6c4h,1.0,1.0,3.567224342738915E-5,3.567224342738915E-5
6c3h,1.0,1.0,3.567224342738915E-5,3.567224342738915E-5
6c2h,1.0,1.0,3.567224342738915E-5,3.567224342738915E-5
5c4c,1.0,1.0,3.567224342738915E-5,3.567224342738915E-5
5c3c,1.0,1.0,3.567224342738915E-5,3.567224342738915E-5
5c2c,1.0,1.0,3.567224342738915E-5,3.567224342738915E-5
5cAd,7.0,7.0,2.4970570399172404E-4,2.4970570399172404E-4
5cKd,2.0,2.0,7.13444868547783E-5,7.13444868547783E-5
5cQd,2.0,1.0,7.13444868547783E-5,3.567224342738915E-5
5cJd,1.0,1.0,3.567224342738915E-5,3.567224342738915E-5
5cTd,1.0,1.0,3.567224342738915E-5,3.567224342738915E-5
5c9d,1.0,1.0,3.567224342738915E-5,3.567224342738915E-5
5c8d,1.0,1.0,3.567224342738915E-5,3.567224342738915E-5
5c7d,1.0,1.0,3.567224342738915E-5,3.567224342738915E-5
5c6d,1.0,1.0,3.567224342738915E-5,3.567224342738915E-5
5c5d,22.0,20.0,7.847893554025613E-4,7.13444868547783E-4
5c4d,1.0,1.0,3.567224342738915E-5,3.567224342738915E-5
5c3d,1.0,1.0,3.567224342738915E-5,3.567224342738915E-5
5c2d,1.0,1.0,3.567224342738915E-5,3.567224342738915E-5
5cAh,7.0,7.0,2.4970570399172404E-4,2.4970570399172404E-4
5cKh,2.0,2.0,7.13444868547783E-5,7.13444868547783E-5
5cQh,2.0,1.0,7.13444868547783E-5,3.567224342738915E-5
5cJh,1.0,1.0,3.567224342738915E-5,3.567224342738915E-5
5cTh,1.0,1.0,3.567224342738915E-5,3.567224342738915E-5
5c9h,1.0,1.0,3.567224342738915E-5,3.567224342738915E-5
5c8h,1.0,1.0,3.567224342738915E-5,3.567224342738915E-5
5c7h,1.0,1.0,3.567224342738915E-5,3.567224342738915E-5
5c6h,1.0,1.0,3.567224342738915E-5,3.567224342738915E-5
5c5h,22.0,20.0,7.847893554025613E-4,7.13444868547783E-4
5c4h,1.0,1.0,3.567224342738915E-5,3.567224342738915E-5
5c3h,1.0,1.0,3.567224342738915E-5,3.567224342738915E-5
5c2h,1.0,1.0,3.567224342738915E-5,3.567224342738915E-5
4c3c,1.0,1.0,3.567224342738915E-5,3.567224342738915E-5
4c2c,1.0,1.0,3.567224342738915E-5,3.567224342738915E-5
4cAd,6.0,5.0,2.1403346056433488E-4,1.7836121713694575E-4
4cKd,2.0,1.0,7.13444868547783E-5,3.567224342738915E-5
4cQd,1.0,1.0,3.567224342738915E-5,3.567224342738915E-5
4cJd,1.0,1.0,3.567224342738915E-5,3.567224342738915E-5
4cTd,1.0,1.0,3.567224342738915E-5,3.567224342738915E-5
4c9d,1.0,1.0,3.567224342738915E-5,3.567224342738915E-5
4c8d,1.0,1.0,3.567224342738915E-5,3.567224342738915E-5
4c7d,1.0,1.0,3.567224342738915E-5,3.567224342738915E-5
4c6d,1.0,1.0,3.567224342738915E-5,3.567224342738915E-5
4c5d,1.0,1.0,3.567224342738915E-5,3.567224342738915E-5
4c4d,12.0,11.0,4.2806692112866976E-4,3.9239467770128063E-4
4c3d,1.0,1.0,3.567224342738915E-5,3.567224342738915E-5
4c2d,1.0,1.0,3.567224342738915E-5,3.567224342738915E-5
4cAh,6.0,5.0,2.1403346056433488E-4,1.7836121713694575E-4
4cKh,2.0,1.0,7.13444868547783E-5,3.567224342738915E-5
4cQh,1.0,1.0,3.567224342738915E-5,3.567224342738915E-5
4cJh,1.0,1.0,3.567224342738915E-5,3.567224342738915E-5
4cTh,1.0,1.0,3.567224342738915E-5,3.567224342738915E-5
4c9h,1.0,1.0,3.567224342738915E-5,3.567224342738915E-5
4c8h,1.0,1.0,3.567224342738915E-5,3.567224342738915E-5
4c7h,1.0,1.0,3.567224342738915E-5,3.567224342738915E-5
4c6h,1.0,1.0,3.567224342738915E-5,3.567224342738915E-5
4c5h,1.0,1.0,3.567224342738915E-5,3.567224342738915E-5
4c4h,12.0,11.0,4.2806692112866976E-4,3.9239467770128063E-4
4c3h,1.0,1.0,3.567224342738915E-5,3.567224342738915E-5
4c2h,1.0,1.0,3.567224342738915E-5,3.567224342738915E-5
3c2c,1.0,1.0,3.567224342738915E-5,3.567224342738915E-5
3cAd,5.0,5.0,1.7836121713694575E-4,1.7836121713694575E-4
3cKd,2.0,1.0,7.13444868547783E-5,3.567224342738915E-5
3cQd,1.0,1.0,3.567224342738915E-5,3.567224342738915E-5
3cJd,1.0,1.0,3.567224342738915E-5,3.567224342738915E-5
3cTd,1.0,1.0,3.567224342738915E-5,3.567224342738915E-5
3c9d,1.0,1.0,3.567224342738915E-5,3.567224342738915E-5
3c8d,1.0,1.0,3.567224342738915E-5,3.567224342738915E-5
3c7d,1.0,1.0,3.567224342738915E-5,3.567224342738915E-5
3c6d,1.0,1.0,3.567224342738915E-5,3.567224342738915E-5
3c5d,1.0,1.0,3.567224342738915E-5,3.567224342738915E-5
3c4d,1.0,1.0,3.567224342738915E-5,3.567224342738915E-5
3c3d,6.0,5.0,2.1403346056433488E-4,1.7836121713694575E-4
3c2d,1.0,1.0,3.567224342738915E-5,3.567224342738915E-5
3cAh,5.0,5.0,1.7836121713694575E-4,1.7836121713694575E-4
3cKh,2.0,1.0,7.13444868547783E-5,3.567224342738915E-5
3cQh,1.0,1.0,3.567224342738915E-5,3.567224342738915E-5
3cJh,1.0,1.0,3.567224342738915E-5,3.567224342738915E-5
3cTh,1.0,1.0,3.567224342738915E-5,3.567224342738915E-5
3c9h,1.0,1.0,3.567224342738915E-5,3.567224342738915E-5
3c8h,1.0,1.0,3.567224342738915E-5,3.567224342738915E-5
3c7h,1.0,1.0,3.567224342738915E-5,3.567224342738915E-5
3c6h,1.0,1.0,3.567224342738915E-5,3.567224342738915E-5
3c5h,1.0,1.0,3.567224342738915E-5,3.567224342738915E-5
3c4h,1.0,1.0,3.567224342738915E-5,3.567224342738915E-5
3c3h,6.0,5.0,2.1403346056433488E-4,1.7836121713694575E-4
3c2h,1.0,1.0,3.567224342738915E-5,3.567224342738915E-5
2cAd,4.0,4.0,1.426889737095566E-4,1.426889737095566E-4
2cKd,2.0,1.0,7.13444868547783E-5,3.567224342738915E-5
2cQd,1.0,1.0,3.567224342738915E-5,3.567224342738915E-5
2cJd,1.0,1.0,3.567224342738915E-5,3.567224342738915E-5
2cTd,1.0,1.0,3.567224342738915E-5,3.567224342738915E-5
2c9d,1.0,1.0,3.567224342738915E-5,3.567224342738915E-5
2c8d,1.0,1.0,3.567224342738915E-5,3.567224342738915E-5
2c7d,1.0,1.0,3.567224342738915E-5,3.567224342738915E-5
2c6d,1.0,1.0,3.567224342738915E-5,3.567224342738915E-5
2c5d,1.0,1.0,3.567224342738915E-5,3.567224342738915E-5
2c4d,1.0,1.0,3.567224342738915E-5,3.567224342738915E-5
2c3d,1.0,1.0,3.567224342738915E-5,3.567224342738915E-5
2c2d,2.0,1.0,7.13444868547783E-5,3.567224342738915E-5
2cAh,4.0,4.0,1.426889737095566E-4,1.426889737095566E-4
2cKh,2.0,1.0,7.13444868547783E-5,3.567224342738915E-5
2cQh,1.0,1.0,3.567224342738915E-5,3.567224342738915E-5
2cJh,1.0,1.0,3.567224342738915E-5,3.567224342738915E-5
2cTh,1.0,1.0,3.567224342738915E-5,3.567224342738915E-5
2c9h,1.0,1.0,3.567224342738915E-5,3.567224342738915E-5
2c8h,1.0,1.0,3.567224342738915E-5,3.567224342738915E-5
2c7h,1.0,1.0,3.567224342738915E-5,3.567224342738915E-5
2c6h,1.0,1.0,3.567224342738915E-5,3.567224342738915E-5
2c5h,1.0,1.0,3.567224342738915E-5,3.567224342738915E-5
2c4h,1.0,1.0,3.567224342738915E-5,3.567224342738915E-5
2c3h,1.0,1.0,3.567224342738915E-5,3.567224342738915E-5
2c2h,2.0,1.0,7.13444868547783E-5,3.567224342738915E-5
AdKd,28033.0,603.0,1.0,0.021510362786715656
AdQd,7858.0,146.0,0.28031248885242394,0.005208147540398816
AdJd,3577.0,71.0,0.127599614739771,0.0025327292833446295
AdTd,2570.0,43.0,0.09167766560839011,0.0015339064673777333
Ad9d,27.0,26.0,9.63150572539507E-4,9.274783291121179E-4
Ad8d,19.0,19.0,6.777726251203938E-4,6.777726251203938E-4
Ad7d,15.0,15.0,5.350836514108373E-4,5.350836514108373E-4
Ad6d,12.0,11.0,4.2806692112866976E-4,3.9239467770128063E-4
Ad5d,1155.0,11.0,0.041201441158634465,3.9239467770128063E-4
Ad4d,10.0,10.0,3.567224342738915E-4,3.567224342738915E-4
Ad3d,8.0,8.0,2.853779474191132E-4,2.853779474191132E-4
Ad2d,7.0,7.0,2.4970570399172404E-4,2.4970570399172404E-4
AdAh,28033.0,28033.0,1.0,1.0
AdKh,23045.0,356.0,0.8220668497841829,0.012699318660150536
AdQh,120.0,100.0,0.004280669211286698,0.003567224342738915
AdJh,54.0,49.0,0.001926301145079014,0.0017479399279420682
AdTh,32.0,30.0,0.0011415117896764527,0.0010701673028216745
Ad9h,18.0,18.0,6.421003816930047E-4,6.421003816930047E-4
Ad8h,13.0,13.0,4.6373916455605895E-4,4.6373916455605895E-4
Ad7h,9.0,9.0,3.2105019084650236E-4,3.2105019084650236E-4
Ad6h,7.0,7.0,2.4970570399172404E-4,2.4970570399172404E-4
Ad5h,7.0,7.0,2.4970570399172404E-4,2.4970570399172404E-4
Ad4h,6.0,5.0,2.1403346056433488E-4,1.7836121713694575E-4
Ad3h,5.0,5.0,1.7836121713694575E-4,1.7836121713694575E-4
Ad2h,4.0,4.0,1.426889737095566E-4,1.426889737095566E-4
KdQd,24.0,24.0,8.561338422573395E-4,8.561338422573395E-4
KdJd,15.0,16.0,5.350836514108373E-4,5.707558948382264E-4
KdTd,11.0,12.0,3.9239467770128063E-4,4.2806692112866976E-4
Kd9d,7.0,7.0,2.4970570399172404E-4,2.4970570399172404E-4
Kd8d,5.0,5.0,1.7836121713694575E-4,1.7836121713694575E-4
Kd7d,4.0,4.0,1.426889737095566E-4,1.426889737095566E-4
Kd6d,4.0,3.0,1.426889737095566E-4,1.0701673028216744E-4
Kd5d,3.0,3.0,1.0701673028216744E-4,1.0701673028216744E-4
Kd4d,3.0,2.0,1.0701673028216744E-4,7.13444868547783E-5
Kd3d,3.0,2.0,1.0701673028216744E-4,7.13444868547783E-5
Kd2d,2.0,2.0,7.13444868547783E-5,7.13444868547783E-5
KdAh,23045.0,356.0,0.8220668497841829,0.012699318660150536
KdKh,28033.0,20660.0,1.0,0.7369885492098598
KdQh,13.0,14.0,4.6373916455605895E-4,4.994114079834481E-4
KdJh,9.0,9.0,3.2105019084650236E-4,3.2105019084650236E-4
KdTh,7.0,7.0,2.4970570399172404E-4,2.4970570399172404E-4
Kd9h,5.0,4.0,1.7836121713694575E-4,1.426889737095566E-4
Kd8h,3.0,3.0,1.0701673028216744E-4,1.0701673028216744E-4
Kd7h,3.0,2.0,1.0701673028216744E-4,7.13444868547783E-5
Kd6h,3.0,2.0,1.0701673028216744E-4,7.13444868547783E-5
Kd5h,2.0,2.0,7.13444868547783E-5,7.13444868547783E-5
Kd4h,2.0,1.0,7.13444868547783E-5,3.567224342738915E-5
Kd3h,2.0,1.0,7.13444868547783E-5,3.567224342738915E-5
Kd2h,2.0,1.0,7.13444868547783E-5,3.567224342738915E-5
QdJd,8.0,8.0,2.853779474191132E-4,2.853779474191132E-4
QdTd,6.0,6.0,2.1403346056433488E-4,2.1403346056433488E-4
Qd9d,4.0,4.0,1.426889737095566E-4,1.426889737095566E-4
Qd8d,3.0,3.0,1.0701673028216744E-4,1.0701673028216744E-4
Qd7d,3.0,2.0,1.0701673028216744E-4,7.13444868547783E-5
Qd6d,2.0,1.0,7.13444868547783E-5,3.567224342738915E-5
Qd5d,2.0,1.0,7.13444868547783E-5,3.567224342738915E-5
Qd4d,2.0,1.0,7.13444868547783E-5,3.567224342738915E-5
Qd3d,2.0,1.0,7.13444868547783E-5,3.567224342738915E-5
Qd2d,2.0,1.0,7.13444868547783E-5,3.567224342738915E-5
QdAh,120.0,100.0,0.004280669211286698,0.003567224342738915
QdKh,13.0,14.0,4.6373916455605895E-4,4.994114079834481E-4
QdQh,1813.0,1336.0,0.06467377733385653,0.0476581172189919
QdJh,5.0,5.0,1.7836121713694575E-4,1.7836121713694575E-4
QdTh,4.0,4.0,1.426889737095566E-4,1.426889737095566E-4
Qd9h,3.0,2.0,1.0701673028216744E-4,7.13444868547783E-5
Qd8h,2.0,1.0,7.13444868547783E-5,3.567224342738915E-5
Qd7h,2.0,1.0,7.13444868547783E-5,3.567224342738915E-5
Qd6h,2.0,1.0,7.13444868547783E-5,3.567224342738915E-5
Qd5h,2.0,1.0,7.13444868547783E-5,3.567224342738915E-5
Qd4h,1.0,1.0,3.567224342738915E-5,3.567224342738915E-5
Qd3h,1.0,1.0,3.567224342738915E-5,3.567224342738915E-5
Qd2h,1.0,1.0,3.567224342738915E-5,3.567224342738915E-5
JdTd,5.0,4.0,1.7836121713694575E-4,1.426889737095566E-4
Jd9d,3.0,2.0,1.0701673028216744E-4,7.13444868547783E-5
Jd8d,3.0,1.0,1.0701673028216744E-4,3.567224342738915E-5
Jd7d,2.0,1.0,7.13444868547783E-5,3.567224342738915E-5
Jd6d,2.0,1.0,7.13444868547783E-5,3.567224342738915E-5
Jd5d,2.0,1.0,7.13444868547783E-5,3.567224342738915E-5
Jd4d,1.0,1.0,3.567224342738915E-5,3.567224342738915E-5
Jd3d,1.0,1.0,3.567224342738915E-5,3.567224342738915E-5
Jd2d,1.0,1.0,3.567224342738915E-5,3.567224342738915E-5
JdAh,54.0,49.0,0.001926301145079014,0.0017479399279420682
JdKh,9.0,9.0,3.2105019084650236E-4,3.2105019084650236E-4
JdQh,5.0,5.0,1.7836121713694575E-4,1.7836121713694575E-4
JdJh,631.0,503.0,0.022509185602682554,0.01794313844397674
JdTh,3.0,2.0,1.0701673028216744E-4,7.13444868547783E-5
Jd9h,2.0,1.0,7.13444868547783E-5,3.567224342738915E-5
Jd8h,2.0,1.0,7.13444868547783E-5,3.567224342738915E-5
Jd7h,1.0,1.0,3.567224342738915E-5,3.567224342738915E-5
Jd6h,1.0,1.0,3.567224342738915E-5,3.567224342738915E-5
Jd5h,1.0,1.0,3.567224342738915E-5,3.567224342738915E-5
Jd4h,1.0,1.0,3.567224342738915E-5,3.567224342738915E-5
Jd3h,1.0,1.0,3.567224342738915E-5,3.567224342738915E-5
Jd2h,1.0,1.0,3.567224342738915E-5,3.567224342738915E-5
Td9d,3.0,2.0,1.0701673028216744E-4,7.13444868547783E-5
Td8d,2.0,1.0,7.13444868547783E-5,3.567224342738915E-5
Td7d,2.0,1.0,7.13444868547783E-5,3.567224342738915E-5
Td6d,1.0,1.0,3.567224342738915E-5,3.567224342738915E-5
Td5d,1.0,1.0,3.567224342738915E-5,3.567224342738915E-5
Td4d,1.0,1.0,3.567224342738915E-5,3.567224342738915E-5
Td3d,1.0,1.0,3.567224342738915E-5,3.567224342738915E-5
Td2d,1.0,1.0,3.567224342738915E-5,3.567224342738915E-5
TdAh,32.0,30.0,0.0011415117896764527,0.0010701673028216745
TdKh,7.0,7.0,2.4970570399172404E-4,2.4970570399172404E-4
TdQh,4.0,4.0,1.426889737095566E-4,1.426889737095566E-4
TdJh,3.0,2.0,1.0701673028216744E-4,7.13444868547783E-5
TdTh,304.0,249.0,0.010844362001926301,0.008882388613419898
Td9h,2.0,1.0,7.13444868547783E-5,3.567224342738915E-5
Td8h,1.0,1.0,3.567224342738915E-5,3.567224342738915E-5
Td7h,1.0,1.0,3.567224342738915E-5,3.567224342738915E-5
Td6h,1.0,1.0,3.567224342738915E-5,3.567224342738915E-5
Td5h,1.0,1.0,3.567224342738915E-5,3.567224342738915E-5
Td4h,1.0,1.0,3.567224342738915E-5,3.567224342738915E-5
Td3h,1.0,1.0,3.567224342738915E-5,3.567224342738915E-5
Td2h,1.0,1.0,3.567224342738915E-5,3.567224342738915E-5
9d8d,2.0,1.0,7.13444868547783E-5,3.567224342738915E-5
9d7d,1.0,1.0,3.567224342738915E-5,3.567224342738915E-5
9d6d,1.0,1.0,3.567224342738915E-5,3.567224342738915E-5
9d5d,1.0,1.0,3.567224342738915E-5,3.567224342738915E-5
9d4d,1.0,1.0,3.567224342738915E-5,3.567224342738915E-5
9d3d,1.0,1.0,3.567224342738915E-5,3.567224342738915E-5
9d2d,1.0,1.0,3.567224342738915E-5,3.567224342738915E-5
9dAh,18.0,18.0,6.421003816930047E-4,6.421003816930047E-4
9dKh,5.0,4.0,1.7836121713694575E-4,1.426889737095566E-4
9dQh,3.0,2.0,1.0701673028216744E-4,7.13444868547783E-5
9dJh,2.0,1.0,7.13444868547783E-5,3.567224342738915E-5
9dTh,2.0,1.0,7.13444868547783E-5,3.567224342738915E-5
9d9h,151.0,133.0,0.0053865087575357615,0.0047444083758427565
9d8h,1.0,1.0,3.567224342738915E-5,3.567224342738915E-5
9d7h,1.0,1.0,3.567224342738915E-5,3.567224342738915E-5
9d6h,1.0,1.0,3.567224342738915E-5,3.567224342738915E-5
9d5h,1.0,1.0,3.567224342738915E-5,3.567224342738915E-5
9d4h,1.0,1.0,3.567224342738915E-5,3.567224342738915E-5
9d3h,1.0,1.0,3.567224342738915E-5,3.567224342738915E-5
9d2h,1.0,1.0,3.567224342738915E-5,3.567224342738915E-5
8d7d,1.0,1.0,3.567224342738915E-5,3.567224342738915E-5
8d6d,1.0,1.0,3.567224342738915E-5,3.567224342738915E-5
8d5d,1.0,1.0,3.567224342738915E-5,3.567224342738915E-5
8d4d,1.0,1.0,3.567224342738915E-5,3.567224342738915E-5
8d3d,1.0,1.0,3.567224342738915E-5,3.567224342738915E-5
8d2d,1.0,1.0,3.567224342738915E-5,3.567224342738915E-5
8dAh,13.0,13.0,4.6373916455605895E-4,4.6373916455605895E-4
8dKh,3.0,3.0,1.0701673028216744E-4,1.0701673028216744E-4
8dQh,2.0,1.0,7.13444868547783E-5,3.567224342738915E-5
8dJh,2.0,1.0,7.13444868547783E-5,3.567224342738915E-5
8dTh,1.0,1.0,3.567224342738915E-5,3.567224342738915E-5
8d9h,1.0,1.0,3.567224342738915E-5,3.567224342738915E-5
8d8h,90.0,81.0,0.0032105019084650234,0.002889451717618521
8d7h,1.0,1.0,3.567224342738915E-5,3.567224342738915E-5
8d6h,1.0,1.0,3.567224342738915E-5,3.567224342738915E-5
8d5h,1.0,1.0,3.567224342738915E-5,3.567224342738915E-5
8d4h,1.0,1.0,3.567224342738915E-5,3.567224342738915E-5
8d3h,1.0,1.0,3.567224342738915E-5,3.567224342738915E-5
8d2h,1.0,1.0,3.567224342738915E-5,3.567224342738915E-5
7d6d,1.0,1.0,3.567224342738915E-5,3.567224342738915E-5
7d5d,1.0,1.0,3.567224342738915E-5,3.567224342738915E-5
7d4d,1.0,1.0,3.567224342738915E-5,3.567224342738915E-5
7d3d,1.0,1.0,3.567224342738915E-5,3.567224342738915E-5
7d2d,1.0,1.0,3.567224342738915E-5,3.567224342738915E-5
7dAh,9.0,9.0,3.2105019084650236E-4,3.2105019084650236E-4
7dKh,3.0,2.0,1.0701673028216744E-4,7.13444868547783E-5
7dQh,2.0,1.0,7.13444868547783E-5,3.567224342738915E-5
7dJh,1.0,1.0,3.567224342738915E-5,3.567224342738915E-5
7dTh,1.0,1.0,3.567224342738915E-5,3.567224342738915E-5
7d9h,1.0,1.0,3.567224342738915E-5,3.567224342738915E-5
7d8h,1.0,1.0,3.567224342738915E-5,3.567224342738915E-5
7d7h,55.0,51.0,0.0019619733885064034,0.0018192844147968466
7d6h,1.0,1.0,3.567224342738915E-5,3.567224342738915E-5
7d5h,1.0,1.0,3.567224342738915E-5,3.567224342738915E-5
7d4h,1.0,1.0,3.567224342738915E-5,3.567224342738915E-5
7d3h,1.0,1.0,3.567224342738915E-5,3.567224342738915E-5
7d2h,1.0,1.0,3.567224342738915E-5,3.567224342738915E-5
6d5d,1.0,1.0,3.567224342738915E-5,3.567224342738915E-5
6d4d,1.0,1.0,3.567224342738915E-5,3.567224342738915E-5
6d3d,1.0,1.0,3.567224342738915E-5,3.567224342738915E-5
6d2d,1.0,1.0,3.567224342738915E-5,3.567224342738915E-5
6dAh,7.0,7.0,2.4970570399172404E-4,2.4970570399172404E-4
6dKh,3.0,2.0,1.0701673028216744E-4,7.13444868547783E-5
6dQh,2.0,1.0,7.13444868547783E-5,3.567224342738915E-5
6dJh,1.0,1.0,3.567224342738915E-5,3.567224342738915E-5
6dTh,1.0,1.0,3.567224342738915E-5,3.567224342738915E-5
6d9h,1.0,1.0,3.567224342738915E-5,3.567224342738915E-5
6d8h,1.0,1.0,3.567224342738915E-5,3.567224342738915E-5
6d7h,1.0,1.0,3.567224342738915E-5,3.567224342738915E-5
6d6h,35.0,33.0,0.0012485285199586203,0.0011771840331038419
6d5h,1.0,1.0,3.567224342738915E-5,3.567224342738915E-5
6d4h,1.0,1.0,3.567224342738915E-5,3.567224342738915E-5
6d3h,1.0,1.0,3.567224342738915E-5,3.567224342738915E-5
6d2h,1.0,1.0,3.567224342738915E-5,3.567224342738915E-5
5d4d,1.0,1.0,3.567224342738915E-5,3.567224342738915E-5
5d3d,1.0,1.0,3.567224342738915E-5,3.567224342738915E-5
5d2d,1.0,1.0,3.567224342738915E-5,3.567224342738915E-5
5dAh,7.0,7.0,2.4970570399172404E-4,2.4970570399172404E-4
5dKh,2.0,2.0,7.13444868547783E-5,7.13444868547783E-5
5dQh,2.0,1.0,7.13444868547783E-5,3.567224342738915E-5
5dJh,1.0,1.0,3.567224342738915E-5,3.567224342738915E-5
5dTh,1.0,1.0,3.567224342738915E-5,3.567224342738915E-5
5d9h,1.0,1.0,3.567224342738915E-5,3.567224342738915E-5
5d8h,1.0,1.0,3.567224342738915E-5,3.567224342738915E-5
5d7h,1.0,1.0,3.567224342738915E-5,3.567224342738915E-5
5d6h,1.0,1.0,3.567224342738915E-5,3.567224342738915E-5
5d5h,22.0,20.0,7.847893554025613E-4,7.13444868547783E-4
5d4h,1.0,1.0,3.567224342738915E-5,3.567224342738915E-5
5d3h,1.0,1.0,3.567224342738915E-5,3.567224342738915E-5
5d2h,1.0,1.0,3.567224342738915E-5,3.567224342738915E-5
4d3d,1.0,1.0,3.567224342738915E-5,3.567224342738915E-5
4d2d,1.0,1.0,3.567224342738915E-5,3.567224342738915E-5
4dAh,6.0,5.0,2.1403346056433488E-4,1.7836121713694575E-4
4dKh,2.0,1.0,7.13444868547783E-5,3.567224342738915E-5
4dQh,1.0,1.0,3.567224342738915E-5,3.567224342738915E-5
4dJh,1.0,1.0,3.567224342738915E-5,3.567224342738915E-5
4dTh,1.0,1.0,3.567224342738915E-5,3.567224342738915E-5
4d9h,1.0,1.0,3.567224342738915E-5,3.567224342738915E-5
4d8h,1.0,1.0,3.567224342738915E-5,3.567224342738915E-5
4d7h,1.0,1.0,3.567224342738915E-5,3.567224342738915E-5
4d6h,1.0,1.0,3.567224342738915E-5,3.567224342738915E-5
4d5h,1.0,1.0,3.567224342738915E-5,3.567224342738915E-5
4d4h,12.0,11.0,4.2806692112866976E-4,3.9239467770128063E-4
4d3h,1.0,1.0,3.567224342738915E-5,3.567224342738915E-5
4d2h,1.0,1.0,3.567224342738915E-5,3.567224342738915E-5
3d2d,1.0,1.0,3.567224342738915E-5,3.567224342738915E-5
3dAh,5.0,5.0,1.7836121713694575E-4,1.7836121713694575E-4
3dKh,2.0,1.0,7.13444868547783E-5,3.567224342738915E-5
3dQh,1.0,1.0,3.567224342738915E-5,3.567224342738915E-5
3dJh,1.0,1.0,3.567224342738915E-5,3.567224342738915E-5
3dTh,1.0,1.0,3.567224342738915E-5,3.567224342738915E-5
3d9h,1.0,1.0,3.567224342738915E-5,3.567224342738915E-5
3d8h,1.0,1.0,3.567224342738915E-5,3.567224342738915E-5
3d7h,1.0,1.0,3.567224342738915E-5,3.567224342738915E-5
3d6h,1.0,1.0,3.567224342738915E-5,3.567224342738915E-5
3d5h,1.0,1.0,3.567224342738915E-5,3.567224342738915E-5
3d4h,1.0,1.0,3.567224342738915E-5,3.567224342738915E-5
3d3h,6.0,5.0,2.1403346056433488E-4,1.7836121713694575E-4
3d2h,1.0,1.0,3.567224342738915E-5,3.567224342738915E-5
2dAh,4.0,4.0,1.426889737095566E-4,1.426889737095566E-4
2dKh,2.0,1.0,7.13444868547783E-5,3.567224342738915E-5
2dQh,1.0,1.0,3.567224342738915E-5,3.567224342738915E-5
2dJh,1.0,1.0,3.567224342738915E-5,3.567224342738915E-5
2dTh,1.0,1.0,3.567224342738915E-5,3.567224342738915E-5
2d9h,1.0,1.0,3.567224342738915E-5,3.567224342738915E-5
2d8h,1.0,1.0,3.567224342738915E-5,3.567224342738915E-5
2d7h,1.0,1.0,3.567224342738915E-5,3.567224342738915E-5
2d6h,1.0,1.0,3.567224342738915E-5,3.567224342738915E-5
2d5h,1.0,1.0,3.567224342738915E-5,3.567224342738915E-5
2d4h,1.0,1.0,3.567224342738915E-5,3.567224342738915E-5
2d3h,1.0,1.0,3.567224342738915E-5,3.567224342738915E-5
2d2h,2.0,1.0,7.13444868547783E-5,3.567224342738915E-5
AhKh,28033.0,603.0,1.0,0.021510362786715656
AhQh,7858.0,146.0,0.28031248885242394,0.005208147540398816
AhJh,3577.0,71.0,0.127599614739771,0.0025327292833446295
AhTh,2570.0,43.0,0.09167766560839011,0.0015339064673777333
Ah9h,27.0,26.0,9.63150572539507E-4,9.274783291121179E-4
Ah8h,19.0,19.0,6.777726251203938E-4,6.777726251203938E-4
Ah7h,15.0,15.0,5.350836514108373E-4,5.350836514108373E-4
Ah6h,12.0,11.0,4.2806692112866976E-4,3.9239467770128063E-4
Ah5h,1155.0,11.0,0.041201441158634465,3.9239467770128063E-4
Ah4h,10.0,10.0,3.567224342738915E-4,3.567224342738915E-4
Ah3h,8.0,8.0,2.853779474191132E-4,2.853779474191132E-4
Ah2h,7.0,7.0,2.4970570399172404E-4,2.4970570399172404E-4
KhQh,24.0,24.0,8.561338422573395E-4,8.561338422573395E-4
KhJh,15.0,16.0,5.350836514108373E-4,5.707558948382264E-4
KhTh,11.0,12.0,3.9239467770128063E-4,4.2806692112866976E-4
Kh9h,7.0,7.0,2.4970570399172404E-4,2.4970570399172404E-4
Kh8h,5.0,5.0,1.7836121713694575E-4,1.7836121713694575E-4
Kh7h,4.0,4.0,1.426889737095566E-4,1.426889737095566E-4
Kh6h,4.0,3.0,1.426889737095566E-4,1.0701673028216744E-4
Kh5h,3.0,3.0,1.0701673028216744E-4,1.0701673028216744E-4
Kh4h,3.0,2.0,1.0701673028216744E-4,7.13444868547783E-5
Kh3h,3.0,2.0,1.0701673028216744E-4,7.13444868547783E-5
Kh2h,2.0,2.0,7.13444868547783E-5,7.13444868547783E-5
QhJh,8.0,8.0,2.853779474191132E-4,2.853779474191132E-4
QhTh,6.0,6.0,2.1403346056433488E-4,2.1403346056433488E-4
Qh9h,4.0,4.0,1.426889737095566E-4,1.426889737095566E-4
Qh8h,3.0,3.0,1.0701673028216744E-4,1.0701673028216744E-4
Qh7h,3.0,2.0,1.0701673028216744E-4,7.13444868547783E-5
Qh6h,2.0,1.0,7.13444868547783E-5,3.567224342738915E-5
Qh5h,2.0,1.0,7.13444868547783E-5,3.567224342738915E-5
Qh4h,2.0,1.0,7.13444868547783E-5,3.567224342738915E-5
Qh3h,2.0,1.0,7.13444868547783E-5,3.567224342738915E-5
Qh2h,2.0,1.0,7.13444868547783E-5,3.567224342738915E-5
JhTh,5.0,4.0,1.7836121713694575E-4,1.426889737095566E-4
Jh9h,3.0,2.0,1.0701673028216744E-4,7.13444868547783E-5
Jh8h,3.0,1.0,1.0701673028216744E-4,3.567224342738915E-5
Jh7h,2.0,1.0,7.13444868547783E-5,3.567224342738915E-5
Jh6h,2.0,1.0,7.13444868547783E-5,3.567224342738915E-5
Jh5h,2.0,1.0,7.13444868547783E-5,3.567224342738915E-5
Jh4h,1.0,1.0,3.567224342738915E-5,3.567224342738915E-5
Jh3h,1.0,1.0,3.567224342738915E-5,3.567224342738915E-5
Jh2h,1.0,1.0,3.567224342738915E-5,3.567224342738915E-5
Th9h,3.0,2.0,1.0701673028216744E-4,7.13444868547783E-5
Th8h,2.0,1.0,7.13444868547783E-5,3.567224342738915E-5
Th7h,2.0,1.0,7.13444868547783E-5,3.567224342738915E-5
Th6h,1.0,1.0,3.567224342738915E-5,3.567224342738915E-5
Th5h,1.0,1.0,3.567224342738915E-5,3.567224342738915E-5
Th4h,1.0,1.0,3.567224342738915E-5,3.567224342738915E-5
Th3h,1.0,1.0,3.567224342738915E-5,3.567224342738915E-5
Th2h,1.0,1.0,3.567224342738915E-5,3.567224342738915E-5
9h8h,2.0,1.0,7.13444868547783E-5,3.567224342738915E-5
9h7h,1.0,1.0,3.567224342738915E-5,3.567224342738915E-5
9h6h,1.0,1.0,3.567224342738915E-5,3.567224342738915E-5
9h5h,1.0,1.0,3.567224342738915E-5,3.567224342738915E-5
9h4h,1.0,1.0,3.567224342738915E-5,3.567224342738915E-5
9h3h,1.0,1.0,3.567224342738915E-5,3.567224342738915E-5
9h2h,1.0,1.0,3.567224342738915E-5,3.567224342738915E-5
8h7h,1.0,1.0,3.567224342738915E-5,3.567224342738915E-5
8h6h,1.0,1.0,3.567224342738915E-5,3.567224342738915E-5
8h5h,1.0,1.0,3.567224342738915E-5,3.567224342738915E-5
8h4h,1.0,1.0,3.567224342738915E-5,3.567224342738915E-5
8h3h,1.0,1.0,3.567224342738915E-5,3.567224342738915E-5
8h2h,1.0,1.0,3.567224342738915E-5,3.567224342738915E-5
7h6h,1.0,1.0,3.567224342738915E-5,3.567224342738915E-5
7h5h,1.0,1.0,3.567224342738915E-5,3.567224342738915E-5
7h4h,1.0,1.0,3.567224342738915E-5,3.567224342738915E-5
7h3h,1.0,1.0,3.567224342738915E-5,3.567224342738915E-5
7h2h,1.0,1.0,3.567224342738915E-5,3.567224342738915E-5
6h5h,1.0,1.0,3.567224342738915E-5,3.567224342738915E-5
6h4h,1.0,1.0,3.567224342738915E-5,3.567224342738915E-5
6h3h,1.0,1.0,3.567224342738915E-5,3.567224342738915E-5
6h2h,1.0,1.0,3.567224342738915E-5,3.567224342738915E-5
5h4h,1.0,1.0,3.567224342738915E-5,3.567224342738915E-5
5h3h,1.0,1.0,3.567224342738915E-5,3.567224342738915E-5
5h2h,1.0,1.0,3.567224342738915E-5,3.567224342738915E-5
4h3h,1.0,1.0,3.567224342738915E-5,3.567224342738915E-5
4h2h,1.0,1.0,3.567224342738915E-5,3.567224342738915E-5
3h2h,1.0,1.0,3.567224342738915E-5,3.567224342738915E-5
