Program Duration,1180.7554959533334,mins

Hand,P1 - F,P2 - F,P1 - S,P2 - S
AsKs,142492.0,142492.0,1.0,1.0
AsQs,142492.0,142492.0,1.0,1.0
AsJs,142492.0,114.0,1.0,8.000449148022345E-4
AsTs,142492.0,61.0,1.0,4.280942087976869E-4
As9s,1882.0,34.0,0.013207759032086012,2.3860988687084188E-4
As8s,509.0,24.0,0.0035721303652134855,1.6843050837941778E-4
As7s,299.0,18.0,0.0020983634168935798,1.2632288128456334E-4
As6s,18.0,13.0,1.2632288128456334E-4,9.12331920388513E-5
As5s,141384.0,13.0,0.9922241248631503,9.12331920388513E-5
As4s,140816.0,11.0,0.9882379361648373,7.71973163405665E-5
As3s,139173.0,9.0,0.9767074642786964,6.316144064228167E-5
As2s,10.0,8.0,7.017937849142408E-5,5.6143502793139264E-5
AsAc,142492.0,142492.0,1.0,1.0
AsKc,142492.0,142492.0,1.0,1.0
AsQc,142492.0,23910.0,1.0,0.16779889397299497
AsJc,138870.0,75.0,0.9745810291104062,5.263453386856806E-4
AsTc,71.0,41.0,4.982735872891109E-4,2.8773545181483875E-4
As9c,31.0,23.0,2.1755607332341466E-4,1.6141257053027539E-4
As8c,20.0,15.0,1.4035875698284816E-4,1.0526906773713612E-4
As7c,14.0,11.0,9.825112988799372E-5,7.71973163405665E-5
As6c,10.0,8.0,7.017937849142408E-5,5.6143502793139264E-5
As5c,9.0,8.0,6.316144064228167E-5,5.6143502793139264E-5
As4c,7.0,6.0,4.912556494399686E-5,4.2107627094854446E-5
As3c,6.0,5.0,4.2107627094854446E-5,3.508968924571204E-5
As2c,5.0,4.0,3.508968924571204E-5,2.8071751396569632E-5
AsAd,142492.0,142492.0,1.0,1.0
AsKd,142492.0,142492.0,1.0,1.0
AsQd,142492.0,23910.0,1.0,0.16779889397299497
AsJd,138870.0,75.0,0.9745810291104062,5.263453386856806E-4
AsTd,71.0,41.0,4.982735872891109E-4,2.8773545181483875E-4
As9d,31.0,23.0,2.1755607332341466E-4,1.6141257053027539E-4
As8d,20.0,15.0,1.4035875698284816E-4,1.0526906773713612E-4
As7d,14.0,11.0,9.825112988799372E-5,7.71973163405665E-5
As6d,10.0,8.0,7.017937849142408E-5,5.6143502793139264E-5
As5d,9.0,8.0,6.316144064228167E-5,5.6143502793139264E-5
As4d,7.0,6.0,4.912556494399686E-5,4.2107627094854446E-5
As3d,6.0,5.0,4.2107627094854446E-5,3.508968924571204E-5
As2d,5.0,4.0,3.508968924571204E-5,2.8071751396569632E-5
AsAh,142492.0,142492.0,1.0,1.0
AsKh,142492.0,142492.0,1.0,1.0
AsQh,142492.0,23910.0,1.0,0.16779889397299497
AsJh,138870.0,75.0,0.9745810291104062,5.263453386856806E-4
AsTh,71.0,41.0,4.982735872891109E-4,2.8773545181483875E-4
As9h,31.0,23.0,2.1755607332341466E-4,1.6141257053027539E-4
As8h,20.0,15.0,1.4035875698284816E-4,1.0526906773713612E-4
As7h,14.0,11.0,9.825112988799372E-5,7.71973163405665E-5
As6h,10.0,8.0,7.017937849142408E-5,5.6143502793139264E-5
As5h,9.0,8.0,6.316144064228167E-5,5.6143502793139264E-5
As4h,7.0,6.0,4.912556494399686E-5,4.2107627094854446E-5
As3h,6.0,5.0,4.2107627094854446E-5,3.508968924571204E-5
As2h,5.0,4.0,3.508968924571204E-5,2.8071751396569632E-5
KsQs,142455.0,28.0,0.9997403362995817,1.9650225977598743E-4
KsJs,142146.0,18.0,0.9975717935041968,1.2632288128456334E-4
KsTs,141599.0,13.0,0.9937329815007159,9.12331920388513E-5
Ks9s,9.0,8.0,6.316144064228167E-5,5.6143502793139264E-5
Ks8s,6.0,5.0,4.2107627094854446E-5,3.508968924571204E-5
Ks7s,5.0,4.0,3.508968924571204E-5,2.8071751396569632E-5
Ks6s,4.0,4.0,2.8071751396569632E-5,2.8071751396569632E-5
Ks5s,4.0,3.0,2.8071751396569632E-5,2.1053813547427223E-5
Ks4s,3.0,3.0,2.1053813547427223E-5,2.1053813547427223E-5
Ks3s,3.0,2.0,2.1053813547427223E-5,1.4035875698284816E-5
Ks2s,3.0,2.0,2.1053813547427223E-5,1.4035875698284816E-5
KsAc,142492.0,142492.0,1.0,1.0
KsKc,142492.0,142492.0,1.0,1.0
KsQc,4864.0,16.0,0.034135249698228676,1.1228700558627853E-4
KsJc,13.0,10.0,9.12331920388513E-5,7.017937849142408E-5
KsTc,9.0,8.0,6.316144064228167E-5,5.6143502793139264E-5
Ks9c,5.0,5.0,3.508968924571204E-5,3.508968924571204E-5
Ks8c,4.0,3.0,2.8071751396569632E-5,2.1053813547427223E-5
Ks7c,3.0,3.0,2.1053813547427223E-5,2.1053813547427223E-5
Ks6c,3.0,2.0,2.1053813547427223E-5,1.4035875698284816E-5
Ks5c,2.0,2.0,1.4035875698284816E-5,1.4035875698284816E-5
Ks4c,2.0,1.0,1.4035875698284816E-5,7.017937849142408E-6
Ks3c,2.0,1.0,1.4035875698284816E-5,7.017937849142408E-6
Ks2c,2.0,1.0,1.4035875698284816E-5,7.017937849142408E-6
KsAd,142492.0,142492.0,1.0,1.0
KsKd,142492.0,142492.0,1.0,1.0
KsQd,4864.0,16.0,0.034135249698228676,1.1228700558627853E-4
KsJd,13.0,10.0,9.12331920388513E-5,7.017937849142408E-5
KsTd,9.0,8.0,6.316144064228167E-5,5.6143502793139264E-5
Ks9d,5.0,5.0,3.508968924571204E-5,3.508968924571204E-5
Ks8d,4.0,3.0,2.8071751396569632E-5,2.1053813547427223E-5
Ks7d,3.0,3.0,2.1053813547427223E-5,2.1053813547427223E-5
Ks6d,3.0,2.0,2.1053813547427223E-5,1.4035875698284816E-5
Ks5d,2.0,2.0,1.4035875698284816E-5,1.4035875698284816E-5
Ks4d,2.0,1.0,1.4035875698284816E-5,7.017937849142408E-6
Ks3d,2.0,1.0,1.4035875698284816E-5,7.017937849142408E-6
Ks2d,2.0,1.0,1.4035875698284816E-5,7.017937849142408E-6
KsAh,142492.0,142492.0,1.0,1.0
KsKh,142492.0,142492.0,1.0,1.0
KsQh,4864.0,16.0,0.034135249698228676,1.1228700558627853E-4
KsJh,13.0,10.0,9.12331920388513E-5,7.017937849142408E-5
KsTh,9.0,8.0,6.316144064228167E-5,5.6143502793139264E-5
Ks9h,5.0,5.0,3.508968924571204E-5,3.508968924571204E-5
Ks8h,4.0,3.0,2.8071751396569632E-5,2.1053813547427223E-5
Ks7h,3.0,3.0,2.1053813547427223E-5,2.1053813547427223E-5
Ks6h,3.0,2.0,2.1053813547427223E-5,1.4035875698284816E-5
Ks5h,2.0,2.0,1.4035875698284816E-5,1.4035875698284816E-5
Ks4h,2.0,1.0,1.4035875698284816E-5,7.017937849142408E-6
Ks3h,2.0,1.0,1.4035875698284816E-5,7.017937849142408E-6
Ks2h,2.0,1.0,1.4035875698284816E-5,7.017937849142408E-6
QsJs,141879.0,9.0,0.9956980040984758,6.316144064228167E-5
QsTs,138760.0,7.0,0.9738090559470005,4.912556494399686E-5
Qs9s,5.0,4.0,3.508968924571204E-5,2.8071751396569632E-5
Qs8s,4.0,3.0,2.8071751396569632E-5,2.1053813547427223E-5
Qs7s,3.0,2.0,2.1053813547427223E-5,1.4035875698284816E-5
Qs6s,2.0,2.0,1.4035875698284816E-5,1.4035875698284816E-5
Qs5s,2.0,1.0,1.4035875698284816E-5,7.017937849142408E-6
Qs4s,2.0,1.0,1.4035875698284816E-5,7.017937849142408E-6
Qs3s,2.0,1.0,1.4035875698284816E-5,7.017937849142408E-6
Qs2s,2.0,1.0,1.4035875698284816E-5,7.017937849142408E-6
QsAc,142492.0,23910.0,1.0,0.16779889397299497
QsKc,4864.0,16.0,0.034135249698228676,1.1228700558627853E-4
QsQc,142492.0,142492.0,1.0,1.0
QsJc,6.0,5.0,4.2107627094854446E-5,3.508968924571204E-5
QsTc,5.0,4.0,3.508968924571204E-5,2.8071751396569632E-5
Qs9c,3.0,2.0,2.1053813547427223E-5,1.4035875698284816E-5
Qs8c,2.0,2.0,1.4035875698284816E-5,1.4035875698284816E-5
Qs7c,2.0,1.0,1.4035875698284816E-5,7.017937849142408E-6
Qs6c,2.0,1.0,1.4035875698284816E-5,7.017937849142408E-6
Qs5c,2.0,1.0,1.4035875698284816E-5,7.017937849142408E-6
Qs4c,1.0,1.0,7.017937849142408E-6,7.017937849142408E-6
Qs3c,1.0,1.0,7.017937849142408E-6,7.017937849142408E-6
Qs2c,1.0,1.0,7.017937849142408E-6,7.017937849142408E-6
QsAd,142492.0,23910.0,1.0,0.16779889397299497
QsKd,4864.0,16.0,0.034135249698228676,1.1228700558627853E-4
QsQd,142492.0,142492.0,1.0,1.0
QsJd,6.0,5.0,4.2107627094854446E-5,3.508968924571204E-5
QsTd,5.0,4.0,3.508968924571204E-5,2.8071751396569632E-5
Qs9d,3.0,2.0,2.1053813547427223E-5,1.4035875698284816E-5
Qs8d,2.0,2.0,1.4035875698284816E-5,1.4035875698284816E-5
Qs7d,2.0,1.0,1.4035875698284816E-5,7.017937849142408E-6
Qs6d,2.0,1.0,1.4035875698284816E-5,7.017937849142408E-6
Qs5d,2.0,1.0,1.4035875698284816E-5,7.017937849142408E-6
Qs4d,1.0,1.0,7.017937849142408E-6,7.017937849142408E-6
Qs3d,1.0,1.0,7.017937849142408E-6,7.017937849142408E-6
Qs2d,1.0,1.0,7.017937849142408E-6,7.017937849142408E-6
QsAh,142492.0,23910.0,1.0,0.16779889397299497
QsKh,4864.0,16.0,0.034135249698228676,1.1228700558627853E-4
QsQh,142492.0,142492.0,1.0,1.0
QsJh,6.0,5.0,4.2107627094854446E-5,3.508968924571204E-5
QsTh,5.0,4.0,3.508968924571204E-5,2.8071751396569632E-5
Qs9h,3.0,2.0,2.1053813547427223E-5,1.4035875698284816E-5
Qs8h,2.0,2.0,1.4035875698284816E-5,1.4035875698284816E-5
Qs7h,2.0,1.0,1.4035875698284816E-5,7.017937849142408E-6
Qs6h,2.0,1.0,1.4035875698284816E-5,7.017937849142408E-6
Qs5h,2.0,1.0,1.4035875698284816E-5,7.017937849142408E-6
Qs4h,1.0,1.0,7.017937849142408E-6,7.017937849142408E-6
Qs3h,1.0,1.0,7.017937849142408E-6,7.017937849142408E-6
Qs2h,1.0,1.0,7.017937849142408E-6,7.017937849142408E-6
JsTs,6.0,4.0,4.2107627094854446E-5,2.8071751396569632E-5
Js9s,4.0,3.0,2.8071751396569632E-5,2.1053813547427223E-5
Js8s,3.0,2.0,2.1053813547427223E-5,1.4035875698284816E-5
Js7s,2.0,1.0,1.4035875698284816E-5,7.017937849142408E-6
Js6s,2.0,1.0,1.4035875698284816E-5,7.017937849142408E-6
Js5s,2.0,1.0,1.4035875698284816E-5,7.017937849142408E-6
Js4s,1.0,1.0,7.017937849142408E-6,7.017937849142408E-6
Js3s,1.0,1.0,7.017937849142408E-6,7.017937849142408E-6
Js2s,1.0,1.0,7.017937849142408E-6,7.017937849142408E-6
JsAc,138870.0,75.0,0.9745810291104062,5.263453386856806E-4
JsKc,13.0,10.0,9.12331920388513E-5,7.017937849142408E-5
JsQc,6.0,5.0,4.2107627094854446E-5,3.508968924571204E-5
JsJc,142492.0,142492.0,1.0,1.0
JsTc,3.0,2.0,2.1053813547427223E-5,1.4035875698284816E-5
Js9c,2.0,1.0,1.4035875698284816E-5,7.017937849142408E-6
Js8c,2.0,1.0,1.4035875698284816E-5,7.017937849142408E-6
Js7c,1.0,1.0,7.017937849142408E-6,7.017937849142408E-6
Js6c,1.0,1.0,7.017937849142408E-6,7.017937849142408E-6
Js5c,1.0,1.0,7.017937849142408E-6,7.017937849142408E-6
Js4c,1.0,1.0,7.017937849142408E-6,7.017937849142408E-6
Js3c,1.0,1.0,7.017937849142408E-6,7.017937849142408E-6
Js2c,1.0,1.0,7.017937849142408E-6,7.017937849142408E-6
JsAd,138870.0,75.0,0.9745810291104062,5.263453386856806E-4
JsKd,13.0,10.0,9.12331920388513E-5,7.017937849142408E-5
JsQd,6.0,5.0,4.2107627094854446E-5,3.508968924571204E-5
JsJd,142492.0,142492.0,1.0,1.0
JsTd,3.0,2.0,2.1053813547427223E-5,1.4035875698284816E-5
Js9d,2.0,1.0,1.4035875698284816E-5,7.017937849142408E-6
Js8d,2.0,1.0,1.4035875698284816E-5,7.017937849142408E-6
Js7d,1.0,1.0,7.017937849142408E-6,7.017937849142408E-6
Js6d,1.0,1.0,7.017937849142408E-6,7.017937849142408E-6
Js5d,1.0,1.0,7.017937849142408E-6,7.017937849142408E-6
Js4d,1.0,1.0,7.017937849142408E-6,7.017937849142408E-6
Js3d,1.0,1.0,7.017937849142408E-6,7.017937849142408E-6
Js2d,1.0,1.0,7.017937849142408E-6,7.017937849142408E-6
JsAh,138870.0,75.0,0.9745810291104062,5.263453386856806E-4
JsKh,13.0,10.0,9.12331920388513E-5,7.017937849142408E-5
JsQh,6.0,5.0,4.2107627094854446E-5,3.508968924571204E-5
JsJh,142492.0,142492.0,1.0,1.0
JsTh,3.0,2.0,2.1053813547427223E-5,1.4035875698284816E-5
Js9h,2.0,1.0,1.4035875698284816E-5,7.017937849142408E-6
Js8h,2.0,1.0,1.4035875698284816E-5,7.017937849142408E-6
Js7h,1.0,1.0,7.017937849142408E-6,7.017937849142408E-6
Js6h,1.0,1.0,7.017937849142408E-6,7.017937849142408E-6
Js5h,1.0,1.0,7.017937849142408E-6,7.017937849142408E-6
Js4h,1.0,1.0,7.017937849142408E-6,7.017937849142408E-6
Js3h,1.0,1.0,7.017937849142408E-6,7.017937849142408E-6
Js2h,1.0,1.0,7.017937849142408E-6,7.017937849142408E-6
Ts9s,3.0,2.0,2.1053813547427223E-5,1.4035875698284816E-5
Ts8s,2.0,1.0,1.4035875698284816E-5,7.017937849142408E-6
Ts7s,2.0,1.0,1.4035875698284816E-5,7.017937849142408E-6
Ts6s,1.0,1.0,7.017937849142408E-6,7.017937849142408E-6
Ts5s,1.0,1.0,7.017937849142408E-6,7.017937849142408E-6
Ts4s,1.0,1.0,7.017937849142408E-6,7.017937849142408E-6
Ts3s,1.0,1.0,7.017937849142408E-6,7.017937849142408E-6
Ts2s,1.0,1.0,7.017937849142408E-6,7.017937849142408E-6
TsAc,71.0,41.0,4.982735872891109E-4,2.8773545181483875E-4
TsKc,9.0,8.0,6.316144064228167E-5,5.6143502793139264E-5
TsQc,5.0,4.0,3.508968924571204E-5,2.8071751396569632E-5
TsJc,3.0,2.0,2.1053813547427223E-5,1.4035875698284816E-5
TsTc,142492.0,142492.0,1.0,1.0
Ts9c,2.0,1.0,1.4035875698284816E-5,7.017937849142408E-6
Ts8c,1.0,1.0,7.017937849142408E-6,7.017937849142408E-6
Ts7c,1.0,1.0,7.017937849142408E-6,7.017937849142408E-6
Ts6c,1.0,1.0,7.017937849142408E-6,7.017937849142408E-6
Ts5c,1.0,1.0,7.017937849142408E-6,7.017937849142408E-6
Ts4c,1.0,1.0,7.017937849142408E-6,7.017937849142408E-6
Ts3c,1.0,1.0,7.017937849142408E-6,7.017937849142408E-6
Ts2c,1.0,1.0,7.017937849142408E-6,7.017937849142408E-6
TsAd,71.0,41.0,4.982735872891109E-4,2.8773545181483875E-4
TsKd,9.0,8.0,6.316144064228167E-5,5.6143502793139264E-5
TsQd,5.0,4.0,3.508968924571204E-5,2.8071751396569632E-5
TsJd,3.0,2.0,2.1053813547427223E-5,1.4035875698284816E-5
TsTd,142492.0,142492.0,1.0,1.0
Ts9d,2.0,1.0,1.4035875698284816E-5,7.017937849142408E-6
Ts8d,1.0,1.0,7.017937849142408E-6,7.017937849142408E-6
Ts7d,1.0,1.0,7.017937849142408E-6,7.017937849142408E-6
Ts6d,1.0,1.0,7.017937849142408E-6,7.017937849142408E-6
Ts5d,1.0,1.0,7.017937849142408E-6,7.017937849142408E-6
Ts4d,1.0,1.0,7.017937849142408E-6,7.017937849142408E-6
Ts3d,1.0,1.0,7.017937849142408E-6,7.017937849142408E-6
Ts2d,1.0,1.0,7.017937849142408E-6,7.017937849142408E-6
TsAh,71.0,41.0,4.982735872891109E-4,2.8773545181483875E-4
TsKh,9.0,8.0,6.316144064228167E-5,5.6143502793139264E-5
TsQh,5.0,4.0,3.508968924571204E-5,2.8071751396569632E-5
TsJh,3.0,2.0,2.1053813547427223E-5,1.4035875698284816E-5
TsTh,142492.0,142492.0,1.0,1.0
Ts9h,2.0,1.0,1.4035875698284816E-5,7.017937849142408E-6
Ts8h,1.0,1.0,7.017937849142408E-6,7.017937849142408E-6
Ts7h,1.0,1.0,7.017937849142408E-6,7.017937849142408E-6
Ts6h,1.0,1.0,7.017937849142408E-6,7.017937849142408E-6
Ts5h,1.0,1.0,7.017937849142408E-6,7.017937849142408E-6
Ts4h,1.0,1.0,7.017937849142408E-6,7.017937849142408E-6
Ts3h,1.0,1.0,7.017937849142408E-6,7.017937849142408E-6
Ts2h,1.0,1.0,7.017937849142408E-6,7.017937849142408E-6
9s8s,2.0,1.0,1.4035875698284816E-5,7.017937849142408E-6
9s7s,1.0,1.0,7.017937849142408E-6,7.017937849142408E-6
9s6s,1.0,1.0,7.017937849142408E-6,7.017937849142408E-6
9s5s,1.0,1.0,7.017937849142408E-6,7.017937849142408E-6
9s4s,1.0,1.0,7.017937849142408E-6,7.017937849142408E-6
9s3s,1.0,1.0,7.017937849142408E-6,7.017937849142408E-6
9s2s,1.0,1.0,7.017937849142408E-6,7.017937849142408E-6
9sAc,31.0,23.0,2.1755607332341466E-4,1.6141257053027539E-4
9sKc,5.0,5.0,3.508968924571204E-5,3.508968924571204E-5
9sQc,3.0,2.0,2.1053813547427223E-5,1.4035875698284816E-5
9sJc,2.0,1.0,1.4035875698284816E-5,7.017937849142408E-6
9sTc,2.0,1.0,1.4035875698284816E-5,7.017937849142408E-6
9s9c,142492.0,40632.0,1.0,0.2851528506863543
9s8c,1.0,1.0,7.017937849142408E-6,7.017937849142408E-6
9s7c,1.0,1.0,7.017937849142408E-6,7.017937849142408E-6
9s6c,1.0,1.0,7.017937849142408E-6,7.017937849142408E-6
9s5c,1.0,1.0,7.017937849142408E-6,7.017937849142408E-6
9s4c,1.0,1.0,7.017937849142408E-6,7.017937849142408E-6
9s3c,1.0,1.0,7.017937849142408E-6,7.017937849142408E-6
9s2c,1.0,1.0,7.017937849142408E-6,7.017937849142408E-6
9sAd,31.0,23.0,2.1755607332341466E-4,1.6141257053027539E-4
9sKd,5.0,5.0,3.508968924571204E-5,3.508968924571204E-5
9sQd,3.0,2.0,2.1053813547427223E-5,1.4035875698284816E-5
9sJd,2.0,1.0,1.4035875698284816E-5,7.017937849142408E-6
9sTd,2.0,1.0,1.4035875698284816E-5,7.017937849142408E-6
9s9d,142492.0,40632.0,1.0,0.2851528506863543
9s8d,1.0,1.0,7.017937849142408E-6,7.017937849142408E-6
9s7d,1.0,1.0,7.017937849142408E-6,7.017937849142408E-6
9s6d,1.0,1.0,7.017937849142408E-6,7.017937849142408E-6
9s5d,1.0,1.0,7.017937849142408E-6,7.017937849142408E-6
9s4d,1.0,1.0,7.017937849142408E-6,7.017937849142408E-6
9s3d,1.0,1.0,7.017937849142408E-6,7.017937849142408E-6
9s2d,1.0,1.0,7.017937849142408E-6,7.017937849142408E-6
9sAh,31.0,23.0,2.1755607332341466E-4,1.6141257053027539E-4
9sKh,5.0,5.0,3.508968924571204E-5,3.508968924571204E-5
9sQh,3.0,2.0,2.1053813547427223E-5,1.4035875698284816E-5
9sJh,2.0,1.0,1.4035875698284816E-5,7.017937849142408E-6
9sTh,2.0,1.0,1.4035875698284816E-5,7.017937849142408E-6
9s9h,142492.0,40632.0,1.0,0.2851528506863543
9s8h,1.0,1.0,7.017937849142408E-6,7.017937849142408E-6
9s7h,1.0,1.0,7.017937849142408E-6,7.017937849142408E-6
9s6h,1.0,1.0,7.017937849142408E-6,7.017937849142408E-6
9s5h,1.0,1.0,7.017937849142408E-6,7.017937849142408E-6
9s4h,1.0,1.0,7.017937849142408E-6,7.017937849142408E-6
9s3h,1.0,1.0,7.017937849142408E-6,7.017937849142408E-6
9s2h,1.0,1.0,7.017937849142408E-6,7.017937849142408E-6
8s7s,1.0,1.0,7.017937849142408E-6,7.017937849142408E-6
8s6s,1.0,1.0,7.017937849142408E-6,7.017937849142408E-6
8s5s,1.0,1.0,7.017937849142408E-6,7.017937849142408E-6
8s4s,1.0,1.0,7.017937849142408E-6,7.017937849142408E-6
8s3s,1.0,1.0,7.017937849142408E-6,7.017937849142408E-6
8s2s,1.0,1.0,7.017937849142408E-6,7.017937849142408E-6
8sAc,20.0,15.0,1.4035875698284816E-4,1.0526906773713612E-4
8sKc,4.0,3.0,2.8071751396569632E-5,2.1053813547427223E-5
8sQc,2.0,2.0,1.4035875698284816E-5,1.4035875698284816E-5
8sJc,2.0,1.0,1.4035875698284816E-5,7.017937849142408E-6
8sTc,1.0,1.0,7.017937849142408E-6,7.017937849142408E-6
8s9c,1.0,1.0,7.017937849142408E-6,7.017937849142408E-6
8s8c,102606.0,155.0,0.7200825309491059,0.0010877803666170733
8s7c,1.0,1.0,7.017937849142408E-6,7.017937849142408E-6
8s6c,1.0,1.0,7.017937849142408E-6,7.017937849142408E-6
8s5c,1.0,1.0,7.017937849142408E-6,7.017937849142408E-6
8s4c,1.0,1.0,7.017937849142408E-6,7.017937849142408E-6
8s3c,1.0,1.0,7.017937849142408E-6,7.017937849142408E-6
8s2c,1.0,1.0,7.017937849142408E-6,7.017937849142408E-6
8sAd,20.0,15.0,1.4035875698284816E-4,1.0526906773713612E-4
8sKd,4.0,3.0,2.8071751396569632E-5,2.1053813547427223E-5
8sQd,2.0,2.0,1.4035875698284816E-5,1.4035875698284816E-5
8sJd,2.0,1.0,1.4035875698284816E-5,7.017937849142408E-6
8sTd,1.0,1.0,7.017937849142408E-6,7.017937849142408E-6
8s9d,1.0,1.0,7.017937849142408E-6,7.017937849142408E-6
8s8d,102606.0,155.0,0.7200825309491059,0.0010877803666170733
8s7d,1.0,1.0,7.017937849142408E-6,7.017937849142408E-6
8s6d,1.0,1.0,7.017937849142408E-6,7.017937849142408E-6
8s5d,1.0,1.0,7.017937849142408E-6,7.017937849142408E-6
8s4d,1.0,1.0,7.017937849142408E-6,7.017937849142408E-6
8s3d,1.0,1.0,7.017937849142408E-6,7.017937849142408E-6
8s2d,1.0,1.0,7.017937849142408E-6,7.017937849142408E-6
8sAh,20.0,15.0,1.4035875698284816E-4,1.0526906773713612E-4
8sKh,4.0,3.0,2.8071751396569632E-5,2.1053813547427223E-5
8sQh,2.0,2.0,1.4035875698284816E-5,1.4035875698284816E-5
8sJh,2.0,1.0,1.4035875698284816E-5,7.017937849142408E-6
8sTh,1.0,1.0,7.017937849142408E-6,7.017937849142408E-6
8s9h,1.0,1.0,7.017937849142408E-6,7.017937849142408E-6
8s8h,102606.0,155.0,0.7200825309491059,0.0010877803666170733
8s7h,1.0,1.0,7.017937849142408E-6,7.017937849142408E-6
8s6h,1.0,1.0,7.017937849142408E-6,7.017937849142408E-6
8s5h,1.0,1.0,7.017937849142408E-6,7.017937849142408E-6
8s4h,1.0,1.0,7.017937849142408E-6,7.017937849142408E-6
8s3h,1.0,1.0,7.017937849142408E-6,7.017937849142408E-6
8s2h,1.0,1.0,7.017937849142408E-6,7.017937849142408E-6
7s6s,1.0,1.0,7.017937849142408E-6,7.017937849142408E-6
7s5s,1.0,1.0,7.017937849142408E-6,7.017937849142408E-6
7s4s,1.0,1.0,7.017937849142408E-6,7.017937849142408E-6
7s3s,1.0,1.0,7.017937849142408E-6,7.017937849142408E-6
7s2s,1.0,1.0,7.017937849142408E-6,7.017937849142408E-6
7sAc,14.0,11.0,9.825112988799372E-5,7.71973163405665E-5
7sKc,3.0,3.0,2.1053813547427223E-5,2.1053813547427223E-5
7sQc,2.0,1.0,1.4035875698284816E-5,7.017937849142408E-6
7sJc,1.0,1.0,7.017937849142408E-6,7.017937849142408E-6
7sTc,1.0,1.0,7.017937849142408E-6,7.017937849142408E-6
7s9c,1.0,1.0,7.017937849142408E-6,7.017937849142408E-6
7s8c,1.0,1.0,7.017937849142408E-6,7.017937849142408E-6
7s7c,58095.0,80.0,0.4077070993459282,5.614350279313927E-4
7s6c,1.0,1.0,7.017937849142408E-6,7.017937849142408E-6
7s5c,1.0,1.0,7.017937849142408E-6,7.017937849142408E-6
7s4c,1.0,1.0,7.017937849142408E-6,7.017937849142408E-6
7s3c,1.0,1.0,7.017937849142408E-6,7.017937849142408E-6
7s2c,1.0,1.0,7.017937849142408E-6,7.017937849142408E-6
7sAd,14.0,11.0,9.825112988799372E-5,7.71973163405665E-5
7sKd,3.0,3.0,2.1053813547427223E-5,2.1053813547427223E-5
7sQd,2.0,1.0,1.4035875698284816E-5,7.017937849142408E-6
7sJd,1.0,1.0,7.017937849142408E-6,7.017937849142408E-6
7sTd,1.0,1.0,7.017937849142408E-6,7.017937849142408E-6
7s9d,1.0,1.0,7.017937849142408E-6,7.017937849142408E-6
7s8d,1.0,1.0,7.017937849142408E-6,7.017937849142408E-6
7s7d,58095.0,80.0,0.4077070993459282,5.614350279313927E-4
7s6d,1.0,1.0,7.017937849142408E-6,7.017937849142408E-6
7s5d,1.0,1.0,7.017937849142408E-6,7.017937849142408E-6
7s4d,1.0,1.0,7.017937849142408E-6,7.017937849142408E-6
7s3d,1.0,1.0,7.017937849142408E-6,7.017937849142408E-6
7s2d,1.0,1.0,7.017937849142408E-6,7.017937849142408E-6
7sAh,14.0,11.0,9.825112988799372E-5,7.71973163405665E-5
7sKh,3.0,3.0,2.1053813547427223E-5,2.1053813547427223E-5
7sQh,2.0,1.0,1.4035875698284816E-5,7.017937849142408E-6
7sJh,1.0,1.0,7.017937849142408E-6,7.017937849142408E-6
7sTh,1.0,1.0,7.017937849142408E-6,7.017937849142408E-6
7s9h,1.0,1.0,7.017937849142408E-6,7.017937849142408E-6
7s8h,1.0,1.0,7.017937849142408E-6,7.017937849142408E-6
7s7h,58095.0,80.0,0.4077070993459282,5.614350279313927E-4
7s6h,1.0,1.0,7.017937849142408E-6,7.017937849142408E-6
7s5h,1.0,1.0,7.017937849142408E-6,7.017937849142408E-6
7s4h,1.0,1.0,7.017937849142408E-6,7.017937849142408E-6
7s3h,1.0,1.0,7.017937849142408E-6,7.017937849142408E-6
7s2h,1.0,1.0,7.017937849142408E-6,7.017937849142408E-6
6s5s,1.0,1.0,7.017937849142408E-6,7.017937849142408E-6
6s4s,1.0,1.0,7.017937849142408E-6,7.017937849142408E-6
6s3s,1.0,1.0,7.017937849142408E-6,7.017937849142408E-6
6s2s,1.0,1.0,7.017937849142408E-6,7.017937849142408E-6
6sAc,10.0,8.0,7.017937849142408E-5,5.6143502793139264E-5
6sKc,3.0,2.0,2.1053813547427223E-5,1.4035875698284816E-5
6sQc,2.0,1.0,1.4035875698284816E-5,7.017937849142408E-6
6sJc,1.0,1.0,7.017937849142408E-6,7.017937849142408E-6
6sTc,1.0,1.0,7.017937849142408E-6,7.017937849142408E-6
6s9c,1.0,1.0,7.017937849142408E-6,7.017937849142408E-6
6s8c,1.0,1.0,7.017937849142408E-6,7.017937849142408E-6
6s7c,1.0,1.0,7.017937849142408E-6,7.017937849142408E-6
6s6c,133626.0,47.0,0.9377789630295034,3.298430789096932E-4
6s5c,1.0,1.0,7.017937849142408E-6,7.017937849142408E-6
6s4c,1.0,1.0,7.017937849142408E-6,7.017937849142408E-6
6s3c,1.0,1.0,7.017937849142408E-6,7.017937849142408E-6
6s2c,1.0,1.0,7.017937849142408E-6,7.017937849142408E-6
6sAd,10.0,8.0,7.017937849142408E-5,5.6143502793139264E-5
6sKd,3.0,2.0,2.1053813547427223E-5,1.4035875698284816E-5
6sQd,2.0,1.0,1.4035875698284816E-5,7.017937849142408E-6
6sJd,1.0,1.0,7.017937849142408E-6,7.017937849142408E-6
6sTd,1.0,1.0,7.017937849142408E-6,7.017937849142408E-6
6s9d,1.0,1.0,7.017937849142408E-6,7.017937849142408E-6
6s8d,1.0,1.0,7.017937849142408E-6,7.017937849142408E-6
6s7d,1.0,1.0,7.017937849142408E-6,7.017937849142408E-6
6s6d,133626.0,47.0,0.9377789630295034,3.298430789096932E-4
6s5d,1.0,1.0,7.017937849142408E-6,7.017937849142408E-6
6s4d,1.0,1.0,7.017937849142408E-6,7.017937849142408E-6
6s3d,1.0,1.0,7.017937849142408E-6,7.017937849142408E-6
6s2d,1.0,1.0,7.017937849142408E-6,7.017937849142408E-6
6sAh,10.0,8.0,7.017937849142408E-5,5.6143502793139264E-5
6sKh,3.0,2.0,2.1053813547427223E-5,1.4035875698284816E-5
6sQh,2.0,1.0,1.4035875698284816E-5,7.017937849142408E-6
6sJh,1.0,1.0,7.017937849142408E-6,7.017937849142408E-6
6sTh,1.0,1.0,7.017937849142408E-6,7.017937849142408E-6
6s9h,1.0,1.0,7.017937849142408E-6,7.017937849142408E-6
6s8h,1.0,1.0,7.017937849142408E-6,7.017937849142408E-6
6s7h,1.0,1.0,7.017937849142408E-6,7.017937849142408E-6
6s6h,133626.0,47.0,0.9377789630295034,3.298430789096932E-4
6s5h,1.0,1.0,7.017937849142408E-6,7.017937849142408E-6
6s4h,1.0,1.0,7.017937849142408E-6,7.017937849142408E-6
6s3h,1.0,1.0,7.017937849142408E-6,7.017937849142408E-6
6s2h,1.0,1.0,7.017937849142408E-6,7.017937849142408E-6
5s4s,1.0,1.0,7.017937849142408E-6,7.017937849142408E-6
5s3s,1.0,1.0,7.017937849142408E-6,7.017937849142408E-6
5s2s,1.0,1.0,7.017937849142408E-6,7.017937849142408E-6
5sAc,9.0,8.0,6.316144064228167E-5,5.6143502793139264E-5
5sKc,2.0,2.0,1.4035875698284816E-5,1.4035875698284816E-5
5sQc,2.0,1.0,1.4035875698284816E-5,7.017937849142408E-6
5sJc,1.0,1.0,7.017937849142408E-6,7.017937849142408E-6
5sTc,1.0,1.0,7.017937849142408E-6,7.017937849142408E-6
5s9c,1.0,1.0,7.017937849142408E-6,7.017937849142408E-6
5s8c,1.0,1.0,7.017937849142408E-6,7.017937849142408E-6
5s7c,1.0,1.0,7.017937849142408E-6,7.017937849142408E-6
5s6c,1.0,1.0,7.017937849142408E-6,7.017937849142408E-6
5s5c,2537.0,28.0,0.01780450832327429,1.9650225977598743E-4
5s4c,1.0,1.0,7.017937849142408E-6,7.017937849142408E-6
5s3c,1.0,1.0,7.017937849142408E-6,7.017937849142408E-6
5s2c,1.0,1.0,7.017937849142408E-6,7.017937849142408E-6
5sAd,9.0,8.0,6.316144064228167E-5,5.6143502793139264E-5
5sKd,2.0,2.0,1.4035875698284816E-5,1.4035875698284816E-5
5sQd,2.0,1.0,1.4035875698284816E-5,7.017937849142408E-6
5sJd,1.0,1.0,7.017937849142408E-6,7.017937849142408E-6
5sTd,1.0,1.0,7.017937849142408E-6,7.017937849142408E-6
5s9d,1.0,1.0,7.017937849142408E-6,7.017937849142408E-6
5s8d,1.0,1.0,7.017937849142408E-6,7.017937849142408E-6
5s7d,1.0,1.0,7.017937849142408E-6,7.017937849142408E-6
5s6d,1.0,1.0,7.017937849142408E-6,7.017937849142408E-6
5s5d,2537.0,28.0,0.01780450832327429,1.9650225977598743E-4
5s4d,1.0,1.0,7.017937849142408E-6,7.017937849142408E-6
5s3d,1.0,1.0,7.017937849142408E-6,7.017937849142408E-6
5s2d,1.0,1.0,7.017937849142408E-6,7.017937849142408E-6
5sAh,9.0,8.0,6.316144064228167E-5,5.6143502793139264E-5
5sKh,2.0,2.0,1.4035875698284816E-5,1.4035875698284816E-5
5sQh,2.0,1.0,1.4035875698284816E-5,7.017937849142408E-6
5sJh,1.0,1.0,7.017937849142408E-6,7.017937849142408E-6
5sTh,1.0,1.0,7.017937849142408E-6,7.017937849142408E-6
5s9h,1.0,1.0,7.017937849142408E-6,7.017937849142408E-6
5s8h,1.0,1.0,7.017937849142408E-6,7.017937849142408E-6
5s7h,1.0,1.0,7.017937849142408E-6,7.017937849142408E-6
5s6h,1.0,1.0,7.017937849142408E-6,7.017937849142408E-6
5s5h,2537.0,28.0,0.01780450832327429,1.9650225977598743E-4
5s4h,1.0,1.0,7.017937849142408E-6,7.017937849142408E-6
5s3h,1.0,1.0,7.017937849142408E-6,7.017937849142408E-6
5s2h,1.0,1.0,7.017937849142408E-6,7.017937849142408E-6
4s3s,1.0,1.0,7.017937849142408E-6,7.017937849142408E-6
4s2s,1.0,1.0,7.017937849142408E-6,7.017937849142408E-6
4sAc,7.0,6.0,4.912556494399686E-5,4.2107627094854446E-5
4sKc,2.0,1.0,1.4035875698284816E-5,7.017937849142408E-6
4sQc,1.0,1.0,7.017937849142408E-6,7.017937849142408E-6
4sJc,1.0,1.0,7.017937849142408E-6,7.017937849142408E-6
4sTc,1.0,1.0,7.017937849142408E-6,7.017937849142408E-6
4s9c,1.0,1.0,7.017937849142408E-6,7.017937849142408E-6
4s8c,1.0,1.0,7.017937849142408E-6,7.017937849142408E-6
4s7c,1.0,1.0,7.017937849142408E-6,7.017937849142408E-6
4s6c,1.0,1.0,7.017937849142408E-6,7.017937849142408E-6
4s5c,1.0,1.0,7.017937849142408E-6,7.017937849142408E-6
4s4c,23.0,15.0,1.6141257053027539E-4,1.0526906773713612E-4
4s3c,1.0,1.0,7.017937849142408E-6,7.017937849142408E-6
4s2c,1.0,1.0,7.017937849142408E-6,7.017937849142408E-6
4sAd,7.0,6.0,4.912556494399686E-5,4.2107627094854446E-5
4sKd,2.0,1.0,1.4035875698284816E-5,7.017937849142408E-6
4sQd,1.0,1.0,7.017937849142408E-6,7.017937849142408E-6
4sJd,1.0,1.0,7.017937849142408E-6,7.017937849142408E-6
4sTd,1.0,1.0,7.017937849142408E-6,7.017937849142408E-6
4s9d,1.0,1.0,7.017937849142408E-6,7.017937849142408E-6
4s8d,1.0,1.0,7.017937849142408E-6,7.017937849142408E-6
4s7d,1.0,1.0,7.017937849142408E-6,7.017937849142408E-6
4s6d,1.0,1.0,7.017937849142408E-6,7.017937849142408E-6
4s5d,1.0,1.0,7.017937849142408E-6,7.017937849142408E-6
4s4d,23.0,15.0,1.6141257053027539E-4,1.0526906773713612E-4
4s3d,1.0,1.0,7.017937849142408E-6,7.017937849142408E-6
4s2d,1.0,1.0,7.017937849142408E-6,7.017937849142408E-6
4sAh,7.0,6.0,4.912556494399686E-5,4.2107627094854446E-5
4sKh,2.0,1.0,1.4035875698284816E-5,7.017937849142408E-6
4sQh,1.0,1.0,7.017937849142408E-6,7.017937849142408E-6
4sJh,1.0,1.0,7.017937849142408E-6,7.017937849142408E-6
4sTh,1.0,1.0,7.017937849142408E-6,7.017937849142408E-6
4s9h,1.0,1.0,7.017937849142408E-6,7.017937849142408E-6
4s8h,1.0,1.0,7.017937849142408E-6,7.017937849142408E-6
4s7h,1.0,1.0,7.017937849142408E-6,7.017937849142408E-6
4s6h,1.0,1.0,7.017937849142408E-6,7.017937849142408E-6
4s5h,1.0,1.0,7.017937849142408E-6,7.017937849142408E-6
4s4h,23.0,15.0,1.6141257053027539E-4,1.0526906773713612E-4
4s3h,1.0,1.0,7.017937849142408E-6,7.017937849142408E-6
4s2h,1.0,1.0,7.017937849142408E-6,7.017937849142408E-6
3s2s,1.0,1.0,7.017937849142408E-6,7.017937849142408E-6
3sAc,6.0,5.0,4.2107627094854446E-5,3.508968924571204E-5
3sKc,2.0,1.0,1.4035875698284816E-5,7.017937849142408E-6
3sQc,1.0,1.0,7.017937849142408E-6,7.017937849142408E-6
3sJc,1.0,1.0,7.017937849142408E-6,7.017937849142408E-6
3sTc,1.0,1.0,7.017937849142408E-6,7.017937849142408E-6
3s9c,1.0,1.0,7.017937849142408E-6,7.017937849142408E-6
3s8c,1.0,1.0,7.017937849142408E-6,7.017937849142408E-6
3s7c,1.0,1.0,7.017937849142408E-6,7.017937849142408E-6
3s6c,1.0,1.0,7.017937849142408E-6,7.017937849142408E-6
3s5c,1.0,1.0,7.017937849142408E-6,7.017937849142408E-6
3s4c,1.0,1.0,7.017937849142408E-6,7.017937849142408E-6
3s3c,9.0,7.0,6.316144064228167E-5,4.912556494399686E-5
3s2c,1.0,1.0,7.017937849142408E-6,7.017937849142408E-6
3sAd,6.0,5.0,4.2107627094854446E-5,3.508968924571204E-5
3sKd,2.0,1.0,1.4035875698284816E-5,7.017937849142408E-6
3sQd,1.0,1.0,7.017937849142408E-6,7.017937849142408E-6
3sJd,1.0,1.0,7.017937849142408E-6,7.017937849142408E-6
3sTd,1.0,1.0,7.017937849142408E-6,7.017937849142408E-6
3s9d,1.0,1.0,7.017937849142408E-6,7.017937849142408E-6
3s8d,1.0,1.0,7.017937849142408E-6,7.017937849142408E-6
3s7d,1.0,1.0,7.017937849142408E-6,7.017937849142408E-6
3s6d,1.0,1.0,7.017937849142408E-6,7.017937849142408E-6
3s5d,1.0,1.0,7.017937849142408E-6,7.017937849142408E-6
3s4d,1.0,1.0,7.017937849142408E-6,7.017937849142408E-6
3s3d,9.0,7.0,6.316144064228167E-5,4.912556494399686E-5
3s2d,1.0,1.0,7.017937849142408E-6,7.017937849142408E-6
3sAh,6.0,5.0,4.2107627094854446E-5,3.508968924571204E-5
3sKh,2.0,1.0,1.4035875698284816E-5,7.017937849142408E-6
3sQh,1.0,1.0,7.017937849142408E-6,7.017937849142408E-6
3sJh,1.0,1.0,7.017937849142408E-6,7.017937849142408E-6
3sTh,1.0,1.0,7.017937849142408E-6,7.017937849142408E-6
3s9h,1.0,1.0,7.017937849142408E-6,7.017937849142408E-6
3s8h,1.0,1.0,7.017937849142408E-6,7.017937849142408E-6
3s7h,1.0,1.0,7.017937849142408E-6,7.017937849142408E-6
3s6h,1.0,1.0,7.017937849142408E-6,7.017937849142408E-6
3s5h,1.0,1.0,7.017937849142408E-6,7.017937849142408E-6
3s4h,1.0,1.0,7.017937849142408E-6,7.017937849142408E-6
3s3h,9.0,7.0,6.316144064228167E-5,4.912556494399686E-5
3s2h,1.0,1.0,7.017937849142408E-6,7.017937849142408E-6
2sAc,5.0,4.0,3.508968924571204E-5,2.8071751396569632E-5
2sKc,2.0,1.0,1.4035875698284816E-5,7.017937849142408E-6
2sQc,1.0,1.0,7.017937849142408E-6,7.017937849142408E-6
2sJc,1.0,1.0,7.017937849142408E-6,7.017937849142408E-6
2sTc,1.0,1.0,7.017937849142408E-6,7.017937849142408E-6
2s9c,1.0,1.0,7.017937849142408E-6,7.017937849142408E-6
2s8c,1.0,1.0,7.017937849142408E-6,7.017937849142408E-6
2s7c,1.0,1.0,7.017937849142408E-6,7.017937849142408E-6
2s6c,1.0,1.0,7.017937849142408E-6,7.017937849142408E-6
2s5c,1.0,1.0,7.017937849142408E-6,7.017937849142408E-6
2s4c,1.0,1.0,7.017937849142408E-6,7.017937849142408E-6
2s3c,1.0,1.0,7.017937849142408E-6,7.017937849142408E-6
2s2c,2.0,1.0,1.4035875698284816E-5,7.017937849142408E-6
2sAd,5.0,4.0,3.508968924571204E-5,2.8071751396569632E-5
2sKd,2.0,1.0,1.4035875698284816E-5,7.017937849142408E-6
2sQd,1.0,1.0,7.017937849142408E-6,7.017937849142408E-6
2sJd,1.0,1.0,7.017937849142408E-6,7.017937849142408E-6
2sTd,1.0,1.0,7.017937849142408E-6,7.017937849142408E-6
2s9d,1.0,1.0,7.017937849142408E-6,7.017937849142408E-6
2s8d,1.0,1.0,7.017937849142408E-6,7.017937849142408E-6
2s7d,1.0,1.0,7.017937849142408E-6,7.017937849142408E-6
2s6d,1.0,1.0,7.017937849142408E-6,7.017937849142408E-6
2s5d,1.0,1.0,7.017937849142408E-6,7.017937849142408E-6
2s4d,1.0,1.0,7.017937849142408E-6,7.017937849142408E-6
2s3d,1.0,1.0,7.017937849142408E-6,7.017937849142408E-6
2s2d,2.0,1.0,1.4035875698284816E-5,7.017937849142408E-6
2sAh,5.0,4.0,3.508968924571204E-5,2.8071751396569632E-5
2sKh,2.0,1.0,1.4035875698284816E-5,7.017937849142408E-6
2sQh,1.0,1.0,7.017937849142408E-6,7.017937849142408E-6
2sJh,1.0,1.0,7.017937849142408E-6,7.017937849142408E-6
2sTh,1.0,1.0,7.017937849142408E-6,7.017937849142408E-6
2s9h,1.0,1.0,7.017937849142408E-6,7.017937849142408E-6
2s8h,1.0,1.0,7.017937849142408E-6,7.017937849142408E-6
2s7h,1.0,1.0,7.017937849142408E-6,7.017937849142408E-6
2s6h,1.0,1.0,7.017937849142408E-6,7.017937849142408E-6
2s5h,1.0,1.0,7.017937849142408E-6,7.017937849142408E-6
2s4h,1.0,1.0,7.017937849142408E-6,7.017937849142408E-6
2s3h,1.0,1.0,7.017937849142408E-6,7.017937849142408E-6
2s2h,2.0,1.0,1.4035875698284816E-5,7.017937849142408E-6
AcKc,142492.0,142492.0,1.0,1.0
AcQc,142492.0,142492.0,1.0,1.0
AcJc,142492.0,114.0,1.0,8.000449148022345E-4
AcTc,142492.0,61.0,1.0,4.280942087976869E-4
Ac9c,1882.0,34.0,0.013207759032086012,2.3860988687084188E-4
Ac8c,509.0,24.0,0.0035721303652134855,1.6843050837941778E-4
Ac7c,299.0,18.0,0.0020983634168935798,1.2632288128456334E-4
Ac6c,18.0,13.0,1.2632288128456334E-4,9.12331920388513E-5
Ac5c,141384.0,13.0,0.9922241248631503,9.12331920388513E-5
Ac4c,140816.0,11.0,0.9882379361648373,7.71973163405665E-5
Ac3c,139173.0,9.0,0.9767074642786964,6.316144064228167E-5
Ac2c,10.0,8.0,7.017937849142408E-5,5.6143502793139264E-5
AcAd,142492.0,142492.0,1.0,1.0
AcKd,142492.0,142492.0,1.0,1.0
AcQd,142492.0,23910.0,1.0,0.16779889397299497
AcJd,138870.0,75.0,0.9745810291104062,5.263453386856806E-4
AcTd,71.0,41.0,4.982735872891109E-4,2.8773545181483875E-4
Ac9d,31.0,23.0,2.1755607332341466E-4,1.6141257053027539E-4
Ac8d,20.0,15.0,1.4035875698284816E-4,1.0526906773713612E-4
Ac7d,14.0,11.0,9.825112988799372E-5,7.71973163405665E-5
Ac6d,10.0,8.0,7.017937849142408E-5,5.6143502793139264E-5
Ac5d,9.0,8.0,6.316144064228167E-5,5.6143502793139264E-5
Ac4d,7.0,6.0,4.912556494399686E-5,4.2107627094854446E-5
Ac3d,6.0,5.0,4.2107627094854446E-5,3.508968924571204E-5
Ac2d,5.0,4.0,3.508968924571204E-5,2.8071751396569632E-5
AcAh,142492.0,142492.0,1.0,1.0
AcKh,142492.0,142492.0,1.0,1.0
AcQh,142492.0,23910.0,1.0,0.16779889397299497
AcJh,138870.0,75.0,0.9745810291104062,5.263453386856806E-4
AcTh,71.0,41.0,4.982735872891109E-4,2.8773545181483875E-4
Ac9h,31.0,23.0,2.1755607332341466E-4,1.6141257053027539E-4
Ac8h,20.0,15.0,1.4035875698284816E-4,1.0526906773713612E-4
Ac7h,14.0,11.0,9.825112988799372E-5,7.71973163405665E-5
Ac6h,10.0,8.0,7.017937849142408E-5,5.6143502793139264E-5
Ac5h,9.0,8.0,6.316144064228167E-5,5.6143502793139264E-5
Ac4h,7.0,6.0,4.912556494399686E-5,4.2107627094854446E-5
Ac3h,6.0,5.0,4.2107627094854446E-5,3.508968924571204E-5
Ac2h,5.0,4.0,3.508968924571204E-5,2.8071751396569632E-5
KcQc,142455.0,28.0,0.9997403362995817,1.9650225977598743E-4
KcJc,142146.0,18.0,0.9975717935041968,1.2632288128456334E-4
KcTc,141599.0,13.0,0.9937329815007159,9.12331920388513E-5
Kc9c,9.0,8.0,6.316144064228167E-5,5.6143502793139264E-5
Kc8c,6.0,5.0,4.2107627094854446E-5,3.508968924571204E-5
Kc7c,5.0,4.0,3.508968924571204E-5,2.8071751396569632E-5
Kc6c,4.0,4.0,2.8071751396569632E-5,2.8071751396569632E-5
Kc5c,4.0,3.0,2.8071751396569632E-5,2.1053813547427223E-5
Kc4c,3.0,3.0,2.1053813547427223E-5,2.1053813547427223E-5
Kc3c,3.0,2.0,2.1053813547427223E-5,1.4035875698284816E-5
Kc2c,3.0,2.0,2.1053813547427223E-5,1.4035875698284816E-5
KcAd,142492.0,142492.0,1.0,1.0
KcKd,142492.0,142492.0,1.0,1.0
KcQd,4864.0,16.0,0.034135249698228676,1.1228700558627853E-4
KcJd,13.0,10.0,9.12331920388513E-5,7.017937849142408E-5
KcTd,9.0,8.0,6.316144064228167E-5,5.6143502793139264E-5
Kc9d,5.0,5.0,3.508968924571204E-5,3.508968924571204E-5
Kc8d,4.0,3.0,2.8071751396569632E-5,2.1053813547427223E-5
Kc7d,3.0,3.0,2.1053813547427223E-5,2.1053813547427223E-5
Kc6d,3.0,2.0,2.1053813547427223E-5,1.4035875698284816E-5
Kc5d,2.0,2.0,1.4035875698284816E-5,1.4035875698284816E-5
Kc4d,2.0,1.0,1.4035875698284816E-5,7.017937849142408E-6
Kc3d,2.0,1.0,1.4035875698284816E-5,7.017937849142408E-6
Kc2d,2.0,1.0,1.4035875698284816E-5,7.017937849142408E-6
KcAh,142492.0,142492.0,1.0,1.0
KcKh,142492.0,142492.0,1.0,1.0
KcQh,4864.0,16.0,0.034135249698228676,1.1228700558627853E-4
KcJh,13.0,10.0,9.12331920388513E-5,7.017937849142408E-5
KcTh,9.0,8.0,6.316144064228167E-5,5.6143502793139264E-5
Kc9h,5.0,5.0,3.508968924571204E-5,3.508968924571204E-5
Kc8h,4.0,3.0,2.8071751396569632E-5,2.1053813547427223E-5
Kc7h,3.0,3.0,2.1053813547427223E-5,2.1053813547427223E-5
Kc6h,3.0,2.0,2.1053813547427223E-5,1.4035875698284816E-5
Kc5h,2.0,2.0,1.4035875698284816E-5,1.4035875698284816E-5
Kc4h,2.0,1.0,1.4035875698284816E-5,7.017937849142408E-6
Kc3h,2.0,1.0,1.4035875698284816E-5,7.017937849142408E-6
Kc2h,2.0,1.0,1.4035875698284816E-5,7.017937849142408E-6
QcJc,141879.0,9.0,0.9956980040984758,6.316144064228167E-5
QcTc,138760.0,7.0,0.9738090559470005,4.912556494399686E-5
Qc9c,5.0,4.0,3.508968924571204E-5,2.8071751396569632E-5
Qc8c,4.0,3.0,2.8071751396569632E-5,2.1053813547427223E-5
Qc7c,3.0,2.0,2.1053813547427223E-5,1.4035875698284816E-5
Qc6c,2.0,2.0,1.4035875698284816E-5,1.4035875698284816E-5
Qc5c,2.0,1.0,1.4035875698284816E-5,7.017937849142408E-6
Qc4c,2.0,1.0,1.4035875698284816E-5,7.017937849142408E-6
Qc3c,2.0,1.0,1.4035875698284816E-5,7.017937849142408E-6
Qc2c,2.0,1.0,1.4035875698284816E-5,7.017937849142408E-6
QcAd,142492.0,23910.0,1.0,0.16779889397299497
QcKd,4864.0,16.0,0.034135249698228676,1.1228700558627853E-4
QcQd,142492.0,142492.0,1.0,1.0
QcJd,6.0,5.0,4.2107627094854446E-5,3.508968924571204E-5
QcTd,5.0,4.0,3.508968924571204E-5,2.8071751396569632E-5
Qc9d,3.0,2.0,2.1053813547427223E-5,1.4035875698284816E-5
Qc8d,2.0,2.0,1.4035875698284816E-5,1.4035875698284816E-5
Qc7d,2.0,1.0,1.4035875698284816E-5,7.017937849142408E-6
Qc6d,2.0,1.0,1.4035875698284816E-5,7.017937849142408E-6
Qc5d,2.0,1.0,1.4035875698284816E-5,7.017937849142408E-6
Qc4d,1.0,1.0,7.017937849142408E-6,7.017937849142408E-6
Qc3d,1.0,1.0,7.017937849142408E-6,7.017937849142408E-6
Qc2d,1.0,1.0,7.017937849142408E-6,7.017937849142408E-6
QcAh,142492.0,23910.0,1.0,0.16779889397299497
QcKh,4864.0,16.0,0.034135249698228676,1.1228700558627853E-4
QcQh,142492.0,142492.0,1.0,1.0
QcJh,6.0,5.0,4.2107627094854446E-5,3.508968924571204E-5
QcTh,5.0,4.0,3.508968924571204E-5,2.8071751396569632E-5
Qc9h,3.0,2.0,2.1053813547427223E-5,1.4035875698284816E-5
Qc8h,2.0,2.0,1.4035875698284816E-5,1.4035875698284816E-5
Qc7h,2.0,1.0,1.4035875698284816E-5,7.017937849142408E-6
Qc6h,2.0,1.0,1.4035875698284816E-5,7.017937849142408E-6
Qc5h,2.0,1.0,1.4035875698284816E-5,7.017937849142408E-6
Qc4h,1.0,1.0,7.017937849142408E-6,7.017937849142408E-6
Qc3h,1.0,1.0,7.017937849142408E-6,7.017937849142408E-6
Qc2h,1.0,1.0,7.017937849142408E-6,7.017937849142408E-6
JcTc,6.0,4.0,4.2107627094854446E-5,2.8071751396569632E-5
Jc9c,4.0,3.0,2.8071751396569632E-5,2.1053813547427223E-5
Jc8c,3.0,2.0,2.1053813547427223E-5,1.4035875698284816E-5
Jc7c,2.0,1.0,1.4035875698284816E-5,7.017937849142408E-6
Jc6c,2.0,1.0,1.4035875698284816E-5,7.017937849142408E-6
Jc5c,2.0,1.0,1.4035875698284816E-5,7.017937849142408E-6
Jc4c,1.0,1.0,7.017937849142408E-6,7.017937849142408E-6
Jc3c,1.0,1.0,7.017937849142408E-6,7.017937849142408E-6
Jc2c,1.0,1.0,7.017937849142408E-6,7.017937849142408E-6
JcAd,138870.0,75.0,0.9745810291104062,5.263453386856806E-4
JcKd,13.0,10.0,9.12331920388513E-5,7.017937849142408E-5
JcQd,6.0,5.0,4.2107627094854446E-5,3.508968924571204E-5
JcJd,142492.0,142492.0,1.0,1.0
JcTd,3.0,2.0,2.1053813547427223E-5,1.4035875698284816E-5
Jc9d,2.0,1.0,1.4035875698284816E-5,7.017937849142408E-6
Jc8d,2.0,1.0,1.4035875698284816E-5,7.017937849142408E-6
Jc7d,1.0,1.0,7.017937849142408E-6,7.017937849142408E-6
Jc6d,1.0,1.0,7.017937849142408E-6,7.017937849142408E-6
Jc5d,1.0,1.0,7.017937849142408E-6,7.017937849142408E-6
Jc4d,1.0,1.0,7.017937849142408E-6,7.017937849142408E-6
Jc3d,1.0,1.0,7.017937849142408E-6,7.017937849142408E-6
Jc2d,1.0,1.0,7.017937849142408E-6,7.017937849142408E-6
JcAh,138870.0,75.0,0.9745810291104062,5.263453386856806E-4
JcKh,13.0,10.0,9.12331920388513E-5,7.017937849142408E-5
JcQh,6.0,5.0,4.2107627094854446E-5,3.508968924571204E-5
JcJh,142492.0,142492.0,1.0,1.0
JcTh,3.0,2.0,2.1053813547427223E-5,1.4035875698284816E-5
Jc9h,2.0,1.0,1.4035875698284816E-5,7.017937849142408E-6
Jc8h,2.0,1.0,1.4035875698284816E-5,7.017937849142408E-6
Jc7h,1.0,1.0,7.017937849142408E-6,7.017937849142408E-6
Jc6h,1.0,1.0,7.017937849142408E-6,7.017937849142408E-6
Jc5h,1.0,1.0,7.017937849142408E-6,7.017937849142408E-6
Jc4h,1.0,1.0,7.017937849142408E-6,7.017937849142408E-6
Jc3h,1.0,1.0,7.017937849142408E-6,7.017937849142408E-6
Jc2h,1.0,1.0,7.017937849142408E-6,7.017937849142408E-6
Tc9c,3.0,2.0,2.1053813547427223E-5,1.4035875698284816E-5
Tc8c,2.0,1.0,1.4035875698284816E-5,7.017937849142408E-6
Tc7c,2.0,1.0,1.4035875698284816E-5,7.017937849142408E-6
Tc6c,1.0,1.0,7.017937849142408E-6,7.017937849142408E-6
Tc5c,1.0,1.0,7.017937849142408E-6,7.017937849142408E-6
Tc4c,1.0,1.0,7.017937849142408E-6,7.017937849142408E-6
Tc3c,1.0,1.0,7.017937849142408E-6,7.017937849142408E-6
Tc2c,1.0,1.0,7.017937849142408E-6,7.017937849142408E-6
TcAd,71.0,41.0,4.982735872891109E-4,2.8773545181483875E-4
TcKd,9.0,8.0,6.316144064228167E-5,5.6143502793139264E-5
TcQd,5.0,4.0,3.508968924571204E-5,2.8071751396569632E-5
TcJd,3.0,2.0,2.1053813547427223E-5,1.4035875698284816E-5
TcTd,142492.0,142492.0,1.0,1.0
Tc9d,2.0,1.0,1.4035875698284816E-5,7.017937849142408E-6
Tc8d,1.0,1.0,7.017937849142408E-6,7.017937849142408E-6
Tc7d,1.0,1.0,7.017937849142408E-6,7.017937849142408E-6
Tc6d,1.0,1.0,7.017937849142408E-6,7.017937849142408E-6
Tc5d,1.0,1.0,7.017937849142408E-6,7.017937849142408E-6
Tc4d,1.0,1.0,7.017937849142408E-6,7.017937849142408E-6
Tc3d,1.0,1.0,7.017937849142408E-6,7.017937849142408E-6
Tc2d,1.0,1.0,7.017937849142408E-6,7.017937849142408E-6
TcAh,71.0,41.0,4.982735872891109E-4,2.8773545181483875E-4
TcKh,9.0,8.0,6.316144064228167E-5,5.6143502793139264E-5
TcQh,5.0,4.0,3.508968924571204E-5,2.8071751396569632E-5
TcJh,3.0,2.0,2.1053813547427223E-5,1.4035875698284816E-5
TcTh,142492.0,142492.0,1.0,1.0
Tc9h,2.0,1.0,1.4035875698284816E-5,7.017937849142408E-6
Tc8h,1.0,1.0,7.017937849142408E-6,7.017937849142408E-6
Tc7h,1.0,1.0,7.017937849142408E-6,7.017937849142408E-6
Tc6h,1.0,1.0,7.017937849142408E-6,7.017937849142408E-6
Tc5h,1.0,1.0,7.017937849142408E-6,7.017937849142408E-6
Tc4h,1.0,1.0,7.017937849142408E-6,7.017937849142408E-6
Tc3h,1.0,1.0,7.017937849142408E-6,7.017937849142408E-6
Tc2h,1.0,1.0,7.017937849142408E-6,7.017937849142408E-6
9c8c,2.0,1.0,1.4035875698284816E-5,7.017937849142408E-6
9c7c,1.0,1.0,7.017937849142408E-6,7.017937849142408E-6
9c6c,1.0,1.0,7.017937849142408E-6,7.017937849142408E-6
9c5c,1.0,1.0,7.017937849142408E-6,7.017937849142408E-6
9c4c,1.0,1.0,7.017937849142408E-6,7.017937849142408E-6
9c3c,1.0,1.0,7.017937849142408E-6,7.017937849142408E-6
9c2c,1.0,1.0,7.017937849142408E-6,7.017937849142408E-6
9cAd,31.0,23.0,2.1755607332341466E-4,1.6141257053027539E-4
9cKd,5.0,5.0,3.508968924571204E-5,3.508968924571204E-5
9cQd,3.0,2.0,2.1053813547427223E-5,1.4035875698284816E-5
9cJd,2.0,1.0,1.4035875698284816E-5,7.017937849142408E-6
9cTd,2.0,1.0,1.4035875698284816E-5,7.017937849142408E-6
9c9d,142492.0,40632.0,1.0,0.2851528506863543
9c8d,1.0,1.0,7.017937849142408E-6,7.017937849142408E-6
9c7d,1.0,1.0,7.017937849142408E-6,7.017937849142408E-6
9c6d,1.0,1.0,7.017937849142408E-6,7.017937849142408E-6
9c5d,1.0,1.0,7.017937849142408E-6,7.017937849142408E-6
9c4d,1.0,1.0,7.017937849142408E-6,7.017937849142408E-6
9c3d,1.0,1.0,7.017937849142408E-6,7.017937849142408E-6
9c2d,1.0,1.0,7.017937849142408E-6,7.017937849142408E-6
9cAh,31.0,23.0,2.1755607332341466E-4,1.6141257053027539E-4
9cKh,5.0,5.0,3.508968924571204E-5,3.508968924571204E-5
9cQh,3.0,2.0,2.1053813547427223E-5,1.4035875698284816E-5
9cJh,2.0,1.0,1.4035875698284816E-5,7.017937849142408E-6
9cTh,2.0,1.0,1.4035875698284816E-5,7.017937849142408E-6
9c9h,142492.0,40632.0,1.0,0.2851528506863543
9c8h,1.0,1.0,7.017937849142408E-6,7.017937849142408E-6
9c7h,1.0,1.0,7.017937849142408E-6,7.017937849142408E-6
9c6h,1.0,1.0,7.017937849142408E-6,7.017937849142408E-6
9c5h,1.0,1.0,7.017937849142408E-6,7.017937849142408E-6
9c4h,1.0,1.0,7.017937849142408E-6,7.017937849142408E-6
9c3h,1.0,1.0,7.017937849142408E-6,7.017937849142408E-6
9c2h,1.0,1.0,7.017937849142408E-6,7.017937849142408E-6
8c7c,1.0,1.0,7.017937849142408E-6,7.017937849142408E-6
8c6c,1.0,1.0,7.017937849142408E-6,7.017937849142408E-6
8c5c,1.0,1.0,7.017937849142408E-6,7.017937849142408E-6
8c4c,1.0,1.0,7.017937849142408E-6,7.017937849142408E-6
8c3c,1.0,1.0,7.017937849142408E-6,7.017937849142408E-6
8c2c,1.0,1.0,7.017937849142408E-6,7.017937849142408E-6
8cAd,20.0,15.0,1.4035875698284816E-4,1.0526906773713612E-4
8cKd,4.0,3.0,2.8071751396569632E-5,2.1053813547427223E-5
8cQd,2.0,2.0,1.4035875698284816E-5,1.4035875698284816E-5
8cJd,2.0,1.0,1.4035875698284816E-5,7.017937849142408E-6
8cTd,1.0,1.0,7.017937849142408E-6,7.017937849142408E-6
8c9d,1.0,1.0,7.017937849142408E-6,7.017937849142408E-6
8c8d,102606.0,155.0,0.7200825309491059,0.0010877803666170733
8c7d,1.0,1.0,7.017937849142408E-6,7.017937849142408E-6
8c6d,1.0,1.0,7.017937849142408E-6,7.017937849142408E-6
8c5d,1.0,1.0,7.017937849142408E-6,7.017937849142408E-6
8c4d,1.0,1.0,7.017937849142408E-6,7.017937849142408E-6
8c3d,1.0,1.0,7.017937849142408E-6,7.017937849142408E-6
8c2d,1.0,1.0,7.017937849142408E-6,7.017937849142408E-6
8cAh,20.0,15.0,1.4035875698284816E-4,1.0526906773713612E-4
8cKh,4.0,3.0,2.8071751396569632E-5,2.1053813547427223E-5
8cQh,2.0,2.0,1.4035875698284816E-5,1.4035875698284816E-5
8cJh,2.0,1.0,1.4035875698284816E-5,7.017937849142408E-6
8cTh,1.0,1.0,7.017937849142408E-6,7.017937849142408E-6
8c9h,1.0,1.0,7.017937849142408E-6,7.017937849142408E-6
8c8h,102606.0,155.0,0.7200825309491059,0.0010877803666170733
8c7h,1.0,1.0,7.017937849142408E-6,7.017937849142408E-6
8c6h,1.0,1.0,7.017937849142408E-6,7.017937849142408E-6
8c5h,1.0,1.0,7.017937849142408E-6,7.017937849142408E-6
8c4h,1.0,1.0,7.017937849142408E-6,7.017937849142408E-6
8c3h,1.0,1.0,7.017937849142408E-6,7.017937849142408E-6
8c2h,1.0,1.0,7.017937849142408E-6,7.017937849142408E-6
7c6c,1.0,1.0,7.017937849142408E-6,7.017937849142408E-6
7c5c,1.0,1.0,7.017937849142408E-6,7.017937849142408E-6
7c4c,1.0,1.0,7.017937849142408E-6,7.017937849142408E-6
7c3c,1.0,1.0,7.017937849142408E-6,7.017937849142408E-6
7c2c,1.0,1.0,7.017937849142408E-6,7.017937849142408E-6
7cAd,14.0,11.0,9.825112988799372E-5,7.71973163405665E-5
7cKd,3.0,3.0,2.1053813547427223E-5,2.1053813547427223E-5
7cQd,2.0,1.0,1.4035875698284816E-5,7.017937849142408E-6
7cJd,1.0,1.0,7.017937849142408E-6,7.017937849142408E-6
7cTd,1.0,1.0,7.017937849142408E-6,7.017937849142408E-6
7c9d,1.0,1.0,7.017937849142408E-6,7.017937849142408E-6
7c8d,1.0,1.0,7.017937849142408E-6,7.017937849142408E-6
7c7d,58095.0,80.0,0.4077070993459282,5.614350279313927E-4
7c6d,1.0,1.0,7.017937849142408E-6,7.017937849142408E-6
7c5d,1.0,1.0,7.017937849142408E-6,7.017937849142408E-6
7c4d,1.0,1.0,7.017937849142408E-6,7.017937849142408E-6
7c3d,1.0,1.0,7.017937849142408E-6,7.017937849142408E-6
7c2d,1.0,1.0,7.017937849142408E-6,7.017937849142408E-6
7cAh,14.0,11.0,9.825112988799372E-5,7.71973163405665E-5
7cKh,3.0,3.0,2.1053813547427223E-5,2.1053813547427223E-5
7cQh,2.0,1.0,1.4035875698284816E-5,7.017937849142408E-6
7cJh,1.0,1.0,7.017937849142408E-6,7.017937849142408E-6
7cTh,1.0,1.0,7.017937849142408E-6,7.017937849142408E-6
7c9h,1.0,1.0,7.017937849142408E-6,7.017937849142408E-6
7c8h,1.0,1.0,7.017937849142408E-6,7.017937849142408E-6
7c7h,58095.0,80.0,0.4077070993459282,5.614350279313927E-4
7c6h,1.0,1.0,7.017937849142408E-6,7.017937849142408E-6
7c5h,1.0,1.0,7.017937849142408E-6,7.017937849142408E-6
7c4h,1.0,1.0,7.017937849142408E-6,7.017937849142408E-6
7c3h,1.0,1.0,7.017937849142408E-6,7.017937849142408E-6
7c2h,1.0,1.0,7.017937849142408E-6,7.017937849142408E-6
6c5c,1.0,1.0,7.017937849142408E-6,7.017937849142408E-6
6c4c,1.0,1.0,7.017937849142408E-6,7.017937849142408E-6
6c3c,1.0,1.0,7.017937849142408E-6,7.017937849142408E-6
6c2c,1.0,1.0,7.017937849142408E-6,7.017937849142408E-6
6cAd,10.0,8.0,7.017937849142408E-5,5.6143502793139264E-5
6cKd,3.0,2.0,2.1053813547427223E-5,1.4035875698284816E-5
6cQd,2.0,1.0,1.4035875698284816E-5,7.017937849142408E-6
6cJd,1.0,1.0,7.017937849142408E-6,7.017937849142408E-6
6cTd,1.0,1.0,7.017937849142408E-6,7.017937849142408E-6
6c9d,1.0,1.0,7.017937849142408E-6,7.017937849142408E-6
6c8d,1.0,1.0,7.017937849142408E-6,7.017937849142408E-6
6c7d,1.0,1.0,7.017937849142408E-6,7.017937849142408E-6
6c6d,133626.0,47.0,0.9377789630295034,3.298430789096932E-4
6c5d,1.0,1.0,7.017937849142408E-6,7.017937849142408E-6
6c4d,1.0,1.0,7.017937849142408E-6,7.017937849142408E-6
6c3d,1.0,1.0,7.017937849142408E-6,7.017937849142408E-6
6c2d,1.0,1.0,7.017937849142408E-6,7.017937849142408E-6
6cAh,10.0,8.0,7.017937849142408E-5,5.6143502793139264E-5
6cKh,3.0,2.0,2.1053813547427223E-5,1.4035875698284816E-5
6cQh,2.0,1.0,1.4035875698284816E-5,7.017937849142408E-6
6cJh,1.0,1.0,7.017937849142408E-6,7.017937849142408E-6
6cTh,1.0,1.0,7.017937849142408E-6,7.017937849142408E-6
6c9h,1.0,1.0,7.017937849142408E-6,7.017937849142408E-6
6c8h,1.0,1.0,7.017937849142408E-6,7.017937849142408E-6
6c7h,1.0,1.0,7.017937849142408E-6,7.017937849142408E-6
6c6h,133626.0,47.0,0.9377789630295034,3.298430789096932E-4
6c5h,1.0,1.0,7.017937849142408E-6,7.017937849142408E-6
6c4h,1.0,1.0,7.017937849142408E-6,7.017937849142408E-6
6c3h,1.0,1.0,7.017937849142408E-6,7.017937849142408E-6
6c2h,1.0,1.0,7.017937849142408E-6,7.017937849142408E-6
5c4c,1.0,1.0,7.017937849142408E-6,7.017937849142408E-6
5c3c,1.0,1.0,7.017937849142408E-6,7.017937849142408E-6
5c2c,1.0,1.0,7.017937849142408E-6,7.017937849142408E-6
5cAd,9.0,8.0,6.316144064228167E-5,5.6143502793139264E-5
5cKd,2.0,2.0,1.4035875698284816E-5,1.4035875698284816E-5
5cQd,2.0,1.0,1.4035875698284816E-5,7.017937849142408E-6
5cJd,1.0,1.0,7.017937849142408E-6,7.017937849142408E-6
5cTd,1.0,1.0,7.017937849142408E-6,7.017937849142408E-6
5c9d,1.0,1.0,7.017937849142408E-6,7.017937849142408E-6
5c8d,1.0,1.0,7.017937849142408E-6,7.017937849142408E-6
5c7d,1.0,1.0,7.017937849142408E-6,7.017937849142408E-6
5c6d,1.0,1.0,7.017937849142408E-6,7.017937849142408E-6
5c5d,2537.0,28.0,0.01780450832327429,1.9650225977598743E-4
5c4d,1.0,1.0,7.017937849142408E-6,7.017937849142408E-6
5c3d,1.0,1.0,7.017937849142408E-6,7.017937849142408E-6
5c2d,1.0,1.0,7.017937849142408E-6,7.017937849142408E-6
5cAh,9.0,8.0,6.316144064228167E-5,5.6143502793139264E-5
5cKh,2.0,2.0,1.4035875698284816E-5,1.4035875698284816E-5
5cQh,2.0,1.0,1.4035875698284816E-5,7.017937849142408E-6
5cJh,1.0,1.0,7.017937849142408E-6,7.017937849142408E-6
5cTh,1.0,1.0,7.017937849142408E-6,7.017937849142408E-6
5c9h,1.0,1.0,7.017937849142408E-6,7.017937849142408E-6
5c8h,1.0,1.0,7.017937849142408E-6,7.017937849142408E-6
5c7h,1.0,1.0,7.017937849142408E-6,7.017937849142408E-6
5c6h,1.0,1.0,7.017937849142408E-6,7.017937849142408E-6
5c5h,2537.0,28.0,0.01780450832327429,1.9650225977598743E-4
5c4h,1.0,1.0,7.017937849142408E-6,7.017937849142408E-6
5c3h,1.0,1.0,7.017937849142408E-6,7.017937849142408E-6
5c2h,1.0,1.0,7.017937849142408E-6,7.017937849142408E-6
4c3c,1.0,1.0,7.017937849142408E-6,7.017937849142408E-6
4c2c,1.0,1.0,7.017937849142408E-6,7.017937849142408E-6
4cAd,7.0,6.0,4.912556494399686E-5,4.2107627094854446E-5
4cKd,2.0,1.0,1.4035875698284816E-5,7.017937849142408E-6
4cQd,1.0,1.0,7.017937849142408E-6,7.017937849142408E-6
4cJd,1.0,1.0,7.017937849142408E-6,7.017937849142408E-6
4cTd,1.0,1.0,7.017937849142408E-6,7.017937849142408E-6
4c9d,1.0,1.0,7.017937849142408E-6,7.017937849142408E-6
4c8d,1.0,1.0,7.017937849142408E-6,7.017937849142408E-6
4c7d,1.0,1.0,7.017937849142408E-6,7.017937849142408E-6
4c6d,1.0,1.0,7.017937849142408E-6,7.017937849142408E-6
4c5d,1.0,1.0,7.017937849142408E-6,7.017937849142408E-6
4c4d,23.0,15.0,1.6141257053027539E-4,1.0526906773713612E-4
4c3d,1.0,1.0,7.017937849142408E-6,7.017937849142408E-6
4c2d,1.0,1.0,7.017937849142408E-6,7.017937849142408E-6
4cAh,7.0,6.0,4.912556494399686E-5,4.2107627094854446E-5
4cKh,2.0,1.0,1.4035875698284816E-5,7.017937849142408E-6
4cQh,1.0,1.0,7.017937849142408E-6,7.017937849142408E-6
4cJh,1.0,1.0,7.017937849142408E-6,7.017937849142408E-6
4cTh,1.0,1.0,7.017937849142408E-6,7.017937849142408E-6
4c9h,1.0,1.0,7.017937849142408E-6,7.017937849142408E-6
4c8h,1.0,1.0,7.017937849142408E-6,7.017937849142408E-6
4c7h,1.0,1.0,7.017937849142408E-6,7.017937849142408E-6
4c6h,1.0,1.0,7.017937849142408E-6,7.017937849142408E-6
4c5h,1.0,1.0,7.017937849142408E-6,7.017937849142408E-6
4c4h,23.0,15.0,1.6141257053027539E-4,1.0526906773713612E-4
4c3h,1.0,1.0,7.017937849142408E-6,7.017937849142408E-6
4c2h,1.0,1.0,7.017937849142408E-6,7.017937849142408E-6
3c2c,1.0,1.0,7.017937849142408E-6,7.017937849142408E-6
3cAd,6.0,5.0,4.2107627094854446E-5,3.508968924571204E-5
3cKd,2.0,1.0,1.4035875698284816E-5,7.017937849142408E-6
3cQd,1.0,1.0,7.017937849142408E-6,7.017937849142408E-6
3cJd,1.0,1.0,7.017937849142408E-6,7.017937849142408E-6
3cTd,1.0,1.0,7.017937849142408E-6,7.017937849142408E-6
3c9d,1.0,1.0,7.017937849142408E-6,7.017937849142408E-6
3c8d,1.0,1.0,7.017937849142408E-6,7.017937849142408E-6
3c7d,1.0,1.0,7.017937849142408E-6,7.017937849142408E-6
3c6d,1.0,1.0,7.017937849142408E-6,7.017937849142408E-6
3c5d,1.0,1.0,7.017937849142408E-6,7.017937849142408E-6
3c4d,1.0,1.0,7.017937849142408E-6,7.017937849142408E-6
3c3d,9.0,7.0,6.316144064228167E-5,4.912556494399686E-5
3c2d,1.0,1.0,7.017937849142408E-6,7.017937849142408E-6
3cAh,6.0,5.0,4.2107627094854446E-5,3.508968924571204E-5
3cKh,2.0,1.0,1.4035875698284816E-5,7.017937849142408E-6
3cQh,1.0,1.0,7.017937849142408E-6,7.017937849142408E-6
3cJh,1.0,1.0,7.017937849142408E-6,7.017937849142408E-6
3cTh,1.0,1.0,7.017937849142408E-6,7.017937849142408E-6
3c9h,1.0,1.0,7.017937849142408E-6,7.017937849142408E-6
3c8h,1.0,1.0,7.017937849142408E-6,7.017937849142408E-6
3c7h,1.0,1.0,7.017937849142408E-6,7.017937849142408E-6
3c6h,1.0,1.0,7.017937849142408E-6,7.017937849142408E-6
3c5h,1.0,1.0,7.017937849142408E-6,7.017937849142408E-6
3c4h,1.0,1.0,7.017937849142408E-6,7.017937849142408E-6
3c3h,9.0,7.0,6.316144064228167E-5,4.912556494399686E-5
3c2h,1.0,1.0,7.017937849142408E-6,7.017937849142408E-6
2cAd,5.0,4.0,3.508968924571204E-5,2.8071751396569632E-5
2cKd,2.0,1.0,1.4035875698284816E-5,7.017937849142408E-6
2cQd,1.0,1.0,7.017937849142408E-6,7.017937849142408E-6
2cJd,1.0,1.0,7.017937849142408E-6,7.017937849142408E-6
2cTd,1.0,1.0,7.017937849142408E-6,7.017937849142408E-6
2c9d,1.0,1.0,7.017937849142408E-6,7.017937849142408E-6
2c8d,1.0,1.0,7.017937849142408E-6,7.017937849142408E-6
2c7d,1.0,1.0,7.017937849142408E-6,7.017937849142408E-6
2c6d,1.0,1.0,7.017937849142408E-6,7.017937849142408E-6
2c5d,1.0,1.0,7.017937849142408E-6,7.017937849142408E-6
2c4d,1.0,1.0,7.017937849142408E-6,7.017937849142408E-6
2c3d,1.0,1.0,7.017937849142408E-6,7.017937849142408E-6
2c2d,2.0,1.0,1.4035875698284816E-5,7.017937849142408E-6
2cAh,5.0,4.0,3.508968924571204E-5,2.8071751396569632E-5
2cKh,2.0,1.0,1.4035875698284816E-5,7.017937849142408E-6
2cQh,1.0,1.0,7.017937849142408E-6,7.017937849142408E-6
2cJh,1.0,1.0,7.017937849142408E-6,7.017937849142408E-6
2cTh,1.0,1.0,7.017937849142408E-6,7.017937849142408E-6
2c9h,1.0,1.0,7.017937849142408E-6,7.017937849142408E-6
2c8h,1.0,1.0,7.017937849142408E-6,7.017937849142408E-6
2c7h,1.0,1.0,7.017937849142408E-6,7.017937849142408E-6
2c6h,1.0,1.0,7.017937849142408E-6,7.017937849142408E-6
2c5h,1.0,1.0,7.017937849142408E-6,7.017937849142408E-6
2c4h,1.0,1.0,7.017937849142408E-6,7.017937849142408E-6
2c3h,1.0,1.0,7.017937849142408E-6,7.017937849142408E-6
2c2h,2.0,1.0,1.4035875698284816E-5,7.017937849142408E-6
AdKd,142492.0,142492.0,1.0,1.0
AdQd,142492.0,142492.0,1.0,1.0
AdJd,142492.0,114.0,1.0,8.000449148022345E-4
AdTd,142492.0,61.0,1.0,4.280942087976869E-4
Ad9d,1882.0,34.0,0.013207759032086012,2.3860988687084188E-4
Ad8d,509.0,24.0,0.0035721303652134855,1.6843050837941778E-4
Ad7d,299.0,18.0,0.0020983634168935798,1.2632288128456334E-4
Ad6d,18.0,13.0,1.2632288128456334E-4,9.12331920388513E-5
Ad5d,141384.0,13.0,0.9922241248631503,9.12331920388513E-5
Ad4d,140816.0,11.0,0.9882379361648373,7.71973163405665E-5
Ad3d,139173.0,9.0,0.9767074642786964,6.316144064228167E-5
Ad2d,10.0,8.0,7.017937849142408E-5,5.6143502793139264E-5
AdAh,142492.0,142492.0,1.0,1.0
AdKh,142492.0,142492.0,1.0,1.0
AdQh,142492.0,23910.0,1.0,0.16779889397299497
AdJh,138870.0,75.0,0.9745810291104062,5.263453386856806E-4
AdTh,71.0,41.0,4.982735872891109E-4,2.8773545181483875E-4
Ad9h,31.0,23.0,2.1755607332341466E-4,1.6141257053027539E-4
Ad8h,20.0,15.0,1.4035875698284816E-4,1.0526906773713612E-4
Ad7h,14.0,11.0,9.825112988799372E-5,7.71973163405665E-5
Ad6h,10.0,8.0,7.017937849142408E-5,5.6143502793139264E-5
Ad5h,9.0,8.0,6.316144064228167E-5,5.6143502793139264E-5
Ad4h,7.0,6.0,4.912556494399686E-5,4.2107627094854446E-5
Ad3h,6.0,5.0,4.2107627094854446E-5,3.508968924571204E-5
Ad2h,5.0,4.0,3.508968924571204E-5,2.8071751396569632E-5
KdQd,142455.0,28.0,0.9997403362995817,1.9650225977598743E-4
KdJd,142146.0,18.0,0.9975717935041968,1.2632288128456334E-4
KdTd,141599.0,13.0,0.9937329815007159,9.12331920388513E-5
Kd9d,9.0,8.0,6.316144064228167E-5,5.6143502793139264E-5
Kd8d,6.0,5.0,4.2107627094854446E-5,3.508968924571204E-5
Kd7d,5.0,4.0,3.508968924571204E-5,2.8071751396569632E-5
Kd6d,4.0,4.0,2.8071751396569632E-5,2.8071751396569632E-5
Kd5d,4.0,3.0,2.8071751396569632E-5,2.1053813547427223E-5
Kd4d,3.0,3.0,2.1053813547427223E-5,2.1053813547427223E-5
Kd3d,3.0,2.0,2.1053813547427223E-5,1.4035875698284816E-5
Kd2d,3.0,2.0,2.1053813547427223E-5,1.4035875698284816E-5
KdAh,142492.0,142492.0,1.0,1.0
KdKh,142492.0,142492.0,1.0,1.0
KdQh,4864.0,16.0,0.034135249698228676,1.1228700558627853E-4
KdJh,13.0,10.0,9.12331920388513E-5,7.017937849142408E-5
KdTh,9.0,8.0,6.316144064228167E-5,5.6143502793139264E-5
Kd9h,5.0,5.0,3.508968924571204E-5,3.508968924571204E-5
Kd8h,4.0,3.0,2.8071751396569632E-5,2.1053813547427223E-5
Kd7h,3.0,3.0,2.1053813547427223E-5,2.1053813547427223E-5
Kd6h,3.0,2.0,2.1053813547427223E-5,1.4035875698284816E-5
Kd5h,2.0,2.0,1.4035875698284816E-5,1.4035875698284816E-5
Kd4h,2.0,1.0,1.4035875698284816E-5,7.017937849142408E-6
Kd3h,2.0,1.0,1.4035875698284816E-5,7.017937849142408E-6
Kd2h,2.0,1.0,1.4035875698284816E-5,7.017937849142408E-6
QdJd,141879.0,9.0,0.9956980040984758,6.316144064228167E-5
QdTd,138760.0,7.0,0.9738090559470005,4.912556494399686E-5
Qd9d,5.0,4.0,3.508968924571204E-5,2.8071751396569632E-5
Qd8d,4.0,3.0,2.8071751396569632E-5,2.1053813547427223E-5
Qd7d,3.0,2.0,2.1053813547427223E-5,1.4035875698284816E-5
Qd6d,2.0,2.0,1.4035875698284816E-5,1.4035875698284816E-5
Qd5d,2.0,1.0,1.4035875698284816E-5,7.017937849142408E-6
Qd4d,2.0,1.0,1.4035875698284816E-5,7.017937849142408E-6
Qd3d,2.0,1.0,1.4035875698284816E-5,7.017937849142408E-6
Qd2d,2.0,1.0,1.4035875698284816E-5,7.017937849142408E-6
QdAh,142492.0,23910.0,1.0,0.16779889397299497
QdKh,4864.0,16.0,0.034135249698228676,1.1228700558627853E-4
QdQh,142492.0,142492.0,1.0,1.0
QdJh,6.0,5.0,4.2107627094854446E-5,3.508968924571204E-5
QdTh,5.0,4.0,3.508968924571204E-5,2.8071751396569632E-5
Qd9h,3.0,2.0,2.1053813547427223E-5,1.4035875698284816E-5
Qd8h,2.0,2.0,1.4035875698284816E-5,1.4035875698284816E-5
Qd7h,2.0,1.0,1.4035875698284816E-5,7.017937849142408E-6
Qd6h,2.0,1.0,1.4035875698284816E-5,7.017937849142408E-6
Qd5h,2.0,1.0,1.4035875698284816E-5,7.017937849142408E-6
Qd4h,1.0,1.0,7.017937849142408E-6,7.017937849142408E-6
Qd3h,1.0,1.0,7.017937849142408E-6,7.017937849142408E-6
Qd2h,1.0,1.0,7.017937849142408E-6,7.017937849142408E-6
JdTd,6.0,4.0,4.2107627094854446E-5,2.8071751396569632E-5
Jd9d,4.0,3.0,2.8071751396569632E-5,2.1053813547427223E-5
Jd8d,3.0,2.0,2.1053813547427223E-5,1.4035875698284816E-5
Jd7d,2.0,1.0,1.4035875698284816E-5,7.017937849142408E-6
Jd6d,2.0,1.0,1.4035875698284816E-5,7.017937849142408E-6
Jd5d,2.0,1.0,1.4035875698284816E-5,7.017937849142408E-6
Jd4d,1.0,1.0,7.017937849142408E-6,7.017937849142408E-6
Jd3d,1.0,1.0,7.017937849142408E-6,7.017937849142408E-6
Jd2d,1.0,1.0,7.017937849142408E-6,7.017937849142408E-6
JdAh,138870.0,75.0,0.9745810291104062,5.263453386856806E-4
JdKh,13.0,10.0,9.12331920388513E-5,7.017937849142408E-5
JdQh,6.0,5.0,4.2107627094854446E-5,3.508968924571204E-5
JdJh,142492.0,142492.0,1.0,1.0
JdTh,3.0,2.0,2.1053813547427223E-5,1.4035875698284816E-5
Jd9h,2.0,1.0,1.4035875698284816E-5,7.017937849142408E-6
Jd8h,2.0,1.0,1.4035875698284816E-5,7.017937849142408E-6
Jd7h,1.0,1.0,7.017937849142408E-6,7.017937849142408E-6
Jd6h,1.0,1.0,7.017937849142408E-6,7.017937849142408E-6
Jd5h,1.0,1.0,7.017937849142408E-6,7.017937849142408E-6
Jd4h,1.0,1.0,7.017937849142408E-6,7.017937849142408E-6
Jd3h,1.0,1.0,7.017937849142408E-6,7.017937849142408E-6
Jd2h,1.0,1.0,7.017937849142408E-6,7.017937849142408E-6
Td9d,3.0,2.0,2.1053813547427223E-5,1.4035875698284816E-5
Td8d,2.0,1.0,1.4035875698284816E-5,7.017937849142408E-6
Td7d,2.0,1.0,1.4035875698284816E-5,7.017937849142408E-6
Td6d,1.0,1.0,7.017937849142408E-6,7.017937849142408E-6
Td5d,1.0,1.0,7.017937849142408E-6,7.017937849142408E-6
Td4d,1.0,1.0,7.017937849142408E-6,7.017937849142408E-6
Td3d,1.0,1.0,7.017937849142408E-6,7.017937849142408E-6
Td2d,1.0,1.0,7.017937849142408E-6,7.017937849142408E-6
TdAh,71.0,41.0,4.982735872891109E-4,2.8773545181483875E-4
TdKh,9.0,8.0,6.316144064228167E-5,5.6143502793139264E-5
TdQh,5.0,4.0,3.508968924571204E-5,2.8071751396569632E-5
TdJh,3.0,2.0,2.1053813547427223E-5,1.4035875698284816E-5
TdTh,142492.0,142492.0,1.0,1.0
Td9h,2.0,1.0,1.4035875698284816E-5,7.017937849142408E-6
Td8h,1.0,1.0,7.017937849142408E-6,7.017937849142408E-6
Td7h,1.0,1.0,7.017937849142408E-6,7.017937849142408E-6
Td6h,1.0,1.0,7.017937849142408E-6,7.017937849142408E-6
Td5h,1.0,1.0,7.017937849142408E-6,7.017937849142408E-6
Td4h,1.0,1.0,7.017937849142408E-6,7.017937849142408E-6
Td3h,1.0,1.0,7.017937849142408E-6,7.017937849142408E-6
Td2h,1.0,1.0,7.017937849142408E-6,7.017937849142408E-6
9d8d,2.0,1.0,1.4035875698284816E-5,7.017937849142408E-6
9d7d,1.0,1.0,7.017937849142408E-6,7.017937849142408E-6
9d6d,1.0,1.0,7.017937849142408E-6,7.017937849142408E-6
9d5d,1.0,1.0,7.017937849142408E-6,7.017937849142408E-6
9d4d,1.0,1.0,7.017937849142408E-6,7.017937849142408E-6
9d3d,1.0,1.0,7.017937849142408E-6,7.017937849142408E-6
9d2d,1.0,1.0,7.017937849142408E-6,7.017937849142408E-6
9dAh,31.0,23.0,2.1755607332341466E-4,1.6141257053027539E-4
9dKh,5.0,5.0,3.508968924571204E-5,3.508968924571204E-5
9dQh,3.0,2.0,2.1053813547427223E-5,1.4035875698284816E-5
9dJh,2.0,1.0,1.4035875698284816E-5,7.017937849142408E-6
9dTh,2.0,1.0,1.4035875698284816E-5,7.017937849142408E-6
9d9h,142492.0,40632.0,1.0,0.2851528506863543
9d8h,1.0,1.0,7.017937849142408E-6,7.017937849142408E-6
9d7h,1.0,1.0,7.017937849142408E-6,7.017937849142408E-6
9d6h,1.0,1.0,7.017937849142408E-6,7.017937849142408E-6
9d5h,1.0,1.0,7.017937849142408E-6,7.017937849142408E-6
9d4h,1.0,1.0,7.017937849142408E-6,7.017937849142408E-6
9d3h,1.0,1.0,7.017937849142408E-6,7.017937849142408E-6
9d2h,1.0,1.0,7.017937849142408E-6,7.017937849142408E-6
8d7d,1.0,1.0,7.017937849142408E-6,7.017937849142408E-6
8d6d,1.0,1.0,7.017937849142408E-6,7.017937849142408E-6
8d5d,1.0,1.0,7.017937849142408E-6,7.017937849142408E-6
8d4d,1.0,1.0,7.017937849142408E-6,7.017937849142408E-6
8d3d,1.0,1.0,7.017937849142408E-6,7.017937849142408E-6
8d2d,1.0,1.0,7.017937849142408E-6,7.017937849142408E-6
8dAh,20.0,15.0,1.4035875698284816E-4,1.0526906773713612E-4
8dKh,4.0,3.0,2.8071751396569632E-5,2.1053813547427223E-5
8dQh,2.0,2.0,1.4035875698284816E-5,1.4035875698284816E-5
8dJh,2.0,1.0,1.4035875698284816E-5,7.017937849142408E-6
8dTh,1.0,1.0,7.017937849142408E-6,7.017937849142408E-6
8d9h,1.0,1.0,7.017937849142408E-6,7.017937849142408E-6
8d8h,102606.0,155.0,0.7200825309491059,0.0010877803666170733
8d7h,1.0,1.0,7.017937849142408E-6,7.017937849142408E-6
8d6h,1.0,1.0,7.017937849142408E-6,7.017937849142408E-6
8d5h,1.0,1.0,7.017937849142408E-6,7.017937849142408E-6
8d4h,1.0,1.0,7.017937849142408E-6,7.017937849142408E-6
8d3h,1.0,1.0,7.017937849142408E-6,7.017937849142408E-6
8d2h,1.0,1.0,7.017937849142408E-6,7.017937849142408E-6
7d6d,1.0,1.0,7.017937849142408E-6,7.017937849142408E-6
7d5d,1.0,1.0,7.017937849142408E-6,7.017937849142408E-6
7d4d,1.0,1.0,7.017937849142408E-6,7.017937849142408E-6
7d3d,1.0,1.0,7.017937849142408E-6,7.017937849142408E-6
7d2d,1.0,1.0,7.017937849142408E-6,7.017937849142408E-6
7dAh,14.0,11.0,9.825112988799372E-5,7.71973163405665E-5
7dKh,3.0,3.0,2.1053813547427223E-5,2.1053813547427223E-5
7dQh,2.0,1.0,1.4035875698284816E-5,7.017937849142408E-6
7dJh,1.0,1.0,7.017937849142408E-6,7.017937849142408E-6
7dTh,1.0,1.0,7.017937849142408E-6,7.017937849142408E-6
7d9h,1.0,1.0,7.017937849142408E-6,7.017937849142408E-6
7d8h,1.0,1.0,7.017937849142408E-6,7.017937849142408E-6
7d7h,58095.0,80.0,0.4077070993459282,5.614350279313927E-4
7d6h,1.0,1.0,7.017937849142408E-6,7.017937849142408E-6
7d5h,1.0,1.0,7.017937849142408E-6,7.017937849142408E-6
7d4h,1.0,1.0,7.017937849142408E-6,7.017937849142408E-6
7d3h,1.0,1.0,7.017937849142408E-6,7.017937849142408E-6
7d2h,1.0,1.0,7.017937849142408E-6,7.017937849142408E-6
6d5d,1.0,1.0,7.017937849142408E-6,7.017937849142408E-6
6d4d,1.0,1.0,7.017937849142408E-6,7.017937849142408E-6
6d3d,1.0,1.0,7.017937849142408E-6,7.017937849142408E-6
6d2d,1.0,1.0,7.017937849142408E-6,7.017937849142408E-6
6dAh,10.0,8.0,7.017937849142408E-5,5.6143502793139264E-5
6dKh,3.0,2.0,2.1053813547427223E-5,1.4035875698284816E-5
6dQh,2.0,1.0,1.4035875698284816E-5,7.017937849142408E-6
6dJh,1.0,1.0,7.017937849142408E-6,7.017937849142408E-6
6dTh,1.0,1.0,7.017937849142408E-6,7.017937849142408E-6
6d9h,1.0,1.0,7.017937849142408E-6,7.017937849142408E-6
6d8h,1.0,1.0,7.017937849142408E-6,7.017937849142408E-6
6d7h,1.0,1.0,7.017937849142408E-6,7.017937849142408E-6
6d6h,133626.0,47.0,0.9377789630295034,3.298430789096932E-4
6d5h,1.0,1.0,7.017937849142408E-6,7.017937849142408E-6
6d4h,1.0,1.0,7.017937849142408E-6,7.017937849142408E-6
6d3h,1.0,1.0,7.017937849142408E-6,7.017937849142408E-6
6d2h,1.0,1.0,7.017937849142408E-6,7.017937849142408E-6
5d4d,1.0,1.0,7.017937849142408E-6,7.017937849142408E-6
5d3d,1.0,1.0,7.017937849142408E-6,7.017937849142408E-6
5d2d,1.0,1.0,7.017937849142408E-6,7.017937849142408E-6
5dAh,9.0,8.0,6.316144064228167E-5,5.6143502793139264E-5
5dKh,2.0,2.0,1.4035875698284816E-5,1.4035875698284816E-5
5dQh,2.0,1.0,1.4035875698284816E-5,7.017937849142408E-6
5dJh,1.0,1.0,7.017937849142408E-6,7.017937849142408E-6
5dTh,1.0,1.0,7.017937849142408E-6,7.017937849142408E-6
5d9h,1.0,1.0,7.017937849142408E-6,7.017937849142408E-6
5d8h,1.0,1.0,7.017937849142408E-6,7.017937849142408E-6
5d7h,1.0,1.0,7.017937849142408E-6,7.017937849142408E-6
5d6h,1.0,1.0,7.017937849142408E-6,7.017937849142408E-6
5d5h,2537.0,28.0,0.01780450832327429,1.9650225977598743E-4
5d4h,1.0,1.0,7.017937849142408E-6,7.017937849142408E-6
5d3h,1.0,1.0,7.017937849142408E-6,7.017937849142408E-6
5d2h,1.0,1.0,7.017937849142408E-6,7.017937849142408E-6
4d3d,1.0,1.0,7.017937849142408E-6,7.017937849142408E-6
4d2d,1.0,1.0,7.017937849142408E-6,7.017937849142408E-6
4dAh,7.0,6.0,4.912556494399686E-5,4.2107627094854446E-5
4dKh,2.0,1.0,1.4035875698284816E-5,7.017937849142408E-6
4dQh,1.0,1.0,7.017937849142408E-6,7.017937849142408E-6
4dJh,1.0,1.0,7.017937849142408E-6,7.017937849142408E-6
4dTh,1.0,1.0,7.017937849142408E-6,7.017937849142408E-6
4d9h,1.0,1.0,7.017937849142408E-6,7.017937849142408E-6
4d8h,1.0,1.0,7.017937849142408E-6,7.017937849142408E-6
4d7h,1.0,1.0,7.017937849142408E-6,7.017937849142408E-6
4d6h,1.0,1.0,7.017937849142408E-6,7.017937849142408E-6
4d5h,1.0,1.0,7.017937849142408E-6,7.017937849142408E-6
4d4h,23.0,15.0,1.6141257053027539E-4,1.0526906773713612E-4
4d3h,1.0,1.0,7.017937849142408E-6,7.017937849142408E-6
4d2h,1.0,1.0,7.017937849142408E-6,7.017937849142408E-6
3d2d,1.0,1.0,7.017937849142408E-6,7.017937849142408E-6
3dAh,6.0,5.0,4.2107627094854446E-5,3.508968924571204E-5
3dKh,2.0,1.0,1.4035875698284816E-5,7.017937849142408E-6
3dQh,1.0,1.0,7.017937849142408E-6,7.017937849142408E-6
3dJh,1.0,1.0,7.017937849142408E-6,7.017937849142408E-6
3dTh,1.0,1.0,7.017937849142408E-6,7.017937849142408E-6
3d9h,1.0,1.0,7.017937849142408E-6,7.017937849142408E-6
3d8h,1.0,1.0,7.017937849142408E-6,7.017937849142408E-6
3d7h,1.0,1.0,7.017937849142408E-6,7.017937849142408E-6
3d6h,1.0,1.0,7.017937849142408E-6,7.017937849142408E-6
3d5h,1.0,1.0,7.017937849142408E-6,7.017937849142408E-6
3d4h,1.0,1.0,7.017937849142408E-6,7.017937849142408E-6
3d3h,9.0,7.0,6.316144064228167E-5,4.912556494399686E-5
3d2h,1.0,1.0,7.017937849142408E-6,7.017937849142408E-6
2dAh,5.0,4.0,3.508968924571204E-5,2.8071751396569632E-5
2dKh,2.0,1.0,1.4035875698284816E-5,7.017937849142408E-6
2dQh,1.0,1.0,7.017937849142408E-6,7.017937849142408E-6
2dJh,1.0,1.0,7.017937849142408E-6,7.017937849142408E-6
2dTh,1.0,1.0,7.017937849142408E-6,7.017937849142408E-6
2d9h,1.0,1.0,7.017937849142408E-6,7.017937849142408E-6
2d8h,1.0,1.0,7.017937849142408E-6,7.017937849142408E-6
2d7h,1.0,1.0,7.017937849142408E-6,7.017937849142408E-6
2d6h,1.0,1.0,7.017937849142408E-6,7.017937849142408E-6
2d5h,1.0,1.0,7.017937849142408E-6,7.017937849142408E-6
2d4h,1.0,1.0,7.017937849142408E-6,7.017937849142408E-6
2d3h,1.0,1.0,7.017937849142408E-6,7.017937849142408E-6
2d2h,2.0,1.0,1.4035875698284816E-5,7.017937849142408E-6
AhKh,142492.0,142492.0,1.0,1.0
AhQh,142492.0,142492.0,1.0,1.0
AhJh,142492.0,114.0,1.0,8.000449148022345E-4
AhTh,142492.0,61.0,1.0,4.280942087976869E-4
Ah9h,1882.0,34.0,0.013207759032086012,2.3860988687084188E-4
Ah8h,509.0,24.0,0.0035721303652134855,1.6843050837941778E-4
Ah7h,299.0,18.0,0.0020983634168935798,1.2632288128456334E-4
Ah6h,18.0,13.0,1.2632288128456334E-4,9.12331920388513E-5
Ah5h,141384.0,13.0,0.9922241248631503,9.12331920388513E-5
Ah4h,140816.0,11.0,0.9882379361648373,7.71973163405665E-5
Ah3h,139173.0,9.0,0.9767074642786964,6.316144064228167E-5
Ah2h,10.0,8.0,7.017937849142408E-5,5.6143502793139264E-5
KhQh,142455.0,28.0,0.9997403362995817,1.9650225977598743E-4
KhJh,142146.0,18.0,0.9975717935041968,1.2632288128456334E-4
KhTh,141599.0,13.0,0.9937329815007159,9.12331920388513E-5
Kh9h,9.0,8.0,6.316144064228167E-5,5.6143502793139264E-5
Kh8h,6.0,5.0,4.2107627094854446E-5,3.508968924571204E-5
Kh7h,5.0,4.0,3.508968924571204E-5,2.8071751396569632E-5
Kh6h,4.0,4.0,2.8071751396569632E-5,2.8071751396569632E-5
Kh5h,4.0,3.0,2.8071751396569632E-5,2.1053813547427223E-5
Kh4h,3.0,3.0,2.1053813547427223E-5,2.1053813547427223E-5
Kh3h,3.0,2.0,2.1053813547427223E-5,1.4035875698284816E-5
Kh2h,3.0,2.0,2.1053813547427223E-5,1.4035875698284816E-5
QhJh,141879.0,9.0,0.9956980040984758,6.316144064228167E-5
QhTh,138760.0,7.0,0.9738090559470005,4.912556494399686E-5
Qh9h,5.0,4.0,3.508968924571204E-5,2.8071751396569632E-5
Qh8h,4.0,3.0,2.8071751396569632E-5,2.1053813547427223E-5
Qh7h,3.0,2.0,2.1053813547427223E-5,1.4035875698284816E-5
Qh6h,2.0,2.0,1.4035875698284816E-5,1.4035875698284816E-5
Qh5h,2.0,1.0,1.4035875698284816E-5,7.017937849142408E-6
Qh4h,2.0,1.0,1.4035875698284816E-5,7.017937849142408E-6
Qh3h,2.0,1.0,1.4035875698284816E-5,7.017937849142408E-6
Qh2h,2.0,1.0,1.4035875698284816E-5,7.017937849142408E-6
JhTh,6.0,4.0,4.2107627094854446E-5,2.8071751396569632E-5
Jh9h,4.0,3.0,2.8071751396569632E-5,2.1053813547427223E-5
Jh8h,3.0,2.0,2.1053813547427223E-5,1.4035875698284816E-5
Jh7h,2.0,1.0,1.4035875698284816E-5,7.017937849142408E-6
Jh6h,2.0,1.0,1.4035875698284816E-5,7.017937849142408E-6
Jh5h,2.0,1.0,1.4035875698284816E-5,7.017937849142408E-6
Jh4h,1.0,1.0,7.017937849142408E-6,7.017937849142408E-6
Jh3h,1.0,1.0,7.017937849142408E-6,7.017937849142408E-6
Jh2h,1.0,1.0,7.017937849142408E-6,7.017937849142408E-6
Th9h,3.0,2.0,2.1053813547427223E-5,1.4035875698284816E-5
Th8h,2.0,1.0,1.4035875698284816E-5,7.017937849142408E-6
Th7h,2.0,1.0,1.4035875698284816E-5,7.017937849142408E-6
Th6h,1.0,1.0,7.017937849142408E-6,7.017937849142408E-6
Th5h,1.0,1.0,7.017937849142408E-6,7.017937849142408E-6
Th4h,1.0,1.0,7.017937849142408E-6,7.017937849142408E-6
Th3h,1.0,1.0,7.017937849142408E-6,7.017937849142408E-6
Th2h,1.0,1.0,7.017937849142408E-6,7.017937849142408E-6
9h8h,2.0,1.0,1.4035875698284816E-5,7.017937849142408E-6
9h7h,1.0,1.0,7.017937849142408E-6,7.017937849142408E-6
9h6h,1.0,1.0,7.017937849142408E-6,7.017937849142408E-6
9h5h,1.0,1.0,7.017937849142408E-6,7.017937849142408E-6
9h4h,1.0,1.0,7.017937849142408E-6,7.017937849142408E-6
9h3h,1.0,1.0,7.017937849142408E-6,7.017937849142408E-6
9h2h,1.0,1.0,7.017937849142408E-6,7.017937849142408E-6
8h7h,1.0,1.0,7.017937849142408E-6,7.017937849142408E-6
8h6h,1.0,1.0,7.017937849142408E-6,7.017937849142408E-6
8h5h,1.0,1.0,7.017937849142408E-6,7.017937849142408E-6
8h4h,1.0,1.0,7.017937849142408E-6,7.017937849142408E-6
8h3h,1.0,1.0,7.017937849142408E-6,7.017937849142408E-6
8h2h,1.0,1.0,7.017937849142408E-6,7.017937849142408E-6
7h6h,1.0,1.0,7.017937849142408E-6,7.017937849142408E-6
7h5h,1.0,1.0,7.017937849142408E-6,7.017937849142408E-6
7h4h,1.0,1.0,7.017937849142408E-6,7.017937849142408E-6
7h3h,1.0,1.0,7.017937849142408E-6,7.017937849142408E-6
7h2h,1.0,1.0,7.017937849142408E-6,7.017937849142408E-6
6h5h,1.0,1.0,7.017937849142408E-6,7.017937849142408E-6
6h4h,1.0,1.0,7.017937849142408E-6,7.017937849142408E-6
6h3h,1.0,1.0,7.017937849142408E-6,7.017937849142408E-6
6h2h,1.0,1.0,7.017937849142408E-6,7.017937849142408E-6
5h4h,1.0,1.0,7.017937849142408E-6,7.017937849142408E-6
5h3h,1.0,1.0,7.017937849142408E-6,7.017937849142408E-6
5h2h,1.0,1.0,7.017937849142408E-6,7.017937849142408E-6
4h3h,1.0,1.0,7.017937849142408E-6,7.017937849142408E-6
4h2h,1.0,1.0,7.017937849142408E-6,7.017937849142408E-6
3h2h,1.0,1.0,7.017937849142408E-6,7.017937849142408E-6
