Program Duration,5635.511864501666,mins

Hand,P1 - F,P2 - F,P1 - S,P2 - S
AsKs,38349.0,38349.0,1.0,1.0
AsQs,38349.0,38349.0,1.0,1.0
AsJs,38349.0,38349.0,1.0,1.0
AsTs,38349.0,38349.0,1.0,1.0
As9s,38349.0,38349.0,1.0,1.0
As8s,38349.0,38349.0,1.0,1.0
As7s,38349.0,38349.0,1.0,1.0
As6s,38349.0,38349.0,1.0,1.0
As5s,38349.0,38349.0,1.0,1.0
As4s,38349.0,38349.0,1.0,1.0
As3s,38349.0,38349.0,1.0,1.0
As2s,38349.0,38349.0,1.0,1.0
AsAc,38349.0,38349.0,1.0,1.0
AsKc,38349.0,38349.0,1.0,1.0
AsQc,38349.0,38349.0,1.0,1.0
AsJc,38349.0,38349.0,1.0,1.0
AsTc,38349.0,38349.0,1.0,1.0
As9c,38349.0,38349.0,1.0,1.0
As8c,38349.0,38349.0,1.0,1.0
As7c,38349.0,38349.0,1.0,1.0
As6c,38349.0,38349.0,1.0,1.0
As5c,38349.0,38349.0,1.0,1.0
As4c,38349.0,38349.0,1.0,1.0
As3c,38349.0,38349.0,1.0,1.0
As2c,38349.0,38349.0,1.0,1.0
AsAd,38349.0,38349.0,1.0,1.0
AsKd,38349.0,38349.0,1.0,1.0
AsQd,38349.0,38349.0,1.0,1.0
AsJd,38349.0,38349.0,1.0,1.0
AsTd,38349.0,38349.0,1.0,1.0
As9d,38349.0,38349.0,1.0,1.0
As8d,38349.0,38349.0,1.0,1.0
As7d,38349.0,38349.0,1.0,1.0
As6d,38349.0,38349.0,1.0,1.0
As5d,38349.0,38349.0,1.0,1.0
As4d,38349.0,38349.0,1.0,1.0
As3d,38349.0,38349.0,1.0,1.0
As2d,38349.0,38349.0,1.0,1.0
AsAh,38349.0,38349.0,1.0,1.0
AsKh,38349.0,38349.0,1.0,1.0
AsQh,38349.0,38349.0,1.0,1.0
AsJh,38349.0,38349.0,1.0,1.0
AsTh,38349.0,38349.0,1.0,1.0
As9h,38349.0,38349.0,1.0,1.0
As8h,38349.0,38349.0,1.0,1.0
As7h,38349.0,38349.0,1.0,1.0
As6h,38349.0,38349.0,1.0,1.0
As5h,38349.0,38349.0,1.0,1.0
As4h,38349.0,38349.0,1.0,1.0
As3h,38349.0,38349.0,1.0,1.0
As2h,38349.0,38349.0,1.0,1.0
KsQs,38349.0,38349.0,1.0,1.0
KsJs,38349.0,38349.0,1.0,1.0
KsTs,38349.0,38349.0,1.0,1.0
Ks9s,38349.0,38349.0,1.0,1.0
Ks8s,38349.0,38349.0,1.0,1.0
Ks7s,38349.0,38349.0,1.0,1.0
Ks6s,38349.0,38349.0,1.0,1.0
Ks5s,38349.0,38349.0,1.0,1.0
Ks4s,38349.0,38349.0,1.0,1.0
Ks3s,38349.0,38349.0,1.0,1.0
Ks2s,38349.0,38349.0,1.0,1.0
KsAc,38349.0,38349.0,1.0,1.0
KsKc,38349.0,38349.0,1.0,1.0
KsQc,38349.0,38349.0,1.0,1.0
KsJc,38349.0,38349.0,1.0,1.0
KsTc,38349.0,38349.0,1.0,1.0
Ks9c,38349.0,38349.0,1.0,1.0
Ks8c,38349.0,38349.0,1.0,1.0
Ks7c,38349.0,38349.0,1.0,1.0
Ks6c,38349.0,38349.0,1.0,1.0
Ks5c,38349.0,38349.0,1.0,1.0
Ks4c,38349.0,38345.0,1.0,0.9998956948029936
Ks3c,38349.0,2.0,1.0,5.2152598503220425E-5
Ks2c,38349.0,1.0,1.0,2.6076299251610212E-5
KsAd,38349.0,38349.0,1.0,1.0
KsKd,38349.0,38349.0,1.0,1.0
KsQd,38349.0,38349.0,1.0,1.0
KsJd,38349.0,38349.0,1.0,1.0
KsTd,38349.0,38349.0,1.0,1.0
Ks9d,38349.0,38349.0,1.0,1.0
Ks8d,38349.0,38349.0,1.0,1.0
Ks7d,38349.0,38349.0,1.0,1.0
Ks6d,38349.0,38349.0,1.0,1.0
Ks5d,38349.0,38349.0,1.0,1.0
Ks4d,38349.0,38345.0,1.0,0.9998956948029936
Ks3d,38349.0,2.0,1.0,5.2152598503220425E-5
Ks2d,38349.0,1.0,1.0,2.6076299251610212E-5
KsAh,38349.0,38349.0,1.0,1.0
KsKh,38349.0,38349.0,1.0,1.0
KsQh,38349.0,38349.0,1.0,1.0
KsJh,38349.0,38349.0,1.0,1.0
KsTh,38349.0,38349.0,1.0,1.0
Ks9h,38349.0,38349.0,1.0,1.0
Ks8h,38349.0,38349.0,1.0,1.0
Ks7h,38349.0,38349.0,1.0,1.0
Ks6h,38349.0,38349.0,1.0,1.0
Ks5h,38349.0,38349.0,1.0,1.0
Ks4h,38349.0,38345.0,1.0,0.9998956948029936
Ks3h,38349.0,2.0,1.0,5.2152598503220425E-5
Ks2h,38349.0,1.0,1.0,2.6076299251610212E-5
QsJs,38349.0,38349.0,1.0,1.0
QsTs,38349.0,38349.0,1.0,1.0
Qs9s,38349.0,38349.0,1.0,1.0
Qs8s,38349.0,38349.0,1.0,1.0
Qs7s,38349.0,38349.0,1.0,1.0
Qs6s,38349.0,38349.0,1.0,1.0
Qs5s,38349.0,38347.0,1.0,0.9999478474014968
Qs4s,38349.0,2.0,1.0,5.2152598503220425E-5
Qs3s,38349.0,1.0,1.0,2.6076299251610212E-5
Qs2s,38349.0,1.0,1.0,2.6076299251610212E-5
QsAc,38349.0,38349.0,1.0,1.0
QsKc,38349.0,38349.0,1.0,1.0
QsQc,38349.0,38349.0,1.0,1.0
QsJc,38349.0,38349.0,1.0,1.0
QsTc,38349.0,38349.0,1.0,1.0
Qs9c,38349.0,38349.0,1.0,1.0
Qs8c,38349.0,38349.0,1.0,1.0
Qs7c,38349.0,2.0,1.0,5.2152598503220425E-5
Qs6c,38349.0,1.0,1.0,2.6076299251610212E-5
Qs5c,38349.0,1.0,1.0,2.6076299251610212E-5
Qs4c,38349.0,1.0,1.0,2.6076299251610212E-5
Qs3c,38349.0,1.0,1.0,2.6076299251610212E-5
Qs2c,38349.0,1.0,1.0,2.6076299251610212E-5
QsAd,38349.0,38349.0,1.0,1.0
QsKd,38349.0,38349.0,1.0,1.0
QsQd,38349.0,38349.0,1.0,1.0
QsJd,38349.0,38349.0,1.0,1.0
QsTd,38349.0,38349.0,1.0,1.0
Qs9d,38349.0,38349.0,1.0,1.0
Qs8d,38349.0,38349.0,1.0,1.0
Qs7d,38349.0,2.0,1.0,5.2152598503220425E-5
Qs6d,38349.0,1.0,1.0,2.6076299251610212E-5
Qs5d,38349.0,1.0,1.0,2.6076299251610212E-5
Qs4d,38349.0,1.0,1.0,2.6076299251610212E-5
Qs3d,38349.0,1.0,1.0,2.6076299251610212E-5
Qs2d,38349.0,1.0,1.0,2.6076299251610212E-5
QsAh,38349.0,38349.0,1.0,1.0
QsKh,38349.0,38349.0,1.0,1.0
QsQh,38349.0,38349.0,1.0,1.0
QsJh,38349.0,38349.0,1.0,1.0
QsTh,38349.0,38349.0,1.0,1.0
Qs9h,38349.0,38349.0,1.0,1.0
Qs8h,38349.0,38349.0,1.0,1.0
Qs7h,38349.0,2.0,1.0,5.2152598503220425E-5
Qs6h,38349.0,1.0,1.0,2.6076299251610212E-5
Qs5h,38349.0,1.0,1.0,2.6076299251610212E-5
Qs4h,38349.0,1.0,1.0,2.6076299251610212E-5
Qs3h,38349.0,1.0,1.0,2.6076299251610212E-5
Qs2h,38349.0,1.0,1.0,2.6076299251610212E-5
JsTs,38349.0,38349.0,1.0,1.0
Js9s,38349.0,38349.0,1.0,1.0
Js8s,38349.0,38349.0,1.0,1.0
Js7s,38349.0,14706.0,1.0,0.3834780567941798
Js6s,38349.0,1.0,1.0,2.6076299251610212E-5
Js5s,38349.0,1.0,1.0,2.6076299251610212E-5
Js4s,38349.0,1.0,1.0,2.6076299251610212E-5
Js3s,38349.0,1.0,1.0,2.6076299251610212E-5
Js2s,38349.0,1.0,1.0,2.6076299251610212E-5
JsAc,38349.0,38349.0,1.0,1.0
JsKc,38349.0,38349.0,1.0,1.0
JsQc,38349.0,38349.0,1.0,1.0
JsJc,38349.0,38349.0,1.0,1.0
JsTc,38349.0,38349.0,1.0,1.0
Js9c,38349.0,38349.0,1.0,1.0
Js8c,38349.0,1.0,1.0,2.6076299251610212E-5
Js7c,38349.0,1.0,1.0,2.6076299251610212E-5
Js6c,38349.0,1.0,1.0,2.6076299251610212E-5
Js5c,38349.0,1.0,1.0,2.6076299251610212E-5
Js4c,38349.0,1.0,1.0,2.6076299251610212E-5
Js3c,38349.0,1.0,1.0,2.6076299251610212E-5
Js2c,25.0,1.0,6.519074812902553E-4,2.6076299251610212E-5
JsAd,38349.0,38349.0,1.0,1.0
JsKd,38349.0,38349.0,1.0,1.0
JsQd,38349.0,38349.0,1.0,1.0
JsJd,38349.0,38349.0,1.0,1.0
JsTd,38349.0,38349.0,1.0,1.0
Js9d,38349.0,38349.0,1.0,1.0
Js8d,38349.0,1.0,1.0,2.6076299251610212E-5
Js7d,38349.0,1.0,1.0,2.6076299251610212E-5
Js6d,38349.0,1.0,1.0,2.6076299251610212E-5
Js5d,38349.0,1.0,1.0,2.6076299251610212E-5
Js4d,38349.0,1.0,1.0,2.6076299251610212E-5
Js3d,38349.0,1.0,1.0,2.6076299251610212E-5
Js2d,25.0,1.0,6.519074812902553E-4,2.6076299251610212E-5
JsAh,38349.0,38349.0,1.0,1.0
JsKh,38349.0,38349.0,1.0,1.0
JsQh,38349.0,38349.0,1.0,1.0
JsJh,38349.0,38349.0,1.0,1.0
JsTh,38349.0,38349.0,1.0,1.0
Js9h,38349.0,38349.0,1.0,1.0
Js8h,38349.0,1.0,1.0,2.6076299251610212E-5
Js7h,38349.0,1.0,1.0,2.6076299251610212E-5
Js6h,38349.0,1.0,1.0,2.6076299251610212E-5
Js5h,38349.0,1.0,1.0,2.6076299251610212E-5
Js4h,38349.0,1.0,1.0,2.6076299251610212E-5
Js3h,38349.0,1.0,1.0,2.6076299251610212E-5
Js2h,25.0,1.0,6.519074812902553E-4,2.6076299251610212E-5
Ts9s,38349.0,38349.0,1.0,1.0
Ts8s,38349.0,37798.0,1.0,0.9856319591123628
Ts7s,38349.0,1.0,1.0,2.6076299251610212E-5
Ts6s,38349.0,1.0,1.0,2.6076299251610212E-5
Ts5s,38349.0,1.0,1.0,2.6076299251610212E-5
Ts4s,38349.0,1.0,1.0,2.6076299251610212E-5
Ts3s,38349.0,1.0,1.0,2.6076299251610212E-5
Ts2s,38349.0,1.0,1.0,2.6076299251610212E-5
TsAc,38349.0,38349.0,1.0,1.0
TsKc,38349.0,38349.0,1.0,1.0
TsQc,38349.0,38349.0,1.0,1.0
TsJc,38349.0,38349.0,1.0,1.0
TsTc,38349.0,38349.0,1.0,1.0
Ts9c,38349.0,1.0,1.0,2.6076299251610212E-5
Ts8c,38349.0,1.0,1.0,2.6076299251610212E-5
Ts7c,38349.0,1.0,1.0,2.6076299251610212E-5
Ts6c,38349.0,1.0,1.0,2.6076299251610212E-5
Ts5c,38349.0,1.0,1.0,2.6076299251610212E-5
Ts4c,38349.0,1.0,1.0,2.6076299251610212E-5
Ts3c,1.0,1.0,2.6076299251610212E-5,2.6076299251610212E-5
Ts2c,1.0,1.0,2.6076299251610212E-5,2.6076299251610212E-5
TsAd,38349.0,38349.0,1.0,1.0
TsKd,38349.0,38349.0,1.0,1.0
TsQd,38349.0,38349.0,1.0,1.0
TsJd,38349.0,38349.0,1.0,1.0
TsTd,38349.0,38349.0,1.0,1.0
Ts9d,38349.0,1.0,1.0,2.6076299251610212E-5
Ts8d,38349.0,1.0,1.0,2.6076299251610212E-5
Ts7d,38349.0,1.0,1.0,2.6076299251610212E-5
Ts6d,38349.0,1.0,1.0,2.6076299251610212E-5
Ts5d,38349.0,1.0,1.0,2.6076299251610212E-5
Ts4d,38349.0,1.0,1.0,2.6076299251610212E-5
Ts3d,1.0,1.0,2.6076299251610212E-5,2.6076299251610212E-5
Ts2d,1.0,1.0,2.6076299251610212E-5,2.6076299251610212E-5
TsAh,38349.0,38349.0,1.0,1.0
TsKh,38349.0,38349.0,1.0,1.0
TsQh,38349.0,38349.0,1.0,1.0
TsJh,38349.0,38349.0,1.0,1.0
TsTh,38349.0,38349.0,1.0,1.0
Ts9h,38349.0,1.0,1.0,2.6076299251610212E-5
Ts8h,38349.0,1.0,1.0,2.6076299251610212E-5
Ts7h,38349.0,1.0,1.0,2.6076299251610212E-5
Ts6h,38349.0,1.0,1.0,2.6076299251610212E-5
Ts5h,38349.0,1.0,1.0,2.6076299251610212E-5
Ts4h,38349.0,1.0,1.0,2.6076299251610212E-5
Ts3h,1.0,1.0,2.6076299251610212E-5,2.6076299251610212E-5
Ts2h,1.0,1.0,2.6076299251610212E-5,2.6076299251610212E-5
9s8s,38349.0,1.0,1.0,2.6076299251610212E-5
9s7s,38349.0,1.0,1.0,2.6076299251610212E-5
9s6s,38349.0,1.0,1.0,2.6076299251610212E-5
9s5s,38349.0,1.0,1.0,2.6076299251610212E-5
9s4s,38349.0,1.0,1.0,2.6076299251610212E-5
9s3s,38349.0,1.0,1.0,2.6076299251610212E-5
9s2s,38348.0,1.0,0.9999739237007483,2.6076299251610212E-5
9sAc,38349.0,38349.0,1.0,1.0
9sKc,38349.0,38349.0,1.0,1.0
9sQc,38349.0,38349.0,1.0,1.0
9sJc,38349.0,38349.0,1.0,1.0
9sTc,38349.0,1.0,1.0,2.6076299251610212E-5
9s9c,38349.0,38349.0,1.0,1.0
9s8c,38349.0,1.0,1.0,2.6076299251610212E-5
9s7c,38349.0,1.0,1.0,2.6076299251610212E-5
9s6c,38349.0,1.0,1.0,2.6076299251610212E-5
9s5c,38348.0,1.0,0.9999739237007483,2.6076299251610212E-5
9s4c,1.0,1.0,2.6076299251610212E-5,2.6076299251610212E-5
9s3c,1.0,1.0,2.6076299251610212E-5,2.6076299251610212E-5
9s2c,1.0,1.0,2.6076299251610212E-5,2.6076299251610212E-5
9sAd,38349.0,38349.0,1.0,1.0
9sKd,38349.0,38349.0,1.0,1.0
9sQd,38349.0,38349.0,1.0,1.0
9sJd,38349.0,38349.0,1.0,1.0
9sTd,38349.0,1.0,1.0,2.6076299251610212E-5
9s9d,38349.0,38349.0,1.0,1.0
9s8d,38349.0,1.0,1.0,2.6076299251610212E-5
9s7d,38349.0,1.0,1.0,2.6076299251610212E-5
9s6d,38349.0,1.0,1.0,2.6076299251610212E-5
9s5d,38348.0,1.0,0.9999739237007483,2.6076299251610212E-5
9s4d,1.0,1.0,2.6076299251610212E-5,2.6076299251610212E-5
9s3d,1.0,1.0,2.6076299251610212E-5,2.6076299251610212E-5
9s2d,1.0,1.0,2.6076299251610212E-5,2.6076299251610212E-5
9sAh,38349.0,38349.0,1.0,1.0
9sKh,38349.0,38349.0,1.0,1.0
9sQh,38349.0,38349.0,1.0,1.0
9sJh,38349.0,38349.0,1.0,1.0
9sTh,38349.0,1.0,1.0,2.6076299251610212E-5
9s9h,38349.0,38349.0,1.0,1.0
9s8h,38349.0,1.0,1.0,2.6076299251610212E-5
9s7h,38349.0,1.0,1.0,2.6076299251610212E-5
9s6h,38349.0,1.0,1.0,2.6076299251610212E-5
9s5h,38348.0,1.0,0.9999739237007483,2.6076299251610212E-5
9s4h,1.0,1.0,2.6076299251610212E-5,2.6076299251610212E-5
9s3h,1.0,1.0,2.6076299251610212E-5,2.6076299251610212E-5
9s2h,1.0,1.0,2.6076299251610212E-5,2.6076299251610212E-5
8s7s,38349.0,1.0,1.0,2.6076299251610212E-5
8s6s,38349.0,1.0,1.0,2.6076299251610212E-5
8s5s,38349.0,1.0,1.0,2.6076299251610212E-5
8s4s,38348.0,1.0,0.9999739237007483,2.6076299251610212E-5
8s3s,38346.0,1.0,0.9999217711022451,2.6076299251610212E-5
8s2s,38345.0,1.0,0.9998956948029936,2.6076299251610212E-5
8sAc,38349.0,38349.0,1.0,1.0
8sKc,38349.0,38349.0,1.0,1.0
8sQc,38349.0,38349.0,1.0,1.0
8sJc,38349.0,1.0,1.0,2.6076299251610212E-5
8sTc,38349.0,1.0,1.0,2.6076299251610212E-5
8s9c,38349.0,1.0,1.0,2.6076299251610212E-5
8s8c,38349.0,38349.0,1.0,1.0
8s7c,38349.0,1.0,1.0,2.6076299251610212E-5
8s6c,38349.0,1.0,1.0,2.6076299251610212E-5
8s5c,38346.0,1.0,0.9999217711022451,2.6076299251610212E-5
8s4c,32.0,1.0,8.344415760515268E-4,2.6076299251610212E-5
8s3c,1.0,1.0,2.6076299251610212E-5,2.6076299251610212E-5
8s2c,1.0,1.0,2.6076299251610212E-5,2.6076299251610212E-5
8sAd,38349.0,38349.0,1.0,1.0
8sKd,38349.0,38349.0,1.0,1.0
8sQd,38349.0,38349.0,1.0,1.0
8sJd,38349.0,1.0,1.0,2.6076299251610212E-5
8sTd,38349.0,1.0,1.0,2.6076299251610212E-5
8s9d,38349.0,1.0,1.0,2.6076299251610212E-5
8s8d,38349.0,38349.0,1.0,1.0
8s7d,38349.0,1.0,1.0,2.6076299251610212E-5
8s6d,38349.0,1.0,1.0,2.6076299251610212E-5
8s5d,38346.0,1.0,0.9999217711022451,2.6076299251610212E-5
8s4d,32.0,1.0,8.344415760515268E-4,2.6076299251610212E-5
8s3d,1.0,1.0,2.6076299251610212E-5,2.6076299251610212E-5
8s2d,1.0,1.0,2.6076299251610212E-5,2.6076299251610212E-5
8sAh,38349.0,38349.0,1.0,1.0
8sKh,38349.0,38349.0,1.0,1.0
8sQh,38349.0,38349.0,1.0,1.0
8sJh,38349.0,1.0,1.0,2.6076299251610212E-5
8sTh,38349.0,1.0,1.0,2.6076299251610212E-5
8s9h,38349.0,1.0,1.0,2.6076299251610212E-5
8s8h,38349.0,38349.0,1.0,1.0
8s7h,38349.0,1.0,1.0,2.6076299251610212E-5
8s6h,38349.0,1.0,1.0,2.6076299251610212E-5
8s5h,38346.0,1.0,0.9999217711022451,2.6076299251610212E-5
8s4h,32.0,1.0,8.344415760515268E-4,2.6076299251610212E-5
8s3h,1.0,1.0,2.6076299251610212E-5,2.6076299251610212E-5
8s2h,1.0,1.0,2.6076299251610212E-5,2.6076299251610212E-5
7s6s,38349.0,1.0,1.0,2.6076299251610212E-5
7s5s,38349.0,1.0,1.0,2.6076299251610212E-5
7s4s,38348.0,1.0,0.9999739237007483,2.6076299251610212E-5
7s3s,38346.0,1.0,0.9999217711022451,2.6076299251610212E-5
7s2s,38340.0,1.0,0.9997653133067355,2.6076299251610212E-5
7sAc,38349.0,38349.0,1.0,1.0
7sKc,38349.0,38349.0,1.0,1.0
7sQc,38349.0,2.0,1.0,5.2152598503220425E-5
7sJc,38349.0,1.0,1.0,2.6076299251610212E-5
7sTc,38349.0,1.0,1.0,2.6076299251610212E-5
7s9c,38349.0,1.0,1.0,2.6076299251610212E-5
7s8c,38349.0,1.0,1.0,2.6076299251610212E-5
7s7c,38349.0,38349.0,1.0,1.0
7s6c,38348.0,1.0,0.9999739237007483,2.6076299251610212E-5
7s5c,38346.0,1.0,0.9999217711022451,2.6076299251610212E-5
7s4c,38337.0,1.0,0.9996870844089807,2.6076299251610212E-5
7s3c,1.0,1.0,2.6076299251610212E-5,2.6076299251610212E-5
7s2c,1.0,1.0,2.6076299251610212E-5,2.6076299251610212E-5
7sAd,38349.0,38349.0,1.0,1.0
7sKd,38349.0,38349.0,1.0,1.0
7sQd,38349.0,2.0,1.0,5.2152598503220425E-5
7sJd,38349.0,1.0,1.0,2.6076299251610212E-5
7sTd,38349.0,1.0,1.0,2.6076299251610212E-5
7s9d,38349.0,1.0,1.0,2.6076299251610212E-5
7s8d,38349.0,1.0,1.0,2.6076299251610212E-5
7s7d,38349.0,38349.0,1.0,1.0
7s6d,38348.0,1.0,0.9999739237007483,2.6076299251610212E-5
7s5d,38346.0,1.0,0.9999217711022451,2.6076299251610212E-5
7s4d,38337.0,1.0,0.9996870844089807,2.6076299251610212E-5
7s3d,1.0,1.0,2.6076299251610212E-5,2.6076299251610212E-5
7s2d,1.0,1.0,2.6076299251610212E-5,2.6076299251610212E-5
7sAh,38349.0,38349.0,1.0,1.0
7sKh,38349.0,38349.0,1.0,1.0
7sQh,38349.0,2.0,1.0,5.2152598503220425E-5
7sJh,38349.0,1.0,1.0,2.6076299251610212E-5
7sTh,38349.0,1.0,1.0,2.6076299251610212E-5
7s9h,38349.0,1.0,1.0,2.6076299251610212E-5
7s8h,38349.0,1.0,1.0,2.6076299251610212E-5
7s7h,38349.0,38349.0,1.0,1.0
7s6h,38348.0,1.0,0.9999739237007483,2.6076299251610212E-5
7s5h,38346.0,1.0,0.9999217711022451,2.6076299251610212E-5
7s4h,38337.0,1.0,0.9996870844089807,2.6076299251610212E-5
7s3h,1.0,1.0,2.6076299251610212E-5,2.6076299251610212E-5
7s2h,1.0,1.0,2.6076299251610212E-5,2.6076299251610212E-5
6s5s,38349.0,1.0,1.0,2.6076299251610212E-5
6s4s,38348.0,1.0,0.9999739237007483,2.6076299251610212E-5
6s3s,38346.0,1.0,0.9999217711022451,2.6076299251610212E-5
6s2s,38342.0,1.0,0.9998174659052387,2.6076299251610212E-5
6sAc,38349.0,38349.0,1.0,1.0
6sKc,38349.0,38349.0,1.0,1.0
6sQc,38349.0,1.0,1.0,2.6076299251610212E-5
6sJc,38349.0,1.0,1.0,2.6076299251610212E-5
6sTc,38349.0,1.0,1.0,2.6076299251610212E-5
6s9c,38349.0,1.0,1.0,2.6076299251610212E-5
6s8c,38349.0,1.0,1.0,2.6076299251610212E-5
6s7c,38348.0,1.0,0.9999739237007483,2.6076299251610212E-5
6s6c,38349.0,38349.0,1.0,1.0
6s5c,38346.0,1.0,0.9999217711022451,2.6076299251610212E-5
6s4c,38342.0,1.0,0.9998174659052387,2.6076299251610212E-5
6s3c,1.0,1.0,2.6076299251610212E-5,2.6076299251610212E-5
6s2c,1.0,1.0,2.6076299251610212E-5,2.6076299251610212E-5
6sAd,38349.0,38349.0,1.0,1.0
6sKd,38349.0,38349.0,1.0,1.0
6sQd,38349.0,1.0,1.0,2.6076299251610212E-5
6sJd,38349.0,1.0,1.0,2.6076299251610212E-5
6sTd,38349.0,1.0,1.0,2.6076299251610212E-5
6s9d,38349.0,1.0,1.0,2.6076299251610212E-5
6s8d,38349.0,1.0,1.0,2.6076299251610212E-5
6s7d,38348.0,1.0,0.9999739237007483,2.6076299251610212E-5
6s6d,38349.0,38349.0,1.0,1.0
6s5d,38346.0,1.0,0.9999217711022451,2.6076299251610212E-5
6s4d,38342.0,1.0,0.9998174659052387,2.6076299251610212E-5
6s3d,1.0,1.0,2.6076299251610212E-5,2.6076299251610212E-5
6s2d,1.0,1.0,2.6076299251610212E-5,2.6076299251610212E-5
6sAh,38349.0,38349.0,1.0,1.0
6sKh,38349.0,38349.0,1.0,1.0
6sQh,38349.0,1.0,1.0,2.6076299251610212E-5
6sJh,38349.0,1.0,1.0,2.6076299251610212E-5
6sTh,38349.0,1.0,1.0,2.6076299251610212E-5
6s9h,38349.0,1.0,1.0,2.6076299251610212E-5
6s8h,38349.0,1.0,1.0,2.6076299251610212E-5
6s7h,38348.0,1.0,0.9999739237007483,2.6076299251610212E-5
6s6h,38349.0,38349.0,1.0,1.0
6s5h,38346.0,1.0,0.9999217711022451,2.6076299251610212E-5
6s4h,38342.0,1.0,0.9998174659052387,2.6076299251610212E-5
6s3h,1.0,1.0,2.6076299251610212E-5,2.6076299251610212E-5
6s2h,1.0,1.0,2.6076299251610212E-5,2.6076299251610212E-5
5s4s,38348.0,1.0,0.9999739237007483,2.6076299251610212E-5
5s3s,38347.0,1.0,0.9999478474014968,2.6076299251610212E-5
5s2s,38344.0,1.0,0.9998696185037419,2.6076299251610212E-5
5sAc,38349.0,38349.0,1.0,1.0
5sKc,38349.0,38349.0,1.0,1.0
5sQc,38349.0,1.0,1.0,2.6076299251610212E-5
5sJc,38349.0,1.0,1.0,2.6076299251610212E-5
5sTc,38349.0,1.0,1.0,2.6076299251610212E-5
5s9c,38348.0,1.0,0.9999739237007483,2.6076299251610212E-5
5s8c,38346.0,1.0,0.9999217711022451,2.6076299251610212E-5
5s7c,38346.0,1.0,0.9999217711022451,2.6076299251610212E-5
5s6c,38346.0,1.0,0.9999217711022451,2.6076299251610212E-5
5s5c,38349.0,38349.0,1.0,1.0
5s4c,38344.0,1.0,0.9998696185037419,2.6076299251610212E-5
5s3c,38332.0,1.0,0.9995567029127226,2.6076299251610212E-5
5s2c,1.0,1.0,2.6076299251610212E-5,2.6076299251610212E-5
5sAd,38349.0,38349.0,1.0,1.0
5sKd,38349.0,38349.0,1.0,1.0
5sQd,38349.0,1.0,1.0,2.6076299251610212E-5
5sJd,38349.0,1.0,1.0,2.6076299251610212E-5
5sTd,38349.0,1.0,1.0,2.6076299251610212E-5
5s9d,38348.0,1.0,0.9999739237007483,2.6076299251610212E-5
5s8d,38346.0,1.0,0.9999217711022451,2.6076299251610212E-5
5s7d,38346.0,1.0,0.9999217711022451,2.6076299251610212E-5
5s6d,38346.0,1.0,0.9999217711022451,2.6076299251610212E-5
5s5d,38349.0,38349.0,1.0,1.0
5s4d,38344.0,1.0,0.9998696185037419,2.6076299251610212E-5
5s3d,38332.0,1.0,0.9995567029127226,2.6076299251610212E-5
5s2d,1.0,1.0,2.6076299251610212E-5,2.6076299251610212E-5
5sAh,38349.0,38349.0,1.0,1.0
5sKh,38349.0,38349.0,1.0,1.0
5sQh,38349.0,1.0,1.0,2.6076299251610212E-5
5sJh,38349.0,1.0,1.0,2.6076299251610212E-5
5sTh,38349.0,1.0,1.0,2.6076299251610212E-5
5s9h,38348.0,1.0,0.9999739237007483,2.6076299251610212E-5
5s8h,38346.0,1.0,0.9999217711022451,2.6076299251610212E-5
5s7h,38346.0,1.0,0.9999217711022451,2.6076299251610212E-5
5s6h,38346.0,1.0,0.9999217711022451,2.6076299251610212E-5
5s5h,38349.0,38349.0,1.0,1.0
5s4h,38344.0,1.0,0.9998696185037419,2.6076299251610212E-5
5s3h,38332.0,1.0,0.9995567029127226,2.6076299251610212E-5
5s2h,1.0,1.0,2.6076299251610212E-5,2.6076299251610212E-5
4s3s,38346.0,1.0,0.9999217711022451,2.6076299251610212E-5
4s2s,38342.0,1.0,0.9998174659052387,2.6076299251610212E-5
4sAc,38349.0,38349.0,1.0,1.0
4sKc,38349.0,38345.0,1.0,0.9998956948029936
4sQc,38349.0,1.0,1.0,2.6076299251610212E-5
4sJc,38349.0,1.0,1.0,2.6076299251610212E-5
4sTc,38349.0,1.0,1.0,2.6076299251610212E-5
4s9c,1.0,1.0,2.6076299251610212E-5,2.6076299251610212E-5
4s8c,32.0,1.0,8.344415760515268E-4,2.6076299251610212E-5
4s7c,38337.0,1.0,0.9996870844089807,2.6076299251610212E-5
4s6c,38342.0,1.0,0.9998174659052387,2.6076299251610212E-5
4s5c,38344.0,1.0,0.9998696185037419,2.6076299251610212E-5
4s4c,38349.0,38349.0,1.0,1.0
4s3c,14594.0,1.0,0.3805575112779994,2.6076299251610212E-5
4s2c,1.0,1.0,2.6076299251610212E-5,2.6076299251610212E-5
4sAd,38349.0,38349.0,1.0,1.0
4sKd,38349.0,38345.0,1.0,0.9998956948029936
4sQd,38349.0,1.0,1.0,2.6076299251610212E-5
4sJd,38349.0,1.0,1.0,2.6076299251610212E-5
4sTd,38349.0,1.0,1.0,2.6076299251610212E-5
4s9d,1.0,1.0,2.6076299251610212E-5,2.6076299251610212E-5
4s8d,32.0,1.0,8.344415760515268E-4,2.6076299251610212E-5
4s7d,38337.0,1.0,0.9996870844089807,2.6076299251610212E-5
4s6d,38342.0,1.0,0.9998174659052387,2.6076299251610212E-5
4s5d,38344.0,1.0,0.9998696185037419,2.6076299251610212E-5
4s4d,38349.0,38349.0,1.0,1.0
4s3d,14594.0,1.0,0.3805575112779994,2.6076299251610212E-5
4s2d,1.0,1.0,2.6076299251610212E-5,2.6076299251610212E-5
4sAh,38349.0,38349.0,1.0,1.0
4sKh,38349.0,38345.0,1.0,0.9998956948029936
4sQh,38349.0,1.0,1.0,2.6076299251610212E-5
4sJh,38349.0,1.0,1.0,2.6076299251610212E-5
4sTh,38349.0,1.0,1.0,2.6076299251610212E-5
4s9h,1.0,1.0,2.6076299251610212E-5,2.6076299251610212E-5
4s8h,32.0,1.0,8.344415760515268E-4,2.6076299251610212E-5
4s7h,38337.0,1.0,0.9996870844089807,2.6076299251610212E-5
4s6h,38342.0,1.0,0.9998174659052387,2.6076299251610212E-5
4s5h,38344.0,1.0,0.9998696185037419,2.6076299251610212E-5
4s4h,38349.0,38349.0,1.0,1.0
4s3h,14594.0,1.0,0.3805575112779994,2.6076299251610212E-5
4s2h,1.0,1.0,2.6076299251610212E-5,2.6076299251610212E-5
3s2s,38339.0,1.0,0.9997392370074839,2.6076299251610212E-5
3sAc,38349.0,38349.0,1.0,1.0
3sKc,38349.0,2.0,1.0,5.2152598503220425E-5
3sQc,38349.0,1.0,1.0,2.6076299251610212E-5
3sJc,38349.0,1.0,1.0,2.6076299251610212E-5
3sTc,1.0,1.0,2.6076299251610212E-5,2.6076299251610212E-5
3s9c,1.0,1.0,2.6076299251610212E-5,2.6076299251610212E-5
3s8c,1.0,1.0,2.6076299251610212E-5,2.6076299251610212E-5
3s7c,1.0,1.0,2.6076299251610212E-5,2.6076299251610212E-5
3s6c,1.0,1.0,2.6076299251610212E-5,2.6076299251610212E-5
3s5c,38332.0,1.0,0.9995567029127226,2.6076299251610212E-5
3s4c,14594.0,1.0,0.3805575112779994,2.6076299251610212E-5
3s3c,38349.0,38349.0,1.0,1.0
3s2c,1.0,1.0,2.6076299251610212E-5,2.6076299251610212E-5
3sAd,38349.0,38349.0,1.0,1.0
3sKd,38349.0,2.0,1.0,5.2152598503220425E-5
3sQd,38349.0,1.0,1.0,2.6076299251610212E-5
3sJd,38349.0,1.0,1.0,2.6076299251610212E-5
3sTd,1.0,1.0,2.6076299251610212E-5,2.6076299251610212E-5
3s9d,1.0,1.0,2.6076299251610212E-5,2.6076299251610212E-5
3s8d,1.0,1.0,2.6076299251610212E-5,2.6076299251610212E-5
3s7d,1.0,1.0,2.6076299251610212E-5,2.6076299251610212E-5
3s6d,1.0,1.0,2.6076299251610212E-5,2.6076299251610212E-5
3s5d,38332.0,1.0,0.9995567029127226,2.6076299251610212E-5
3s4d,14594.0,1.0,0.3805575112779994,2.6076299251610212E-5
3s3d,38349.0,38349.0,1.0,1.0
3s2d,1.0,1.0,2.6076299251610212E-5,2.6076299251610212E-5
3sAh,38349.0,38349.0,1.0,1.0
3sKh,38349.0,2.0,1.0,5.2152598503220425E-5
3sQh,38349.0,1.0,1.0,2.6076299251610212E-5
3sJh,38349.0,1.0,1.0,2.6076299251610212E-5
3sTh,1.0,1.0,2.6076299251610212E-5,2.6076299251610212E-5
3s9h,1.0,1.0,2.6076299251610212E-5,2.6076299251610212E-5
3s8h,1.0,1.0,2.6076299251610212E-5,2.6076299251610212E-5
3s7h,1.0,1.0,2.6076299251610212E-5,2.6076299251610212E-5
3s6h,1.0,1.0,2.6076299251610212E-5,2.6076299251610212E-5
3s5h,38332.0,1.0,0.9995567029127226,2.6076299251610212E-5
3s4h,14594.0,1.0,0.3805575112779994,2.6076299251610212E-5
3s3h,38349.0,38349.0,1.0,1.0
3s2h,1.0,1.0,2.6076299251610212E-5,2.6076299251610212E-5
2sAc,38349.0,38349.0,1.0,1.0
2sKc,38349.0,1.0,1.0,2.6076299251610212E-5
2sQc,38349.0,1.0,1.0,2.6076299251610212E-5
2sJc,25.0,1.0,6.519074812902553E-4,2.6076299251610212E-5
2sTc,1.0,1.0,2.6076299251610212E-5,2.6076299251610212E-5
2s9c,1.0,1.0,2.6076299251610212E-5,2.6076299251610212E-5
2s8c,1.0,1.0,2.6076299251610212E-5,2.6076299251610212E-5
2s7c,1.0,1.0,2.6076299251610212E-5,2.6076299251610212E-5
2s6c,1.0,1.0,2.6076299251610212E-5,2.6076299251610212E-5
2s5c,1.0,1.0,2.6076299251610212E-5,2.6076299251610212E-5
2s4c,1.0,1.0,2.6076299251610212E-5,2.6076299251610212E-5
2s3c,1.0,1.0,2.6076299251610212E-5,2.6076299251610212E-5
2s2c,38349.0,3.0,1.0,7.822889775483064E-5
2sAd,38349.0,38349.0,1.0,1.0
2sKd,38349.0,1.0,1.0,2.6076299251610212E-5
2sQd,38349.0,1.0,1.0,2.6076299251610212E-5
2sJd,25.0,1.0,6.519074812902553E-4,2.6076299251610212E-5
2sTd,1.0,1.0,2.6076299251610212E-5,2.6076299251610212E-5
2s9d,1.0,1.0,2.6076299251610212E-5,2.6076299251610212E-5
2s8d,1.0,1.0,2.6076299251610212E-5,2.6076299251610212E-5
2s7d,1.0,1.0,2.6076299251610212E-5,2.6076299251610212E-5
2s6d,1.0,1.0,2.6076299251610212E-5,2.6076299251610212E-5
2s5d,1.0,1.0,2.6076299251610212E-5,2.6076299251610212E-5
2s4d,1.0,1.0,2.6076299251610212E-5,2.6076299251610212E-5
2s3d,1.0,1.0,2.6076299251610212E-5,2.6076299251610212E-5
2s2d,38349.0,3.0,1.0,7.822889775483064E-5
2sAh,38349.0,38349.0,1.0,1.0
2sKh,38349.0,1.0,1.0,2.6076299251610212E-5
2sQh,38349.0,1.0,1.0,2.6076299251610212E-5
2sJh,25.0,1.0,6.519074812902553E-4,2.6076299251610212E-5
2sTh,1.0,1.0,2.6076299251610212E-5,2.6076299251610212E-5
2s9h,1.0,1.0,2.6076299251610212E-5,2.6076299251610212E-5
2s8h,1.0,1.0,2.6076299251610212E-5,2.6076299251610212E-5
2s7h,1.0,1.0,2.6076299251610212E-5,2.6076299251610212E-5
2s6h,1.0,1.0,2.6076299251610212E-5,2.6076299251610212E-5
2s5h,1.0,1.0,2.6076299251610212E-5,2.6076299251610212E-5
2s4h,1.0,1.0,2.6076299251610212E-5,2.6076299251610212E-5
2s3h,1.0,1.0,2.6076299251610212E-5,2.6076299251610212E-5
2s2h,38349.0,3.0,1.0,7.822889775483064E-5
AcKc,38349.0,38349.0,1.0,1.0
AcQc,38349.0,38349.0,1.0,1.0
AcJc,38349.0,38349.0,1.0,1.0
AcTc,38349.0,38349.0,1.0,1.0
Ac9c,38349.0,38349.0,1.0,1.0
Ac8c,38349.0,38349.0,1.0,1.0
Ac7c,38349.0,38349.0,1.0,1.0
Ac6c,38349.0,38349.0,1.0,1.0
Ac5c,38349.0,38349.0,1.0,1.0
Ac4c,38349.0,38349.0,1.0,1.0
Ac3c,38349.0,38349.0,1.0,1.0
Ac2c,38349.0,38349.0,1.0,1.0
AcAd,38349.0,38349.0,1.0,1.0
AcKd,38349.0,38349.0,1.0,1.0
AcQd,38349.0,38349.0,1.0,1.0
AcJd,38349.0,38349.0,1.0,1.0
AcTd,38349.0,38349.0,1.0,1.0
Ac9d,38349.0,38349.0,1.0,1.0
Ac8d,38349.0,38349.0,1.0,1.0
Ac7d,38349.0,38349.0,1.0,1.0
Ac6d,38349.0,38349.0,1.0,1.0
Ac5d,38349.0,38349.0,1.0,1.0
Ac4d,38349.0,38349.0,1.0,1.0
Ac3d,38349.0,38349.0,1.0,1.0
Ac2d,38349.0,38349.0,1.0,1.0
AcAh,38349.0,38349.0,1.0,1.0
AcKh,38349.0,38349.0,1.0,1.0
AcQh,38349.0,38349.0,1.0,1.0
AcJh,38349.0,38349.0,1.0,1.0
AcTh,38349.0,38349.0,1.0,1.0
Ac9h,38349.0,38349.0,1.0,1.0
Ac8h,38349.0,38349.0,1.0,1.0
Ac7h,38349.0,38349.0,1.0,1.0
Ac6h,38349.0,38349.0,1.0,1.0
Ac5h,38349.0,38349.0,1.0,1.0
Ac4h,38349.0,38349.0,1.0,1.0
Ac3h,38349.0,38349.0,1.0,1.0
Ac2h,38349.0,38349.0,1.0,1.0
KcQc,38349.0,38349.0,1.0,1.0
KcJc,38349.0,38349.0,1.0,1.0
KcTc,38349.0,38349.0,1.0,1.0
Kc9c,38349.0,38349.0,1.0,1.0
Kc8c,38349.0,38349.0,1.0,1.0
Kc7c,38349.0,38349.0,1.0,1.0
Kc6c,38349.0,38349.0,1.0,1.0
Kc5c,38349.0,38349.0,1.0,1.0
Kc4c,38349.0,38349.0,1.0,1.0
Kc3c,38349.0,38349.0,1.0,1.0
Kc2c,38349.0,38349.0,1.0,1.0
KcAd,38349.0,38349.0,1.0,1.0
KcKd,38349.0,38349.0,1.0,1.0
KcQd,38349.0,38349.0,1.0,1.0
KcJd,38349.0,38349.0,1.0,1.0
KcTd,38349.0,38349.0,1.0,1.0
Kc9d,38349.0,38349.0,1.0,1.0
Kc8d,38349.0,38349.0,1.0,1.0
Kc7d,38349.0,38349.0,1.0,1.0
Kc6d,38349.0,38349.0,1.0,1.0
Kc5d,38349.0,38349.0,1.0,1.0
Kc4d,38349.0,38345.0,1.0,0.9998956948029936
Kc3d,38349.0,2.0,1.0,5.2152598503220425E-5
Kc2d,38349.0,1.0,1.0,2.6076299251610212E-5
KcAh,38349.0,38349.0,1.0,1.0
KcKh,38349.0,38349.0,1.0,1.0
KcQh,38349.0,38349.0,1.0,1.0
KcJh,38349.0,38349.0,1.0,1.0
KcTh,38349.0,38349.0,1.0,1.0
Kc9h,38349.0,38349.0,1.0,1.0
Kc8h,38349.0,38349.0,1.0,1.0
Kc7h,38349.0,38349.0,1.0,1.0
Kc6h,38349.0,38349.0,1.0,1.0
Kc5h,38349.0,38349.0,1.0,1.0
Kc4h,38349.0,38345.0,1.0,0.9998956948029936
Kc3h,38349.0,2.0,1.0,5.2152598503220425E-5
Kc2h,38349.0,1.0,1.0,2.6076299251610212E-5
QcJc,38349.0,38349.0,1.0,1.0
QcTc,38349.0,38349.0,1.0,1.0
Qc9c,38349.0,38349.0,1.0,1.0
Qc8c,38349.0,38349.0,1.0,1.0
Qc7c,38349.0,38349.0,1.0,1.0
Qc6c,38349.0,38349.0,1.0,1.0
Qc5c,38349.0,38347.0,1.0,0.9999478474014968
Qc4c,38349.0,2.0,1.0,5.2152598503220425E-5
Qc3c,38349.0,1.0,1.0,2.6076299251610212E-5
Qc2c,38349.0,1.0,1.0,2.6076299251610212E-5
QcAd,38349.0,38349.0,1.0,1.0
QcKd,38349.0,38349.0,1.0,1.0
QcQd,38349.0,38349.0,1.0,1.0
QcJd,38349.0,38349.0,1.0,1.0
QcTd,38349.0,38349.0,1.0,1.0
Qc9d,38349.0,38349.0,1.0,1.0
Qc8d,38349.0,38349.0,1.0,1.0
Qc7d,38349.0,2.0,1.0,5.2152598503220425E-5
Qc6d,38349.0,1.0,1.0,2.6076299251610212E-5
Qc5d,38349.0,1.0,1.0,2.6076299251610212E-5
Qc4d,38349.0,1.0,1.0,2.6076299251610212E-5
Qc3d,38349.0,1.0,1.0,2.6076299251610212E-5
Qc2d,38349.0,1.0,1.0,2.6076299251610212E-5
QcAh,38349.0,38349.0,1.0,1.0
QcKh,38349.0,38349.0,1.0,1.0
QcQh,38349.0,38349.0,1.0,1.0
QcJh,38349.0,38349.0,1.0,1.0
QcTh,38349.0,38349.0,1.0,1.0
Qc9h,38349.0,38349.0,1.0,1.0
Qc8h,38349.0,38349.0,1.0,1.0
Qc7h,38349.0,2.0,1.0,5.2152598503220425E-5
Qc6h,38349.0,1.0,1.0,2.6076299251610212E-5
Qc5h,38349.0,1.0,1.0,2.6076299251610212E-5
Qc4h,38349.0,1.0,1.0,2.6076299251610212E-5
Qc3h,38349.0,1.0,1.0,2.6076299251610212E-5
Qc2h,38349.0,1.0,1.0,2.6076299251610212E-5
JcTc,38349.0,38349.0,1.0,1.0
Jc9c,38349.0,38349.0,1.0,1.0
Jc8c,38349.0,38349.0,1.0,1.0
Jc7c,38349.0,14706.0,1.0,0.3834780567941798
Jc6c,38349.0,1.0,1.0,2.6076299251610212E-5
Jc5c,38349.0,1.0,1.0,2.6076299251610212E-5
Jc4c,38349.0,1.0,1.0,2.6076299251610212E-5
Jc3c,38349.0,1.0,1.0,2.6076299251610212E-5
Jc2c,38349.0,1.0,1.0,2.6076299251610212E-5
JcAd,38349.0,38349.0,1.0,1.0
JcKd,38349.0,38349.0,1.0,1.0
JcQd,38349.0,38349.0,1.0,1.0
JcJd,38349.0,38349.0,1.0,1.0
JcTd,38349.0,38349.0,1.0,1.0
Jc9d,38349.0,38349.0,1.0,1.0
Jc8d,38349.0,1.0,1.0,2.6076299251610212E-5
Jc7d,38349.0,1.0,1.0,2.6076299251610212E-5
Jc6d,38349.0,1.0,1.0,2.6076299251610212E-5
Jc5d,38349.0,1.0,1.0,2.6076299251610212E-5
Jc4d,38349.0,1.0,1.0,2.6076299251610212E-5
Jc3d,38349.0,1.0,1.0,2.6076299251610212E-5
Jc2d,25.0,1.0,6.519074812902553E-4,2.6076299251610212E-5
JcAh,38349.0,38349.0,1.0,1.0
JcKh,38349.0,38349.0,1.0,1.0
JcQh,38349.0,38349.0,1.0,1.0
JcJh,38349.0,38349.0,1.0,1.0
JcTh,38349.0,38349.0,1.0,1.0
Jc9h,38349.0,38349.0,1.0,1.0
Jc8h,38349.0,1.0,1.0,2.6076299251610212E-5
Jc7h,38349.0,1.0,1.0,2.6076299251610212E-5
Jc6h,38349.0,1.0,1.0,2.6076299251610212E-5
Jc5h,38349.0,1.0,1.0,2.6076299251610212E-5
Jc4h,38349.0,1.0,1.0,2.6076299251610212E-5
Jc3h,38349.0,1.0,1.0,2.6076299251610212E-5
Jc2h,25.0,1.0,6.519074812902553E-4,2.6076299251610212E-5
Tc9c,38349.0,38349.0,1.0,1.0
Tc8c,38349.0,37798.0,1.0,0.9856319591123628
Tc7c,38349.0,1.0,1.0,2.6076299251610212E-5
Tc6c,38349.0,1.0,1.0,2.6076299251610212E-5
Tc5c,38349.0,1.0,1.0,2.6076299251610212E-5
Tc4c,38349.0,1.0,1.0,2.6076299251610212E-5
Tc3c,38349.0,1.0,1.0,2.6076299251610212E-5
Tc2c,38349.0,1.0,1.0,2.6076299251610212E-5
TcAd,38349.0,38349.0,1.0,1.0
TcKd,38349.0,38349.0,1.0,1.0
TcQd,38349.0,38349.0,1.0,1.0
TcJd,38349.0,38349.0,1.0,1.0
TcTd,38349.0,38349.0,1.0,1.0
Tc9d,38349.0,1.0,1.0,2.6076299251610212E-5
Tc8d,38349.0,1.0,1.0,2.6076299251610212E-5
Tc7d,38349.0,1.0,1.0,2.6076299251610212E-5
Tc6d,38349.0,1.0,1.0,2.6076299251610212E-5
Tc5d,38349.0,1.0,1.0,2.6076299251610212E-5
Tc4d,38349.0,1.0,1.0,2.6076299251610212E-5
Tc3d,1.0,1.0,2.6076299251610212E-5,2.6076299251610212E-5
Tc2d,1.0,1.0,2.6076299251610212E-5,2.6076299251610212E-5
TcAh,38349.0,38349.0,1.0,1.0
TcKh,38349.0,38349.0,1.0,1.0
TcQh,38349.0,38349.0,1.0,1.0
TcJh,38349.0,38349.0,1.0,1.0
TcTh,38349.0,38349.0,1.0,1.0
Tc9h,38349.0,1.0,1.0,2.6076299251610212E-5
Tc8h,38349.0,1.0,1.0,2.6076299251610212E-5
Tc7h,38349.0,1.0,1.0,2.6076299251610212E-5
Tc6h,38349.0,1.0,1.0,2.6076299251610212E-5
Tc5h,38349.0,1.0,1.0,2.6076299251610212E-5
Tc4h,38349.0,1.0,1.0,2.6076299251610212E-5
Tc3h,1.0,1.0,2.6076299251610212E-5,2.6076299251610212E-5
Tc2h,1.0,1.0,2.6076299251610212E-5,2.6076299251610212E-5
9c8c,38349.0,1.0,1.0,2.6076299251610212E-5
9c7c,38349.0,1.0,1.0,2.6076299251610212E-5
9c6c,38349.0,1.0,1.0,2.6076299251610212E-5
9c5c,38349.0,1.0,1.0,2.6076299251610212E-5
9c4c,38349.0,1.0,1.0,2.6076299251610212E-5
9c3c,38349.0,1.0,1.0,2.6076299251610212E-5
9c2c,38348.0,1.0,0.9999739237007483,2.6076299251610212E-5
9cAd,38349.0,38349.0,1.0,1.0
9cKd,38349.0,38349.0,1.0,1.0
9cQd,38349.0,38349.0,1.0,1.0
9cJd,38349.0,38349.0,1.0,1.0
9cTd,38349.0,1.0,1.0,2.6076299251610212E-5
9c9d,38349.0,38349.0,1.0,1.0
9c8d,38349.0,1.0,1.0,2.6076299251610212E-5
9c7d,38349.0,1.0,1.0,2.6076299251610212E-5
9c6d,38349.0,1.0,1.0,2.6076299251610212E-5
9c5d,38348.0,1.0,0.9999739237007483,2.6076299251610212E-5
9c4d,1.0,1.0,2.6076299251610212E-5,2.6076299251610212E-5
9c3d,1.0,1.0,2.6076299251610212E-5,2.6076299251610212E-5
9c2d,1.0,1.0,2.6076299251610212E-5,2.6076299251610212E-5
9cAh,38349.0,38349.0,1.0,1.0
9cKh,38349.0,38349.0,1.0,1.0
9cQh,38349.0,38349.0,1.0,1.0
9cJh,38349.0,38349.0,1.0,1.0
9cTh,38349.0,1.0,1.0,2.6076299251610212E-5
9c9h,38349.0,38349.0,1.0,1.0
9c8h,38349.0,1.0,1.0,2.6076299251610212E-5
9c7h,38349.0,1.0,1.0,2.6076299251610212E-5
9c6h,38349.0,1.0,1.0,2.6076299251610212E-5
9c5h,38348.0,1.0,0.9999739237007483,2.6076299251610212E-5
9c4h,1.0,1.0,2.6076299251610212E-5,2.6076299251610212E-5
9c3h,1.0,1.0,2.6076299251610212E-5,2.6076299251610212E-5
9c2h,1.0,1.0,2.6076299251610212E-5,2.6076299251610212E-5
8c7c,38349.0,1.0,1.0,2.6076299251610212E-5
8c6c,38349.0,1.0,1.0,2.6076299251610212E-5
8c5c,38349.0,1.0,1.0,2.6076299251610212E-5
8c4c,38348.0,1.0,0.9999739237007483,2.6076299251610212E-5
8c3c,38346.0,1.0,0.9999217711022451,2.6076299251610212E-5
8c2c,38345.0,1.0,0.9998956948029936,2.6076299251610212E-5
8cAd,38349.0,38349.0,1.0,1.0
8cKd,38349.0,38349.0,1.0,1.0
8cQd,38349.0,38349.0,1.0,1.0
8cJd,38349.0,1.0,1.0,2.6076299251610212E-5
8cTd,38349.0,1.0,1.0,2.6076299251610212E-5
8c9d,38349.0,1.0,1.0,2.6076299251610212E-5
8c8d,38349.0,38349.0,1.0,1.0
8c7d,38349.0,1.0,1.0,2.6076299251610212E-5
8c6d,38349.0,1.0,1.0,2.6076299251610212E-5
8c5d,38346.0,1.0,0.9999217711022451,2.6076299251610212E-5
8c4d,32.0,1.0,8.344415760515268E-4,2.6076299251610212E-5
8c3d,1.0,1.0,2.6076299251610212E-5,2.6076299251610212E-5
8c2d,1.0,1.0,2.6076299251610212E-5,2.6076299251610212E-5
8cAh,38349.0,38349.0,1.0,1.0
8cKh,38349.0,38349.0,1.0,1.0
8cQh,38349.0,38349.0,1.0,1.0
8cJh,38349.0,1.0,1.0,2.6076299251610212E-5
8cTh,38349.0,1.0,1.0,2.6076299251610212E-5
8c9h,38349.0,1.0,1.0,2.6076299251610212E-5
8c8h,38349.0,38349.0,1.0,1.0
8c7h,38349.0,1.0,1.0,2.6076299251610212E-5
8c6h,38349.0,1.0,1.0,2.6076299251610212E-5
8c5h,38346.0,1.0,0.9999217711022451,2.6076299251610212E-5
8c4h,32.0,1.0,8.344415760515268E-4,2.6076299251610212E-5
8c3h,1.0,1.0,2.6076299251610212E-5,2.6076299251610212E-5
8c2h,1.0,1.0,2.6076299251610212E-5,2.6076299251610212E-5
7c6c,38349.0,1.0,1.0,2.6076299251610212E-5
7c5c,38349.0,1.0,1.0,2.6076299251610212E-5
7c4c,38348.0,1.0,0.9999739237007483,2.6076299251610212E-5
7c3c,38346.0,1.0,0.9999217711022451,2.6076299251610212E-5
7c2c,38340.0,1.0,0.9997653133067355,2.6076299251610212E-5
7cAd,38349.0,38349.0,1.0,1.0
7cKd,38349.0,38349.0,1.0,1.0
7cQd,38349.0,2.0,1.0,5.2152598503220425E-5
7cJd,38349.0,1.0,1.0,2.6076299251610212E-5
7cTd,38349.0,1.0,1.0,2.6076299251610212E-5
7c9d,38349.0,1.0,1.0,2.6076299251610212E-5
7c8d,38349.0,1.0,1.0,2.6076299251610212E-5
7c7d,38349.0,38349.0,1.0,1.0
7c6d,38348.0,1.0,0.9999739237007483,2.6076299251610212E-5
7c5d,38346.0,1.0,0.9999217711022451,2.6076299251610212E-5
7c4d,38337.0,1.0,0.9996870844089807,2.6076299251610212E-5
7c3d,1.0,1.0,2.6076299251610212E-5,2.6076299251610212E-5
7c2d,1.0,1.0,2.6076299251610212E-5,2.6076299251610212E-5
7cAh,38349.0,38349.0,1.0,1.0
7cKh,38349.0,38349.0,1.0,1.0
7cQh,38349.0,2.0,1.0,5.2152598503220425E-5
7cJh,38349.0,1.0,1.0,2.6076299251610212E-5
7cTh,38349.0,1.0,1.0,2.6076299251610212E-5
7c9h,38349.0,1.0,1.0,2.6076299251610212E-5
7c8h,38349.0,1.0,1.0,2.6076299251610212E-5
7c7h,38349.0,38349.0,1.0,1.0
7c6h,38348.0,1.0,0.9999739237007483,2.6076299251610212E-5
7c5h,38346.0,1.0,0.9999217711022451,2.6076299251610212E-5
7c4h,38337.0,1.0,0.9996870844089807,2.6076299251610212E-5
7c3h,1.0,1.0,2.6076299251610212E-5,2.6076299251610212E-5
7c2h,1.0,1.0,2.6076299251610212E-5,2.6076299251610212E-5
6c5c,38349.0,1.0,1.0,2.6076299251610212E-5
6c4c,38348.0,1.0,0.9999739237007483,2.6076299251610212E-5
6c3c,38346.0,1.0,0.9999217711022451,2.6076299251610212E-5
6c2c,38342.0,1.0,0.9998174659052387,2.6076299251610212E-5
6cAd,38349.0,38349.0,1.0,1.0
6cKd,38349.0,38349.0,1.0,1.0
6cQd,38349.0,1.0,1.0,2.6076299251610212E-5
6cJd,38349.0,1.0,1.0,2.6076299251610212E-5
6cTd,38349.0,1.0,1.0,2.6076299251610212E-5
6c9d,38349.0,1.0,1.0,2.6076299251610212E-5
6c8d,38349.0,1.0,1.0,2.6076299251610212E-5
6c7d,38348.0,1.0,0.9999739237007483,2.6076299251610212E-5
6c6d,38349.0,38349.0,1.0,1.0
6c5d,38346.0,1.0,0.9999217711022451,2.6076299251610212E-5
6c4d,38342.0,1.0,0.9998174659052387,2.6076299251610212E-5
6c3d,1.0,1.0,2.6076299251610212E-5,2.6076299251610212E-5
6c2d,1.0,1.0,2.6076299251610212E-5,2.6076299251610212E-5
6cAh,38349.0,38349.0,1.0,1.0
6cKh,38349.0,38349.0,1.0,1.0
6cQh,38349.0,1.0,1.0,2.6076299251610212E-5
6cJh,38349.0,1.0,1.0,2.6076299251610212E-5
6cTh,38349.0,1.0,1.0,2.6076299251610212E-5
6c9h,38349.0,1.0,1.0,2.6076299251610212E-5
6c8h,38349.0,1.0,1.0,2.6076299251610212E-5
6c7h,38348.0,1.0,0.9999739237007483,2.6076299251610212E-5
6c6h,38349.0,38349.0,1.0,1.0
6c5h,38346.0,1.0,0.9999217711022451,2.6076299251610212E-5
6c4h,38342.0,1.0,0.9998174659052387,2.6076299251610212E-5
6c3h,1.0,1.0,2.6076299251610212E-5,2.6076299251610212E-5
6c2h,1.0,1.0,2.6076299251610212E-5,2.6076299251610212E-5
5c4c,38348.0,1.0,0.9999739237007483,2.6076299251610212E-5
5c3c,38347.0,1.0,0.9999478474014968,2.6076299251610212E-5
5c2c,38344.0,1.0,0.9998696185037419,2.6076299251610212E-5
5cAd,38349.0,38349.0,1.0,1.0
5cKd,38349.0,38349.0,1.0,1.0
5cQd,38349.0,1.0,1.0,2.6076299251610212E-5
5cJd,38349.0,1.0,1.0,2.6076299251610212E-5
5cTd,38349.0,1.0,1.0,2.6076299251610212E-5
5c9d,38348.0,1.0,0.9999739237007483,2.6076299251610212E-5
5c8d,38346.0,1.0,0.9999217711022451,2.6076299251610212E-5
5c7d,38346.0,1.0,0.9999217711022451,2.6076299251610212E-5
5c6d,38346.0,1.0,0.9999217711022451,2.6076299251610212E-5
5c5d,38349.0,38349.0,1.0,1.0
5c4d,38344.0,1.0,0.9998696185037419,2.6076299251610212E-5
5c3d,38332.0,1.0,0.9995567029127226,2.6076299251610212E-5
5c2d,1.0,1.0,2.6076299251610212E-5,2.6076299251610212E-5
5cAh,38349.0,38349.0,1.0,1.0
5cKh,38349.0,38349.0,1.0,1.0
5cQh,38349.0,1.0,1.0,2.6076299251610212E-5
5cJh,38349.0,1.0,1.0,2.6076299251610212E-5
5cTh,38349.0,1.0,1.0,2.6076299251610212E-5
5c9h,38348.0,1.0,0.9999739237007483,2.6076299251610212E-5
5c8h,38346.0,1.0,0.9999217711022451,2.6076299251610212E-5
5c7h,38346.0,1.0,0.9999217711022451,2.6076299251610212E-5
5c6h,38346.0,1.0,0.9999217711022451,2.6076299251610212E-5
5c5h,38349.0,38349.0,1.0,1.0
5c4h,38344.0,1.0,0.9998696185037419,2.6076299251610212E-5
5c3h,38332.0,1.0,0.9995567029127226,2.6076299251610212E-5
5c2h,1.0,1.0,2.6076299251610212E-5,2.6076299251610212E-5
4c3c,38346.0,1.0,0.9999217711022451,2.6076299251610212E-5
4c2c,38342.0,1.0,0.9998174659052387,2.6076299251610212E-5
4cAd,38349.0,38349.0,1.0,1.0
4cKd,38349.0,38345.0,1.0,0.9998956948029936
4cQd,38349.0,1.0,1.0,2.6076299251610212E-5
4cJd,38349.0,1.0,1.0,2.6076299251610212E-5
4cTd,38349.0,1.0,1.0,2.6076299251610212E-5
4c9d,1.0,1.0,2.6076299251610212E-5,2.6076299251610212E-5
4c8d,32.0,1.0,8.344415760515268E-4,2.6076299251610212E-5
4c7d,38337.0,1.0,0.9996870844089807,2.6076299251610212E-5
4c6d,38342.0,1.0,0.9998174659052387,2.6076299251610212E-5
4c5d,38344.0,1.0,0.9998696185037419,2.6076299251610212E-5
4c4d,38349.0,38349.0,1.0,1.0
4c3d,14594.0,1.0,0.3805575112779994,2.6076299251610212E-5
4c2d,1.0,1.0,2.6076299251610212E-5,2.6076299251610212E-5
4cAh,38349.0,38349.0,1.0,1.0
4cKh,38349.0,38345.0,1.0,0.9998956948029936
4cQh,38349.0,1.0,1.0,2.6076299251610212E-5
4cJh,38349.0,1.0,1.0,2.6076299251610212E-5
4cTh,38349.0,1.0,1.0,2.6076299251610212E-5
4c9h,1.0,1.0,2.6076299251610212E-5,2.6076299251610212E-5
4c8h,32.0,1.0,8.344415760515268E-4,2.6076299251610212E-5
4c7h,38337.0,1.0,0.9996870844089807,2.6076299251610212E-5
4c6h,38342.0,1.0,0.9998174659052387,2.6076299251610212E-5
4c5h,38344.0,1.0,0.9998696185037419,2.6076299251610212E-5
4c4h,38349.0,38349.0,1.0,1.0
4c3h,14594.0,1.0,0.3805575112779994,2.6076299251610212E-5
4c2h,1.0,1.0,2.6076299251610212E-5,2.6076299251610212E-5
3c2c,38339.0,1.0,0.9997392370074839,2.6076299251610212E-5
3cAd,38349.0,38349.0,1.0,1.0
3cKd,38349.0,2.0,1.0,5.2152598503220425E-5
3cQd,38349.0,1.0,1.0,2.6076299251610212E-5
3cJd,38349.0,1.0,1.0,2.6076299251610212E-5
3cTd,1.0,1.0,2.6076299251610212E-5,2.6076299251610212E-5
3c9d,1.0,1.0,2.6076299251610212E-5,2.6076299251610212E-5
3c8d,1.0,1.0,2.6076299251610212E-5,2.6076299251610212E-5
3c7d,1.0,1.0,2.6076299251610212E-5,2.6076299251610212E-5
3c6d,1.0,1.0,2.6076299251610212E-5,2.6076299251610212E-5
3c5d,38332.0,1.0,0.9995567029127226,2.6076299251610212E-5
3c4d,14594.0,1.0,0.3805575112779994,2.6076299251610212E-5
3c3d,38349.0,38349.0,1.0,1.0
3c2d,1.0,1.0,2.6076299251610212E-5,2.6076299251610212E-5
3cAh,38349.0,38349.0,1.0,1.0
3cKh,38349.0,2.0,1.0,5.2152598503220425E-5
3cQh,38349.0,1.0,1.0,2.6076299251610212E-5
3cJh,38349.0,1.0,1.0,2.6076299251610212E-5
3cTh,1.0,1.0,2.6076299251610212E-5,2.6076299251610212E-5
3c9h,1.0,1.0,2.6076299251610212E-5,2.6076299251610212E-5
3c8h,1.0,1.0,2.6076299251610212E-5,2.6076299251610212E-5
3c7h,1.0,1.0,2.6076299251610212E-5,2.6076299251610212E-5
3c6h,1.0,1.0,2.6076299251610212E-5,2.6076299251610212E-5
3c5h,38332.0,1.0,0.9995567029127226,2.6076299251610212E-5
3c4h,14594.0,1.0,0.3805575112779994,2.6076299251610212E-5
3c3h,38349.0,38349.0,1.0,1.0
3c2h,1.0,1.0,2.6076299251610212E-5,2.6076299251610212E-5
2cAd,38349.0,38349.0,1.0,1.0
2cKd,38349.0,1.0,1.0,2.6076299251610212E-5
2cQd,38349.0,1.0,1.0,2.6076299251610212E-5
2cJd,25.0,1.0,6.519074812902553E-4,2.6076299251610212E-5
2cTd,1.0,1.0,2.6076299251610212E-5,2.6076299251610212E-5
2c9d,1.0,1.0,2.6076299251610212E-5,2.6076299251610212E-5
2c8d,1.0,1.0,2.6076299251610212E-5,2.6076299251610212E-5
2c7d,1.0,1.0,2.6076299251610212E-5,2.6076299251610212E-5
2c6d,1.0,1.0,2.6076299251610212E-5,2.6076299251610212E-5
2c5d,1.0,1.0,2.6076299251610212E-5,2.6076299251610212E-5
2c4d,1.0,1.0,2.6076299251610212E-5,2.6076299251610212E-5
2c3d,1.0,1.0,2.6076299251610212E-5,2.6076299251610212E-5
2c2d,38349.0,3.0,1.0,7.822889775483064E-5
2cAh,38349.0,38349.0,1.0,1.0
2cKh,38349.0,1.0,1.0,2.6076299251610212E-5
2cQh,38349.0,1.0,1.0,2.6076299251610212E-5
2cJh,25.0,1.0,6.519074812902553E-4,2.6076299251610212E-5
2cTh,1.0,1.0,2.6076299251610212E-5,2.6076299251610212E-5
2c9h,1.0,1.0,2.6076299251610212E-5,2.6076299251610212E-5
2c8h,1.0,1.0,2.6076299251610212E-5,2.6076299251610212E-5
2c7h,1.0,1.0,2.6076299251610212E-5,2.6076299251610212E-5
2c6h,1.0,1.0,2.6076299251610212E-5,2.6076299251610212E-5
2c5h,1.0,1.0,2.6076299251610212E-5,2.6076299251610212E-5
2c4h,1.0,1.0,2.6076299251610212E-5,2.6076299251610212E-5
2c3h,1.0,1.0,2.6076299251610212E-5,2.6076299251610212E-5
2c2h,38349.0,3.0,1.0,7.822889775483064E-5
AdKd,38349.0,38349.0,1.0,1.0
AdQd,38349.0,38349.0,1.0,1.0
AdJd,38349.0,38349.0,1.0,1.0
AdTd,38349.0,38349.0,1.0,1.0
Ad9d,38349.0,38349.0,1.0,1.0
Ad8d,38349.0,38349.0,1.0,1.0
Ad7d,38349.0,38349.0,1.0,1.0
Ad6d,38349.0,38349.0,1.0,1.0
Ad5d,38349.0,38349.0,1.0,1.0
Ad4d,38349.0,38349.0,1.0,1.0
Ad3d,38349.0,38349.0,1.0,1.0
Ad2d,38349.0,38349.0,1.0,1.0
AdAh,38349.0,38349.0,1.0,1.0
AdKh,38349.0,38349.0,1.0,1.0
AdQh,38349.0,38349.0,1.0,1.0
AdJh,38349.0,38349.0,1.0,1.0
AdTh,38349.0,38349.0,1.0,1.0
Ad9h,38349.0,38349.0,1.0,1.0
Ad8h,38349.0,38349.0,1.0,1.0
Ad7h,38349.0,38349.0,1.0,1.0
Ad6h,38349.0,38349.0,1.0,1.0
Ad5h,38349.0,38349.0,1.0,1.0
Ad4h,38349.0,38349.0,1.0,1.0
Ad3h,38349.0,38349.0,1.0,1.0
Ad2h,38349.0,38349.0,1.0,1.0
KdQd,38349.0,38349.0,1.0,1.0
KdJd,38349.0,38349.0,1.0,1.0
KdTd,38349.0,38349.0,1.0,1.0
Kd9d,38349.0,38349.0,1.0,1.0
Kd8d,38349.0,38349.0,1.0,1.0
Kd7d,38349.0,38349.0,1.0,1.0
Kd6d,38349.0,38349.0,1.0,1.0
Kd5d,38349.0,38349.0,1.0,1.0
Kd4d,38349.0,38349.0,1.0,1.0
Kd3d,38349.0,38349.0,1.0,1.0
Kd2d,38349.0,38349.0,1.0,1.0
KdAh,38349.0,38349.0,1.0,1.0
KdKh,38349.0,38349.0,1.0,1.0
KdQh,38349.0,38349.0,1.0,1.0
KdJh,38349.0,38349.0,1.0,1.0
KdTh,38349.0,38349.0,1.0,1.0
Kd9h,38349.0,38349.0,1.0,1.0
Kd8h,38349.0,38349.0,1.0,1.0
Kd7h,38349.0,38349.0,1.0,1.0
Kd6h,38349.0,38349.0,1.0,1.0
Kd5h,38349.0,38349.0,1.0,1.0
Kd4h,38349.0,38345.0,1.0,0.9998956948029936
Kd3h,38349.0,2.0,1.0,5.2152598503220425E-5
Kd2h,38349.0,1.0,1.0,2.6076299251610212E-5
QdJd,38349.0,38349.0,1.0,1.0
QdTd,38349.0,38349.0,1.0,1.0
Qd9d,38349.0,38349.0,1.0,1.0
Qd8d,38349.0,38349.0,1.0,1.0
Qd7d,38349.0,38349.0,1.0,1.0
Qd6d,38349.0,38349.0,1.0,1.0
Qd5d,38349.0,38347.0,1.0,0.9999478474014968
Qd4d,38349.0,2.0,1.0,5.2152598503220425E-5
Qd3d,38349.0,1.0,1.0,2.6076299251610212E-5
Qd2d,38349.0,1.0,1.0,2.6076299251610212E-5
QdAh,38349.0,38349.0,1.0,1.0
QdKh,38349.0,38349.0,1.0,1.0
QdQh,38349.0,38349.0,1.0,1.0
QdJh,38349.0,38349.0,1.0,1.0
QdTh,38349.0,38349.0,1.0,1.0
Qd9h,38349.0,38349.0,1.0,1.0
Qd8h,38349.0,38349.0,1.0,1.0
Qd7h,38349.0,2.0,1.0,5.2152598503220425E-5
Qd6h,38349.0,1.0,1.0,2.6076299251610212E-5
Qd5h,38349.0,1.0,1.0,2.6076299251610212E-5
Qd4h,38349.0,1.0,1.0,2.6076299251610212E-5
Qd3h,38349.0,1.0,1.0,2.6076299251610212E-5
Qd2h,38349.0,1.0,1.0,2.6076299251610212E-5
JdTd,38349.0,38349.0,1.0,1.0
Jd9d,38349.0,38349.0,1.0,1.0
Jd8d,38349.0,38349.0,1.0,1.0
Jd7d,38349.0,14706.0,1.0,0.3834780567941798
Jd6d,38349.0,1.0,1.0,2.6076299251610212E-5
Jd5d,38349.0,1.0,1.0,2.6076299251610212E-5
Jd4d,38349.0,1.0,1.0,2.6076299251610212E-5
Jd3d,38349.0,1.0,1.0,2.6076299251610212E-5
Jd2d,38349.0,1.0,1.0,2.6076299251610212E-5
JdAh,38349.0,38349.0,1.0,1.0
JdKh,38349.0,38349.0,1.0,1.0
JdQh,38349.0,38349.0,1.0,1.0
JdJh,38349.0,38349.0,1.0,1.0
JdTh,38349.0,38349.0,1.0,1.0
Jd9h,38349.0,38349.0,1.0,1.0
Jd8h,38349.0,1.0,1.0,2.6076299251610212E-5
Jd7h,38349.0,1.0,1.0,2.6076299251610212E-5
Jd6h,38349.0,1.0,1.0,2.6076299251610212E-5
Jd5h,38349.0,1.0,1.0,2.6076299251610212E-5
Jd4h,38349.0,1.0,1.0,2.6076299251610212E-5
Jd3h,38349.0,1.0,1.0,2.6076299251610212E-5
Jd2h,25.0,1.0,6.519074812902553E-4,2.6076299251610212E-5
Td9d,38349.0,38349.0,1.0,1.0
Td8d,38349.0,37798.0,1.0,0.9856319591123628
Td7d,38349.0,1.0,1.0,2.6076299251610212E-5
Td6d,38349.0,1.0,1.0,2.6076299251610212E-5
Td5d,38349.0,1.0,1.0,2.6076299251610212E-5
Td4d,38349.0,1.0,1.0,2.6076299251610212E-5
Td3d,38349.0,1.0,1.0,2.6076299251610212E-5
Td2d,38349.0,1.0,1.0,2.6076299251610212E-5
TdAh,38349.0,38349.0,1.0,1.0
TdKh,38349.0,38349.0,1.0,1.0
TdQh,38349.0,38349.0,1.0,1.0
TdJh,38349.0,38349.0,1.0,1.0
TdTh,38349.0,38349.0,1.0,1.0
Td9h,38349.0,1.0,1.0,2.6076299251610212E-5
Td8h,38349.0,1.0,1.0,2.6076299251610212E-5
Td7h,38349.0,1.0,1.0,2.6076299251610212E-5
Td6h,38349.0,1.0,1.0,2.6076299251610212E-5
Td5h,38349.0,1.0,1.0,2.6076299251610212E-5
Td4h,38349.0,1.0,1.0,2.6076299251610212E-5
Td3h,1.0,1.0,2.6076299251610212E-5,2.6076299251610212E-5
Td2h,1.0,1.0,2.6076299251610212E-5,2.6076299251610212E-5
9d8d,38349.0,1.0,1.0,2.6076299251610212E-5
9d7d,38349.0,1.0,1.0,2.6076299251610212E-5
9d6d,38349.0,1.0,1.0,2.6076299251610212E-5
9d5d,38349.0,1.0,1.0,2.6076299251610212E-5
9d4d,38349.0,1.0,1.0,2.6076299251610212E-5
9d3d,38349.0,1.0,1.0,2.6076299251610212E-5
9d2d,38348.0,1.0,0.9999739237007483,2.6076299251610212E-5
9dAh,38349.0,38349.0,1.0,1.0
9dKh,38349.0,38349.0,1.0,1.0
9dQh,38349.0,38349.0,1.0,1.0
9dJh,38349.0,38349.0,1.0,1.0
9dTh,38349.0,1.0,1.0,2.6076299251610212E-5
9d9h,38349.0,38349.0,1.0,1.0
9d8h,38349.0,1.0,1.0,2.6076299251610212E-5
9d7h,38349.0,1.0,1.0,2.6076299251610212E-5
9d6h,38349.0,1.0,1.0,2.6076299251610212E-5
9d5h,38348.0,1.0,0.9999739237007483,2.6076299251610212E-5
9d4h,1.0,1.0,2.6076299251610212E-5,2.6076299251610212E-5
9d3h,1.0,1.0,2.6076299251610212E-5,2.6076299251610212E-5
9d2h,1.0,1.0,2.6076299251610212E-5,2.6076299251610212E-5
8d7d,38349.0,1.0,1.0,2.6076299251610212E-5
8d6d,38349.0,1.0,1.0,2.6076299251610212E-5
8d5d,38349.0,1.0,1.0,2.6076299251610212E-5
8d4d,38348.0,1.0,0.9999739237007483,2.6076299251610212E-5
8d3d,38346.0,1.0,0.9999217711022451,2.6076299251610212E-5
8d2d,38345.0,1.0,0.9998956948029936,2.6076299251610212E-5
8dAh,38349.0,38349.0,1.0,1.0
8dKh,38349.0,38349.0,1.0,1.0
8dQh,38349.0,38349.0,1.0,1.0
8dJh,38349.0,1.0,1.0,2.6076299251610212E-5
8dTh,38349.0,1.0,1.0,2.6076299251610212E-5
8d9h,38349.0,1.0,1.0,2.6076299251610212E-5
8d8h,38349.0,38349.0,1.0,1.0
8d7h,38349.0,1.0,1.0,2.6076299251610212E-5
8d6h,38349.0,1.0,1.0,2.6076299251610212E-5
8d5h,38346.0,1.0,0.9999217711022451,2.6076299251610212E-5
8d4h,32.0,1.0,8.344415760515268E-4,2.6076299251610212E-5
8d3h,1.0,1.0,2.6076299251610212E-5,2.6076299251610212E-5
8d2h,1.0,1.0,2.6076299251610212E-5,2.6076299251610212E-5
7d6d,38349.0,1.0,1.0,2.6076299251610212E-5
7d5d,38349.0,1.0,1.0,2.6076299251610212E-5
7d4d,38348.0,1.0,0.9999739237007483,2.6076299251610212E-5
7d3d,38346.0,1.0,0.9999217711022451,2.6076299251610212E-5
7d2d,38340.0,1.0,0.9997653133067355,2.6076299251610212E-5
7dAh,38349.0,38349.0,1.0,1.0
7dKh,38349.0,38349.0,1.0,1.0
7dQh,38349.0,2.0,1.0,5.2152598503220425E-5
7dJh,38349.0,1.0,1.0,2.6076299251610212E-5
7dTh,38349.0,1.0,1.0,2.6076299251610212E-5
7d9h,38349.0,1.0,1.0,2.6076299251610212E-5
7d8h,38349.0,1.0,1.0,2.6076299251610212E-5
7d7h,38349.0,38349.0,1.0,1.0
7d6h,38348.0,1.0,0.9999739237007483,2.6076299251610212E-5
7d5h,38346.0,1.0,0.9999217711022451,2.6076299251610212E-5
7d4h,38337.0,1.0,0.9996870844089807,2.6076299251610212E-5
7d3h,1.0,1.0,2.6076299251610212E-5,2.6076299251610212E-5
7d2h,1.0,1.0,2.6076299251610212E-5,2.6076299251610212E-5
6d5d,38349.0,1.0,1.0,2.6076299251610212E-5
6d4d,38348.0,1.0,0.9999739237007483,2.6076299251610212E-5
6d3d,38346.0,1.0,0.9999217711022451,2.6076299251610212E-5
6d2d,38342.0,1.0,0.9998174659052387,2.6076299251610212E-5
6dAh,38349.0,38349.0,1.0,1.0
6dKh,38349.0,38349.0,1.0,1.0
6dQh,38349.0,1.0,1.0,2.6076299251610212E-5
6dJh,38349.0,1.0,1.0,2.6076299251610212E-5
6dTh,38349.0,1.0,1.0,2.6076299251610212E-5
6d9h,38349.0,1.0,1.0,2.6076299251610212E-5
6d8h,38349.0,1.0,1.0,2.6076299251610212E-5
6d7h,38348.0,1.0,0.9999739237007483,2.6076299251610212E-5
6d6h,38349.0,38349.0,1.0,1.0
6d5h,38346.0,1.0,0.9999217711022451,2.6076299251610212E-5
6d4h,38342.0,1.0,0.9998174659052387,2.6076299251610212E-5
6d3h,1.0,1.0,2.6076299251610212E-5,2.6076299251610212E-5
6d2h,1.0,1.0,2.6076299251610212E-5,2.6076299251610212E-5
5d4d,38348.0,1.0,0.9999739237007483,2.6076299251610212E-5
5d3d,38347.0,1.0,0.9999478474014968,2.6076299251610212E-5
5d2d,38344.0,1.0,0.9998696185037419,2.6076299251610212E-5
5dAh,38349.0,38349.0,1.0,1.0
5dKh,38349.0,38349.0,1.0,1.0
5dQh,38349.0,1.0,1.0,2.6076299251610212E-5
5dJh,38349.0,1.0,1.0,2.6076299251610212E-5
5dTh,38349.0,1.0,1.0,2.6076299251610212E-5
5d9h,38348.0,1.0,0.9999739237007483,2.6076299251610212E-5
5d8h,38346.0,1.0,0.9999217711022451,2.6076299251610212E-5
5d7h,38346.0,1.0,0.9999217711022451,2.6076299251610212E-5
5d6h,38346.0,1.0,0.9999217711022451,2.6076299251610212E-5
5d5h,38349.0,38349.0,1.0,1.0
5d4h,38344.0,1.0,0.9998696185037419,2.6076299251610212E-5
5d3h,38332.0,1.0,0.9995567029127226,2.6076299251610212E-5
5d2h,1.0,1.0,2.6076299251610212E-5,2.6076299251610212E-5
4d3d,38346.0,1.0,0.9999217711022451,2.6076299251610212E-5
4d2d,38342.0,1.0,0.9998174659052387,2.6076299251610212E-5
4dAh,38349.0,38349.0,1.0,1.0
4dKh,38349.0,38345.0,1.0,0.9998956948029936
4dQh,38349.0,1.0,1.0,2.6076299251610212E-5
4dJh,38349.0,1.0,1.0,2.6076299251610212E-5
4dTh,38349.0,1.0,1.0,2.6076299251610212E-5
4d9h,1.0,1.0,2.6076299251610212E-5,2.6076299251610212E-5
4d8h,32.0,1.0,8.344415760515268E-4,2.6076299251610212E-5
4d7h,38337.0,1.0,0.9996870844089807,2.6076299251610212E-5
4d6h,38342.0,1.0,0.9998174659052387,2.6076299251610212E-5
4d5h,38344.0,1.0,0.9998696185037419,2.6076299251610212E-5
4d4h,38349.0,38349.0,1.0,1.0
4d3h,14594.0,1.0,0.3805575112779994,2.6076299251610212E-5
4d2h,1.0,1.0,2.6076299251610212E-5,2.6076299251610212E-5
3d2d,38339.0,1.0,0.9997392370074839,2.6076299251610212E-5
3dAh,38349.0,38349.0,1.0,1.0
3dKh,38349.0,2.0,1.0,5.2152598503220425E-5
3dQh,38349.0,1.0,1.0,2.6076299251610212E-5
3dJh,38349.0,1.0,1.0,2.6076299251610212E-5
3dTh,1.0,1.0,2.6076299251610212E-5,2.6076299251610212E-5
3d9h,1.0,1.0,2.6076299251610212E-5,2.6076299251610212E-5
3d8h,1.0,1.0,2.6076299251610212E-5,2.6076299251610212E-5
3d7h,1.0,1.0,2.6076299251610212E-5,2.6076299251610212E-5
3d6h,1.0,1.0,2.6076299251610212E-5,2.6076299251610212E-5
3d5h,38332.0,1.0,0.9995567029127226,2.6076299251610212E-5
3d4h,14594.0,1.0,0.3805575112779994,2.6076299251610212E-5
3d3h,38349.0,38349.0,1.0,1.0
3d2h,1.0,1.0,2.6076299251610212E-5,2.6076299251610212E-5
2dAh,38349.0,38349.0,1.0,1.0
2dKh,38349.0,1.0,1.0,2.6076299251610212E-5
2dQh,38349.0,1.0,1.0,2.6076299251610212E-5
2dJh,25.0,1.0,6.519074812902553E-4,2.6076299251610212E-5
2dTh,1.0,1.0,2.6076299251610212E-5,2.6076299251610212E-5
2d9h,1.0,1.0,2.6076299251610212E-5,2.6076299251610212E-5
2d8h,1.0,1.0,2.6076299251610212E-5,2.6076299251610212E-5
2d7h,1.0,1.0,2.6076299251610212E-5,2.6076299251610212E-5
2d6h,1.0,1.0,2.6076299251610212E-5,2.6076299251610212E-5
2d5h,1.0,1.0,2.6076299251610212E-5,2.6076299251610212E-5
2d4h,1.0,1.0,2.6076299251610212E-5,2.6076299251610212E-5
2d3h,1.0,1.0,2.6076299251610212E-5,2.6076299251610212E-5
2d2h,38349.0,3.0,1.0,7.822889775483064E-5
AhKh,38349.0,38349.0,1.0,1.0
AhQh,38349.0,38349.0,1.0,1.0
AhJh,38349.0,38349.0,1.0,1.0
AhTh,38349.0,38349.0,1.0,1.0
Ah9h,38349.0,38349.0,1.0,1.0
Ah8h,38349.0,38349.0,1.0,1.0
Ah7h,38349.0,38349.0,1.0,1.0
Ah6h,38349.0,38349.0,1.0,1.0
Ah5h,38349.0,38349.0,1.0,1.0
Ah4h,38349.0,38349.0,1.0,1.0
Ah3h,38349.0,38349.0,1.0,1.0
Ah2h,38349.0,38349.0,1.0,1.0
KhQh,38349.0,38349.0,1.0,1.0
KhJh,38349.0,38349.0,1.0,1.0
KhTh,38349.0,38349.0,1.0,1.0
Kh9h,38349.0,38349.0,1.0,1.0
Kh8h,38349.0,38349.0,1.0,1.0
Kh7h,38349.0,38349.0,1.0,1.0
Kh6h,38349.0,38349.0,1.0,1.0
Kh5h,38349.0,38349.0,1.0,1.0
Kh4h,38349.0,38349.0,1.0,1.0
Kh3h,38349.0,38349.0,1.0,1.0
Kh2h,38349.0,38349.0,1.0,1.0
QhJh,38349.0,38349.0,1.0,1.0
QhTh,38349.0,38349.0,1.0,1.0
Qh9h,38349.0,38349.0,1.0,1.0
Qh8h,38349.0,38349.0,1.0,1.0
Qh7h,38349.0,38349.0,1.0,1.0
Qh6h,38349.0,38349.0,1.0,1.0
Qh5h,38349.0,38347.0,1.0,0.9999478474014968
Qh4h,38349.0,2.0,1.0,5.2152598503220425E-5
Qh3h,38349.0,1.0,1.0,2.6076299251610212E-5
Qh2h,38349.0,1.0,1.0,2.6076299251610212E-5
JhTh,38349.0,38349.0,1.0,1.0
Jh9h,38349.0,38349.0,1.0,1.0
Jh8h,38349.0,38349.0,1.0,1.0
Jh7h,38349.0,14706.0,1.0,0.3834780567941798
Jh6h,38349.0,1.0,1.0,2.6076299251610212E-5
Jh5h,38349.0,1.0,1.0,2.6076299251610212E-5
Jh4h,38349.0,1.0,1.0,2.6076299251610212E-5
Jh3h,38349.0,1.0,1.0,2.6076299251610212E-5
Jh2h,38349.0,1.0,1.0,2.6076299251610212E-5
Th9h,38349.0,38349.0,1.0,1.0
Th8h,38349.0,37798.0,1.0,0.9856319591123628
Th7h,38349.0,1.0,1.0,2.6076299251610212E-5
Th6h,38349.0,1.0,1.0,2.6076299251610212E-5
Th5h,38349.0,1.0,1.0,2.6076299251610212E-5
Th4h,38349.0,1.0,1.0,2.6076299251610212E-5
Th3h,38349.0,1.0,1.0,2.6076299251610212E-5
Th2h,38349.0,1.0,1.0,2.6076299251610212E-5
9h8h,38349.0,1.0,1.0,2.6076299251610212E-5
9h7h,38349.0,1.0,1.0,2.6076299251610212E-5
9h6h,38349.0,1.0,1.0,2.6076299251610212E-5
9h5h,38349.0,1.0,1.0,2.6076299251610212E-5
9h4h,38349.0,1.0,1.0,2.6076299251610212E-5
9h3h,38349.0,1.0,1.0,2.6076299251610212E-5
9h2h,38348.0,1.0,0.9999739237007483,2.6076299251610212E-5
8h7h,38349.0,1.0,1.0,2.6076299251610212E-5
8h6h,38349.0,1.0,1.0,2.6076299251610212E-5
8h5h,38349.0,1.0,1.0,2.6076299251610212E-5
8h4h,38348.0,1.0,0.9999739237007483,2.6076299251610212E-5
8h3h,38346.0,1.0,0.9999217711022451,2.6076299251610212E-5
8h2h,38345.0,1.0,0.9998956948029936,2.6076299251610212E-5
7h6h,38349.0,1.0,1.0,2.6076299251610212E-5
7h5h,38349.0,1.0,1.0,2.6076299251610212E-5
7h4h,38348.0,1.0,0.9999739237007483,2.6076299251610212E-5
7h3h,38346.0,1.0,0.9999217711022451,2.6076299251610212E-5
7h2h,38340.0,1.0,0.9997653133067355,2.6076299251610212E-5
6h5h,38349.0,1.0,1.0,2.6076299251610212E-5
6h4h,38348.0,1.0,0.9999739237007483,2.6076299251610212E-5
6h3h,38346.0,1.0,0.9999217711022451,2.6076299251610212E-5
6h2h,38342.0,1.0,0.9998174659052387,2.6076299251610212E-5
5h4h,38348.0,1.0,0.9999739237007483,2.6076299251610212E-5
5h3h,38347.0,1.0,0.9999478474014968,2.6076299251610212E-5
5h2h,38344.0,1.0,0.9998696185037419,2.6076299251610212E-5
4h3h,38346.0,1.0,0.9999217711022451,2.6076299251610212E-5
4h2h,38342.0,1.0,0.9998174659052387,2.6076299251610212E-5
3h2h,38339.0,1.0,0.9997392370074839,2.6076299251610212E-5
