Program Duration,5.808125355,mins

Hand,P1 - F,P2 - F,P1 - S,P2 - S
AsKs,1453.0,1453.0,0.9993122420907841,0.9993122420907841
AsQs,1453.0,1453.0,0.9993122420907841,0.9993122420907841
AsJs,1453.0,1453.0,0.9993122420907841,0.9993122420907841
AsTs,1453.0,1453.0,0.9993122420907841,0.9993122420907841
As9s,1453.0,1453.0,0.9993122420907841,0.9993122420907841
As8s,1453.0,1453.0,0.9993122420907841,0.9993122420907841
As7s,1453.0,1453.0,0.9993122420907841,0.9993122420907841
As6s,1453.0,1453.0,0.9993122420907841,0.9993122420907841
As5s,1453.0,1453.0,0.9993122420907841,0.9993122420907841
As4s,1453.0,1453.0,0.9993122420907841,0.9993122420907841
As3s,1453.0,1453.0,0.9993122420907841,0.9993122420907841
As2s,1453.0,1453.0,0.9993122420907841,0.9993122420907841
AsAc,1453.0,1453.0,0.9993122420907841,0.9993122420907841
AsKc,1453.0,1453.0,0.9993122420907841,0.9993122420907841
AsQc,1453.0,1453.0,0.9993122420907841,0.9993122420907841
AsJc,1453.0,1453.0,0.9993122420907841,0.9993122420907841
AsTc,1453.0,1453.0,0.9993122420907841,0.9993122420907841
As9c,1453.0,1453.0,0.9993122420907841,0.9993122420907841
As8c,1453.0,1453.0,0.9993122420907841,0.9993122420907841
As7c,1453.0,1453.0,0.9993122420907841,0.9993122420907841
As6c,1453.0,1453.0,0.9993122420907841,0.9993122420907841
As5c,1453.0,1453.0,0.9993122420907841,0.9993122420907841
As4c,1453.0,1453.0,0.9993122420907841,0.9993122420907841
As3c,1453.0,1453.0,0.9993122420907841,0.9993122420907841
As2c,1453.0,1453.0,0.9993122420907841,0.9993122420907841
AsAd,1453.0,1453.0,0.9993122420907841,0.9993122420907841
AsKd,1453.0,1453.0,0.9993122420907841,0.9993122420907841
AsQd,1453.0,1453.0,0.9993122420907841,0.9993122420907841
AsJd,1453.0,1453.0,0.9993122420907841,0.9993122420907841
AsTd,1453.0,1453.0,0.9993122420907841,0.9993122420907841
As9d,1453.0,1453.0,0.9993122420907841,0.9993122420907841
As8d,1453.0,1453.0,0.9993122420907841,0.9993122420907841
As7d,1453.0,1453.0,0.9993122420907841,0.9993122420907841
As6d,1453.0,1453.0,0.9993122420907841,0.9993122420907841
As5d,1453.0,1453.0,0.9993122420907841,0.9993122420907841
As4d,1453.0,1453.0,0.9993122420907841,0.9993122420907841
As3d,1453.0,1453.0,0.9993122420907841,0.9993122420907841
As2d,1453.0,1453.0,0.9993122420907841,0.9993122420907841
AsAh,1453.0,1453.0,0.9993122420907841,0.9993122420907841
AsKh,1453.0,1453.0,0.9993122420907841,0.9993122420907841
AsQh,1453.0,1453.0,0.9993122420907841,0.9993122420907841
AsJh,1453.0,1453.0,0.9993122420907841,0.9993122420907841
AsTh,1453.0,1453.0,0.9993122420907841,0.9993122420907841
As9h,1453.0,1453.0,0.9993122420907841,0.9993122420907841
As8h,1453.0,1453.0,0.9993122420907841,0.9993122420907841
As7h,1453.0,1453.0,0.9993122420907841,0.9993122420907841
As6h,1453.0,1453.0,0.9993122420907841,0.9993122420907841
As5h,1453.0,1453.0,0.9993122420907841,0.9993122420907841
As4h,1453.0,1453.0,0.9993122420907841,0.9993122420907841
As3h,1453.0,1453.0,0.9993122420907841,0.9993122420907841
As2h,1453.0,1453.0,0.9993122420907841,0.9993122420907841
KsQs,1453.0,1453.0,0.9993122420907841,0.9993122420907841
KsJs,1453.0,1453.0,0.9993122420907841,0.9993122420907841
KsTs,1453.0,1453.0,0.9993122420907841,0.9993122420907841
Ks9s,1453.0,1453.0,0.9993122420907841,0.9993122420907841
Ks8s,1453.0,1453.0,0.9993122420907841,0.9993122420907841
Ks7s,1453.0,1453.0,0.9993122420907841,0.9993122420907841
Ks6s,1453.0,1453.0,0.9993122420907841,0.9993122420907841
Ks5s,1453.0,1453.0,0.9993122420907841,0.9993122420907841
Ks4s,1453.0,1453.0,0.9993122420907841,0.9993122420907841
Ks3s,1453.0,1453.0,0.9993122420907841,0.9993122420907841
Ks2s,1453.0,1453.0,0.9993122420907841,0.9993122420907841
KsAc,1453.0,1453.0,0.9993122420907841,0.9993122420907841
KsKc,1453.0,1453.0,0.9993122420907841,0.9993122420907841
KsQc,1453.0,1453.0,0.9993122420907841,0.9993122420907841
KsJc,1453.0,1453.0,0.9993122420907841,0.9993122420907841
KsTc,1453.0,1453.0,0.9993122420907841,0.9993122420907841
Ks9c,1453.0,1453.0,0.9993122420907841,0.9993122420907841
Ks8c,1453.0,1453.0,0.9993122420907841,0.9993122420907841
Ks7c,1453.0,1453.0,0.9993122420907841,0.9993122420907841
Ks6c,1453.0,1453.0,0.9993122420907841,0.9993122420907841
Ks5c,1453.0,1418.0,0.9993122420907841,0.9752407152682255
Ks4c,1453.0,14.0,0.9993122420907841,0.009628610729023384
Ks3c,1453.0,11.0,0.9993122420907841,0.007565337001375516
Ks2c,1453.0,8.0,0.9993122420907841,0.005502063273727648
KsAd,1453.0,1453.0,0.9993122420907841,0.9993122420907841
KsKd,1453.0,1453.0,0.9993122420907841,0.9993122420907841
KsQd,1453.0,1453.0,0.9993122420907841,0.9993122420907841
KsJd,1453.0,1453.0,0.9993122420907841,0.9993122420907841
KsTd,1453.0,1453.0,0.9993122420907841,0.9993122420907841
Ks9d,1453.0,1453.0,0.9993122420907841,0.9993122420907841
Ks8d,1453.0,1453.0,0.9993122420907841,0.9993122420907841
Ks7d,1453.0,1453.0,0.9993122420907841,0.9993122420907841
Ks6d,1453.0,1453.0,0.9993122420907841,0.9993122420907841
Ks5d,1453.0,1418.0,0.9993122420907841,0.9752407152682255
Ks4d,1453.0,14.0,0.9993122420907841,0.009628610729023384
Ks3d,1453.0,11.0,0.9993122420907841,0.007565337001375516
Ks2d,1453.0,8.0,0.9993122420907841,0.005502063273727648
KsAh,1453.0,1453.0,0.9993122420907841,0.9993122420907841
KsKh,1453.0,1453.0,0.9993122420907841,0.9993122420907841
KsQh,1453.0,1453.0,0.9993122420907841,0.9993122420907841
KsJh,1453.0,1453.0,0.9993122420907841,0.9993122420907841
KsTh,1453.0,1453.0,0.9993122420907841,0.9993122420907841
Ks9h,1453.0,1453.0,0.9993122420907841,0.9993122420907841
Ks8h,1453.0,1453.0,0.9993122420907841,0.9993122420907841
Ks7h,1453.0,1453.0,0.9993122420907841,0.9993122420907841
Ks6h,1453.0,1453.0,0.9993122420907841,0.9993122420907841
Ks5h,1453.0,1418.0,0.9993122420907841,0.9752407152682255
Ks4h,1453.0,14.0,0.9993122420907841,0.009628610729023384
Ks3h,1453.0,11.0,0.9993122420907841,0.007565337001375516
Ks2h,1453.0,8.0,0.9993122420907841,0.005502063273727648
QsJs,1453.0,1453.0,0.9993122420907841,0.9993122420907841
QsTs,1453.0,1453.0,0.9993122420907841,0.9993122420907841
Qs9s,1453.0,1453.0,0.9993122420907841,0.9993122420907841
Qs8s,1453.0,1453.0,0.9993122420907841,0.9993122420907841
Qs7s,1453.0,1407.0,0.9993122420907841,0.96767537826685
Qs6s,1453.0,15.0,0.9993122420907841,0.01031636863823934
Qs5s,1453.0,11.0,0.9993122420907841,0.007565337001375516
Qs4s,1453.0,8.0,0.9993122420907841,0.005502063273727648
Qs3s,1453.0,7.0,0.9993122420907841,0.004814305364511692
Qs2s,1453.0,5.0,0.9993122420907841,0.0034387895460797797
QsAc,1453.0,1453.0,0.9993122420907841,0.9993122420907841
QsKc,1453.0,1453.0,0.9993122420907841,0.9993122420907841
QsQc,1453.0,1453.0,0.9993122420907841,0.9993122420907841
QsJc,1453.0,1453.0,0.9993122420907841,0.9993122420907841
QsTc,1453.0,1453.0,0.9993122420907841,0.9993122420907841
Qs9c,1453.0,1453.0,0.9993122420907841,0.9993122420907841
Qs8c,1453.0,15.0,0.9993122420907841,0.01031636863823934
Qs7c,1453.0,7.0,0.9993122420907841,0.004814305364511692
Qs6c,211.0,6.0,0.1451169188445667,0.0041265474552957355
Qs5c,9.0,5.0,0.006189821182943604,0.0034387895460797797
Qs4c,6.0,4.0,0.0041265474552957355,0.002751031636863824
Qs3c,5.0,3.0,0.0034387895460797797,0.0020632737276478678
Qs2c,4.0,2.0,0.002751031636863824,0.001375515818431912
QsAd,1453.0,1453.0,0.9993122420907841,0.9993122420907841
QsKd,1453.0,1453.0,0.9993122420907841,0.9993122420907841
QsQd,1453.0,1453.0,0.9993122420907841,0.9993122420907841
QsJd,1453.0,1453.0,0.9993122420907841,0.9993122420907841
QsTd,1453.0,1453.0,0.9993122420907841,0.9993122420907841
Qs9d,1453.0,1453.0,0.9993122420907841,0.9993122420907841
Qs8d,1453.0,15.0,0.9993122420907841,0.01031636863823934
Qs7d,1453.0,7.0,0.9993122420907841,0.004814305364511692
Qs6d,211.0,6.0,0.1451169188445667,0.0041265474552957355
Qs5d,9.0,5.0,0.006189821182943604,0.0034387895460797797
Qs4d,6.0,4.0,0.0041265474552957355,0.002751031636863824
Qs3d,5.0,3.0,0.0034387895460797797,0.0020632737276478678
Qs2d,4.0,2.0,0.002751031636863824,0.001375515818431912
QsAh,1453.0,1453.0,0.9993122420907841,0.9993122420907841
QsKh,1453.0,1453.0,0.9993122420907841,0.9993122420907841
QsQh,1453.0,1453.0,0.9993122420907841,0.9993122420907841
QsJh,1453.0,1453.0,0.9993122420907841,0.9993122420907841
QsTh,1453.0,1453.0,0.9993122420907841,0.9993122420907841
Qs9h,1453.0,1453.0,0.9993122420907841,0.9993122420907841
Qs8h,1453.0,15.0,0.9993122420907841,0.01031636863823934
Qs7h,1453.0,7.0,0.9993122420907841,0.004814305364511692
Qs6h,211.0,6.0,0.1451169188445667,0.0041265474552957355
Qs5h,9.0,5.0,0.006189821182943604,0.0034387895460797797
Qs4h,6.0,4.0,0.0041265474552957355,0.002751031636863824
Qs3h,5.0,3.0,0.0034387895460797797,0.0020632737276478678
Qs2h,4.0,2.0,0.002751031636863824,0.001375515818431912
JsTs,1453.0,1453.0,0.9993122420907841,0.9993122420907841
Js9s,1453.0,1453.0,0.9993122420907841,0.9993122420907841
Js8s,1453.0,1363.0,0.9993122420907841,0.937414030261348
Js7s,1453.0,8.0,0.9993122420907841,0.005502063273727648
Js6s,1453.0,5.0,0.9993122420907841,0.0034387895460797797
Js5s,1452.0,4.0,0.9986244841815681,0.002751031636863824
Js4s,1433.0,4.0,0.9855570839064649,0.002751031636863824
Js3s,1414.0,3.0,0.9724896836313618,0.0020632737276478678
Js2s,4.0,2.0,0.002751031636863824,0.001375515818431912
JsAc,1453.0,1453.0,0.9993122420907841,0.9993122420907841
JsKc,1453.0,1453.0,0.9993122420907841,0.9993122420907841
JsQc,1453.0,1453.0,0.9993122420907841,0.9993122420907841
JsJc,1453.0,1453.0,0.9993122420907841,0.9993122420907841
JsTc,1453.0,1453.0,0.9993122420907841,0.9993122420907841
Js9c,1453.0,11.0,0.9993122420907841,0.007565337001375516
Js8c,1453.0,6.0,0.9993122420907841,0.0041265474552957355
Js7c,5.0,4.0,0.0034387895460797797,0.002751031636863824
Js6c,3.0,2.0,0.0020632737276478678,0.001375515818431912
Js5c,3.0,2.0,0.0020632737276478678,0.001375515818431912
Js4c,2.0,2.0,0.001375515818431912,0.001375515818431912
Js3c,2.0,1.0,0.001375515818431912,6.87757909215956E-4
Js2c,2.0,0.0,0.001375515818431912,0.0
JsAd,1453.0,1453.0,0.9993122420907841,0.9993122420907841
JsKd,1453.0,1453.0,0.9993122420907841,0.9993122420907841
JsQd,1453.0,1453.0,0.9993122420907841,0.9993122420907841
JsJd,1453.0,1453.0,0.9993122420907841,0.9993122420907841
JsTd,1453.0,1453.0,0.9993122420907841,0.9993122420907841
Js9d,1453.0,11.0,0.9993122420907841,0.007565337001375516
Js8d,1453.0,6.0,0.9993122420907841,0.0041265474552957355
Js7d,5.0,4.0,0.0034387895460797797,0.002751031636863824
Js6d,3.0,2.0,0.0020632737276478678,0.001375515818431912
Js5d,3.0,2.0,0.0020632737276478678,0.001375515818431912
Js4d,2.0,2.0,0.001375515818431912,0.001375515818431912
Js3d,2.0,1.0,0.001375515818431912,6.87757909215956E-4
Js2d,2.0,0.0,0.001375515818431912,0.0
JsAh,1453.0,1453.0,0.9993122420907841,0.9993122420907841
JsKh,1453.0,1453.0,0.9993122420907841,0.9993122420907841
JsQh,1453.0,1453.0,0.9993122420907841,0.9993122420907841
JsJh,1453.0,1453.0,0.9993122420907841,0.9993122420907841
JsTh,1453.0,1453.0,0.9993122420907841,0.9993122420907841
Js9h,1453.0,11.0,0.9993122420907841,0.007565337001375516
Js8h,1453.0,6.0,0.9993122420907841,0.0041265474552957355
Js7h,5.0,4.0,0.0034387895460797797,0.002751031636863824
Js6h,3.0,2.0,0.0020632737276478678,0.001375515818431912
Js5h,3.0,2.0,0.0020632737276478678,0.001375515818431912
Js4h,2.0,2.0,0.001375515818431912,0.001375515818431912
Js3h,2.0,1.0,0.001375515818431912,6.87757909215956E-4
Js2h,2.0,0.0,0.001375515818431912,0.0
Ts9s,1453.0,1453.0,0.9993122420907841,0.9993122420907841
Ts8s,1453.0,9.0,0.9993122420907841,0.006189821182943604
Ts7s,1453.0,5.0,0.9993122420907841,0.0034387895460797797
Ts6s,1444.0,3.0,0.9931224209078404,0.0020632737276478678
Ts5s,1414.0,2.0,0.9724896836313618,0.001375515818431912
Ts4s,1401.0,2.0,0.9635488308115543,0.001375515818431912
Ts3s,2.0,1.0,0.001375515818431912,6.87757909215956E-4
Ts2s,2.0,0.0,0.001375515818431912,0.0
TsAc,1453.0,1453.0,0.9993122420907841,0.9993122420907841
TsKc,1453.0,1453.0,0.9993122420907841,0.9993122420907841
TsQc,1453.0,1453.0,0.9993122420907841,0.9993122420907841
TsJc,1453.0,1453.0,0.9993122420907841,0.9993122420907841
TsTc,1453.0,1453.0,0.9993122420907841,0.9993122420907841
Ts9c,1453.0,7.0,0.9993122420907841,0.004814305364511692
Ts8c,1442.0,4.0,0.9917469050894085,0.002751031636863824
Ts7c,37.0,3.0,0.02544704264099037,0.0020632737276478678
Ts6c,2.0,2.0,0.001375515818431912,0.001375515818431912
Ts5c,2.0,0.0,0.001375515818431912,0.0
Ts4c,2.0,0.0,0.001375515818431912,0.0
Ts3c,2.0,0.0,0.001375515818431912,0.0
Ts2c,2.0,0.0,0.001375515818431912,0.0
TsAd,1453.0,1453.0,0.9993122420907841,0.9993122420907841
TsKd,1453.0,1453.0,0.9993122420907841,0.9993122420907841
TsQd,1453.0,1453.0,0.9993122420907841,0.9993122420907841
TsJd,1453.0,1453.0,0.9993122420907841,0.9993122420907841
TsTd,1453.0,1453.0,0.9993122420907841,0.9993122420907841
Ts9d,1453.0,7.0,0.9993122420907841,0.004814305364511692
Ts8d,1442.0,4.0,0.9917469050894085,0.002751031636863824
Ts7d,37.0,3.0,0.02544704264099037,0.0020632737276478678
Ts6d,2.0,2.0,0.001375515818431912,0.001375515818431912
Ts5d,2.0,0.0,0.001375515818431912,0.0
Ts4d,2.0,0.0,0.001375515818431912,0.0
Ts3d,2.0,0.0,0.001375515818431912,0.0
Ts2d,2.0,0.0,0.001375515818431912,0.0
TsAh,1453.0,1453.0,0.9993122420907841,0.9993122420907841
TsKh,1453.0,1453.0,0.9993122420907841,0.9993122420907841
TsQh,1453.0,1453.0,0.9993122420907841,0.9993122420907841
TsJh,1453.0,1453.0,0.9993122420907841,0.9993122420907841
TsTh,1453.0,1453.0,0.9993122420907841,0.9993122420907841
Ts9h,1453.0,7.0,0.9993122420907841,0.004814305364511692
Ts8h,1442.0,4.0,0.9917469050894085,0.002751031636863824
Ts7h,37.0,3.0,0.02544704264099037,0.0020632737276478678
Ts6h,2.0,2.0,0.001375515818431912,0.001375515818431912
Ts5h,2.0,0.0,0.001375515818431912,0.0
Ts4h,2.0,0.0,0.001375515818431912,0.0
Ts3h,2.0,0.0,0.001375515818431912,0.0
Ts2h,2.0,0.0,0.001375515818431912,0.0
9s8s,1453.0,7.0,0.9993122420907841,0.004814305364511692
9s7s,1453.0,4.0,0.9993122420907841,0.002751031636863824
9s6s,1444.0,2.0,0.9931224209078404,0.001375515818431912
9s5s,1422.0,1.0,0.9779917469050894,6.87757909215956E-4
9s4s,2.0,0.0,0.001375515818431912,0.0
9s3s,2.0,0.0,0.001375515818431912,0.0
9s2s,2.0,0.0,0.001375515818431912,0.0
9sAc,1453.0,1453.0,0.9993122420907841,0.9993122420907841
9sKc,1453.0,1453.0,0.9993122420907841,0.9993122420907841
9sQc,1453.0,1453.0,0.9993122420907841,0.9993122420907841
9sJc,1453.0,11.0,0.9993122420907841,0.007565337001375516
9sTc,1453.0,7.0,0.9993122420907841,0.004814305364511692
9s9c,1453.0,1453.0,0.9993122420907841,0.9993122420907841
9s8c,1439.0,3.0,0.9896836313617606,0.0020632737276478678
9s7c,1404.0,2.0,0.9656121045392022,0.001375515818431912
9s6c,2.0,0.0,0.001375515818431912,0.0
9s5c,2.0,0.0,0.001375515818431912,0.0
9s4c,2.0,0.0,0.001375515818431912,0.0
9s3c,2.0,0.0,0.001375515818431912,0.0
9s2c,1.0,0.0,6.87757909215956E-4,0.0
9sAd,1453.0,1453.0,0.9993122420907841,0.9993122420907841
9sKd,1453.0,1453.0,0.9993122420907841,0.9993122420907841
9sQd,1453.0,1453.0,0.9993122420907841,0.9993122420907841
9sJd,1453.0,11.0,0.9993122420907841,0.007565337001375516
9sTd,1453.0,7.0,0.9993122420907841,0.004814305364511692
9s9d,1453.0,1453.0,0.9993122420907841,0.9993122420907841
9s8d,1439.0,3.0,0.9896836313617606,0.0020632737276478678
9s7d,1404.0,2.0,0.9656121045392022,0.001375515818431912
9s6d,2.0,0.0,0.001375515818431912,0.0
9s5d,2.0,0.0,0.001375515818431912,0.0
9s4d,2.0,0.0,0.001375515818431912,0.0
9s3d,2.0,0.0,0.001375515818431912,0.0
9s2d,1.0,0.0,6.87757909215956E-4,0.0
9sAh,1453.0,1453.0,0.9993122420907841,0.9993122420907841
9sKh,1453.0,1453.0,0.9993122420907841,0.9993122420907841
9sQh,1453.0,1453.0,0.9993122420907841,0.9993122420907841
9sJh,1453.0,11.0,0.9993122420907841,0.007565337001375516
9sTh,1453.0,7.0,0.9993122420907841,0.004814305364511692
9s9h,1453.0,1453.0,0.9993122420907841,0.9993122420907841
9s8h,1439.0,3.0,0.9896836313617606,0.0020632737276478678
9s7h,1404.0,2.0,0.9656121045392022,0.001375515818431912
9s6h,2.0,0.0,0.001375515818431912,0.0
9s5h,2.0,0.0,0.001375515818431912,0.0
9s4h,2.0,0.0,0.001375515818431912,0.0
9s3h,2.0,0.0,0.001375515818431912,0.0
9s2h,1.0,0.0,6.87757909215956E-4,0.0
8s7s,1453.0,3.0,0.9993122420907841,0.0020632737276478678
8s6s,1449.0,2.0,0.9965612104539202,0.001375515818431912
8s5s,1433.0,0.0,0.9855570839064649,0.0
8s4s,1353.0,0.0,0.9305364511691885,0.0
8s3s,2.0,0.0,0.001375515818431912,0.0
8s2s,2.0,0.0,0.001375515818431912,0.0
8sAc,1453.0,1453.0,0.9993122420907841,0.9993122420907841
8sKc,1453.0,1453.0,0.9993122420907841,0.9993122420907841
8sQc,1453.0,15.0,0.9993122420907841,0.01031636863823934
8sJc,1453.0,6.0,0.9993122420907841,0.0041265474552957355
8sTc,1442.0,4.0,0.9917469050894085,0.002751031636863824
8s9c,1439.0,3.0,0.9896836313617606,0.0020632737276478678
8s8c,1453.0,1453.0,0.9993122420907841,0.9993122420907841
8s7c,1422.0,1.0,0.9779917469050894,6.87757909215956E-4
8s6c,2.0,0.0,0.001375515818431912,0.0
8s5c,2.0,0.0,0.001375515818431912,0.0
8s4c,2.0,0.0,0.001375515818431912,0.0
8s3c,1.0,0.0,6.87757909215956E-4,0.0
8s2c,1.0,0.0,6.87757909215956E-4,0.0
8sAd,1453.0,1453.0,0.9993122420907841,0.9993122420907841
8sKd,1453.0,1453.0,0.9993122420907841,0.9993122420907841
8sQd,1453.0,15.0,0.9993122420907841,0.01031636863823934
8sJd,1453.0,6.0,0.9993122420907841,0.0041265474552957355
8sTd,1442.0,4.0,0.9917469050894085,0.002751031636863824
8s9d,1439.0,3.0,0.9896836313617606,0.0020632737276478678
8s8d,1453.0,1453.0,0.9993122420907841,0.9993122420907841
8s7d,1422.0,1.0,0.9779917469050894,6.87757909215956E-4
8s6d,2.0,0.0,0.001375515818431912,0.0
8s5d,2.0,0.0,0.001375515818431912,0.0
8s4d,2.0,0.0,0.001375515818431912,0.0
8s3d,1.0,0.0,6.87757909215956E-4,0.0
8s2d,1.0,0.0,6.87757909215956E-4,0.0
8sAh,1453.0,1453.0,0.9993122420907841,0.9993122420907841
8sKh,1453.0,1453.0,0.9993122420907841,0.9993122420907841
8sQh,1453.0,15.0,0.9993122420907841,0.01031636863823934
8sJh,1453.0,6.0,0.9993122420907841,0.0041265474552957355
8sTh,1442.0,4.0,0.9917469050894085,0.002751031636863824
8s9h,1439.0,3.0,0.9896836313617606,0.0020632737276478678
8s8h,1453.0,1453.0,0.9993122420907841,0.9993122420907841
8s7h,1422.0,1.0,0.9779917469050894,6.87757909215956E-4
8s6h,2.0,0.0,0.001375515818431912,0.0
8s5h,2.0,0.0,0.001375515818431912,0.0
8s4h,2.0,0.0,0.001375515818431912,0.0
8s3h,1.0,0.0,6.87757909215956E-4,0.0
8s2h,1.0,0.0,6.87757909215956E-4,0.0
7s6s,1453.0,1.0,0.9993122420907841,6.87757909215956E-4
7s5s,1440.0,0.0,0.9903713892709766,0.0
7s4s,1412.0,0.0,0.9711141678129298,0.0
7s3s,2.0,0.0,0.001375515818431912,0.0
7s2s,2.0,0.0,0.001375515818431912,0.0
7sAc,1453.0,1453.0,0.9993122420907841,0.9993122420907841
7sKc,1453.0,1453.0,0.9993122420907841,0.9993122420907841
7sQc,1453.0,7.0,0.9993122420907841,0.004814305364511692
7sJc,5.0,4.0,0.0034387895460797797,0.002751031636863824
7sTc,37.0,3.0,0.02544704264099037,0.0020632737276478678
7s9c,1404.0,2.0,0.9656121045392022,0.001375515818431912
7s8c,1422.0,1.0,0.9779917469050894,6.87757909215956E-4
7s7c,1453.0,1453.0,0.9993122420907841,0.9993122420907841
7s6c,1397.0,0.0,0.9607977991746905,0.0
7s5c,2.0,0.0,0.001375515818431912,0.0
7s4c,2.0,0.0,0.001375515818431912,0.0
7s3c,1.0,0.0,6.87757909215956E-4,0.0
7s2c,1.0,0.0,6.87757909215956E-4,0.0
7sAd,1453.0,1453.0,0.9993122420907841,0.9993122420907841
7sKd,1453.0,1453.0,0.9993122420907841,0.9993122420907841
7sQd,1453.0,7.0,0.9993122420907841,0.004814305364511692
7sJd,5.0,4.0,0.0034387895460797797,0.002751031636863824
7sTd,37.0,3.0,0.02544704264099037,0.0020632737276478678
7s9d,1404.0,2.0,0.9656121045392022,0.001375515818431912
7s8d,1422.0,1.0,0.9779917469050894,6.87757909215956E-4
7s7d,1453.0,1453.0,0.9993122420907841,0.9993122420907841
7s6d,1397.0,0.0,0.9607977991746905,0.0
7s5d,2.0,0.0,0.001375515818431912,0.0
7s4d,2.0,0.0,0.001375515818431912,0.0
7s3d,1.0,0.0,6.87757909215956E-4,0.0
7s2d,1.0,0.0,6.87757909215956E-4,0.0
7sAh,1453.0,1453.0,0.9993122420907841,0.9993122420907841
7sKh,1453.0,1453.0,0.9993122420907841,0.9993122420907841
7sQh,1453.0,7.0,0.9993122420907841,0.004814305364511692
7sJh,5.0,4.0,0.0034387895460797797,0.002751031636863824
7sTh,37.0,3.0,0.02544704264099037,0.0020632737276478678
7s9h,1404.0,2.0,0.9656121045392022,0.001375515818431912
7s8h,1422.0,1.0,0.9779917469050894,6.87757909215956E-4
7s7h,1453.0,1453.0,0.9993122420907841,0.9993122420907841
7s6h,1397.0,0.0,0.9607977991746905,0.0
7s5h,2.0,0.0,0.001375515818431912,0.0
7s4h,2.0,0.0,0.001375515818431912,0.0
7s3h,1.0,0.0,6.87757909215956E-4,0.0
7s2h,1.0,0.0,6.87757909215956E-4,0.0
6s5s,1446.0,0.0,0.9944979367262724,0.0
6s4s,1428.0,0.0,0.9821182943603851,0.0
6s3s,2.0,0.0,0.001375515818431912,0.0
6s2s,2.0,0.0,0.001375515818431912,0.0
6sAc,1453.0,1453.0,0.9993122420907841,0.9993122420907841
6sKc,1453.0,1453.0,0.9993122420907841,0.9993122420907841
6sQc,211.0,6.0,0.1451169188445667,0.0041265474552957355
6sJc,3.0,2.0,0.0020632737276478678,0.001375515818431912
6sTc,2.0,2.0,0.001375515818431912,0.001375515818431912
6s9c,2.0,0.0,0.001375515818431912,0.0
6s8c,2.0,0.0,0.001375515818431912,0.0
6s7c,1397.0,0.0,0.9607977991746905,0.0
6s6c,1453.0,1453.0,0.9993122420907841,0.9993122420907841
6s5c,2.0,0.0,0.001375515818431912,0.0
6s4c,2.0,0.0,0.001375515818431912,0.0
6s3c,1.0,0.0,6.87757909215956E-4,0.0
6s2c,1.0,0.0,6.87757909215956E-4,0.0
6sAd,1453.0,1453.0,0.9993122420907841,0.9993122420907841
6sKd,1453.0,1453.0,0.9993122420907841,0.9993122420907841
6sQd,211.0,6.0,0.1451169188445667,0.0041265474552957355
6sJd,3.0,2.0,0.0020632737276478678,0.001375515818431912
6sTd,2.0,2.0,0.001375515818431912,0.001375515818431912
6s9d,2.0,0.0,0.001375515818431912,0.0
6s8d,2.0,0.0,0.001375515818431912,0.0
6s7d,1397.0,0.0,0.9607977991746905,0.0
6s6d,1453.0,1453.0,0.9993122420907841,0.9993122420907841
6s5d,2.0,0.0,0.001375515818431912,0.0
6s4d,2.0,0.0,0.001375515818431912,0.0
6s3d,1.0,0.0,6.87757909215956E-4,0.0
6s2d,1.0,0.0,6.87757909215956E-4,0.0
6sAh,1453.0,1453.0,0.9993122420907841,0.9993122420907841
6sKh,1453.0,1453.0,0.9993122420907841,0.9993122420907841
6sQh,211.0,6.0,0.1451169188445667,0.0041265474552957355
6sJh,3.0,2.0,0.0020632737276478678,0.001375515818431912
6sTh,2.0,2.0,0.001375515818431912,0.001375515818431912
6s9h,2.0,0.0,0.001375515818431912,0.0
6s8h,2.0,0.0,0.001375515818431912,0.0
6s7h,1397.0,0.0,0.9607977991746905,0.0
6s6h,1453.0,1453.0,0.9993122420907841,0.9993122420907841
6s5h,2.0,0.0,0.001375515818431912,0.0
6s4h,2.0,0.0,0.001375515818431912,0.0
6s3h,1.0,0.0,6.87757909215956E-4,0.0
6s2h,1.0,0.0,6.87757909215956E-4,0.0
5s4s,1439.0,0.0,0.9896836313617606,0.0
5s3s,1410.0,0.0,0.9697386519944979,0.0
5s2s,2.0,0.0,0.001375515818431912,0.0
5sAc,1453.0,1453.0,0.9993122420907841,0.9993122420907841
5sKc,1453.0,1418.0,0.9993122420907841,0.9752407152682255
5sQc,9.0,5.0,0.006189821182943604,0.0034387895460797797
5sJc,3.0,2.0,0.0020632737276478678,0.001375515818431912
5sTc,2.0,0.0,0.001375515818431912,0.0
5s9c,2.0,0.0,0.001375515818431912,0.0
5s8c,2.0,0.0,0.001375515818431912,0.0
5s7c,2.0,0.0,0.001375515818431912,0.0
5s6c,2.0,0.0,0.001375515818431912,0.0
5s5c,1453.0,1453.0,0.9993122420907841,0.9993122420907841
5s4c,2.0,0.0,0.001375515818431912,0.0
5s3c,2.0,0.0,0.001375515818431912,0.0
5s2c,1.0,0.0,6.87757909215956E-4,0.0
5sAd,1453.0,1453.0,0.9993122420907841,0.9993122420907841
5sKd,1453.0,1418.0,0.9993122420907841,0.9752407152682255
5sQd,9.0,5.0,0.006189821182943604,0.0034387895460797797
5sJd,3.0,2.0,0.0020632737276478678,0.001375515818431912
5sTd,2.0,0.0,0.001375515818431912,0.0
5s9d,2.0,0.0,0.001375515818431912,0.0
5s8d,2.0,0.0,0.001375515818431912,0.0
5s7d,2.0,0.0,0.001375515818431912,0.0
5s6d,2.0,0.0,0.001375515818431912,0.0
5s5d,1453.0,1453.0,0.9993122420907841,0.9993122420907841
5s4d,2.0,0.0,0.001375515818431912,0.0
5s3d,2.0,0.0,0.001375515818431912,0.0
5s2d,1.0,0.0,6.87757909215956E-4,0.0
5sAh,1453.0,1453.0,0.9993122420907841,0.9993122420907841
5sKh,1453.0,1418.0,0.9993122420907841,0.9752407152682255
5sQh,9.0,5.0,0.006189821182943604,0.0034387895460797797
5sJh,3.0,2.0,0.0020632737276478678,0.001375515818431912
5sTh,2.0,0.0,0.001375515818431912,0.0
5s9h,2.0,0.0,0.001375515818431912,0.0
5s8h,2.0,0.0,0.001375515818431912,0.0
5s7h,2.0,0.0,0.001375515818431912,0.0
5s6h,2.0,0.0,0.001375515818431912,0.0
5s5h,1453.0,1453.0,0.9993122420907841,0.9993122420907841
5s4h,2.0,0.0,0.001375515818431912,0.0
5s3h,2.0,0.0,0.001375515818431912,0.0
5s2h,1.0,0.0,6.87757909215956E-4,0.0
4s3s,1258.0,0.0,0.8651994497936726,0.0
4s2s,2.0,0.0,0.001375515818431912,0.0
4sAc,1453.0,1453.0,0.9993122420907841,0.9993122420907841
4sKc,1453.0,14.0,0.9993122420907841,0.009628610729023384
4sQc,6.0,4.0,0.0041265474552957355,0.002751031636863824
4sJc,2.0,2.0,0.001375515818431912,0.001375515818431912
4sTc,2.0,0.0,0.001375515818431912,0.0
4s9c,2.0,0.0,0.001375515818431912,0.0
4s8c,2.0,0.0,0.001375515818431912,0.0
4s7c,2.0,0.0,0.001375515818431912,0.0
4s6c,2.0,0.0,0.001375515818431912,0.0
4s5c,2.0,0.0,0.001375515818431912,0.0
4s4c,1453.0,1453.0,0.9993122420907841,0.9993122420907841
4s3c,2.0,0.0,0.001375515818431912,0.0
4s2c,1.0,0.0,6.87757909215956E-4,0.0
4sAd,1453.0,1453.0,0.9993122420907841,0.9993122420907841
4sKd,1453.0,14.0,0.9993122420907841,0.009628610729023384
4sQd,6.0,4.0,0.0041265474552957355,0.002751031636863824
4sJd,2.0,2.0,0.001375515818431912,0.001375515818431912
4sTd,2.0,0.0,0.001375515818431912,0.0
4s9d,2.0,0.0,0.001375515818431912,0.0
4s8d,2.0,0.0,0.001375515818431912,0.0
4s7d,2.0,0.0,0.001375515818431912,0.0
4s6d,2.0,0.0,0.001375515818431912,0.0
4s5d,2.0,0.0,0.001375515818431912,0.0
4s4d,1453.0,1453.0,0.9993122420907841,0.9993122420907841
4s3d,2.0,0.0,0.001375515818431912,0.0
4s2d,1.0,0.0,6.87757909215956E-4,0.0
4sAh,1453.0,1453.0,0.9993122420907841,0.9993122420907841
4sKh,1453.0,14.0,0.9993122420907841,0.009628610729023384
4sQh,6.0,4.0,0.0041265474552957355,0.002751031636863824
4sJh,2.0,2.0,0.001375515818431912,0.001375515818431912
4sTh,2.0,0.0,0.001375515818431912,0.0
4s9h,2.0,0.0,0.001375515818431912,0.0
4s8h,2.0,0.0,0.001375515818431912,0.0
4s7h,2.0,0.0,0.001375515818431912,0.0
4s6h,2.0,0.0,0.001375515818431912,0.0
4s5h,2.0,0.0,0.001375515818431912,0.0
4s4h,1453.0,1453.0,0.9993122420907841,0.9993122420907841
4s3h,2.0,0.0,0.001375515818431912,0.0
4s2h,1.0,0.0,6.87757909215956E-4,0.0
3s2s,2.0,0.0,0.001375515818431912,0.0
3sAc,1453.0,1453.0,0.9993122420907841,0.9993122420907841
3sKc,1453.0,11.0,0.9993122420907841,0.007565337001375516
3sQc,5.0,3.0,0.0034387895460797797,0.0020632737276478678
3sJc,2.0,1.0,0.001375515818431912,6.87757909215956E-4
3sTc,2.0,0.0,0.001375515818431912,0.0
3s9c,2.0,0.0,0.001375515818431912,0.0
3s8c,1.0,0.0,6.87757909215956E-4,0.0
3s7c,1.0,0.0,6.87757909215956E-4,0.0
3s6c,1.0,0.0,6.87757909215956E-4,0.0
3s5c,2.0,0.0,0.001375515818431912,0.0
3s4c,2.0,0.0,0.001375515818431912,0.0
3s3c,1453.0,1453.0,0.9993122420907841,0.9993122420907841
3s2c,1.0,0.0,6.87757909215956E-4,0.0
3sAd,1453.0,1453.0,0.9993122420907841,0.9993122420907841
3sKd,1453.0,11.0,0.9993122420907841,0.007565337001375516
3sQd,5.0,3.0,0.0034387895460797797,0.0020632737276478678
3sJd,2.0,1.0,0.001375515818431912,6.87757909215956E-4
3sTd,2.0,0.0,0.001375515818431912,0.0
3s9d,2.0,0.0,0.001375515818431912,0.0
3s8d,1.0,0.0,6.87757909215956E-4,0.0
3s7d,1.0,0.0,6.87757909215956E-4,0.0
3s6d,1.0,0.0,6.87757909215956E-4,0.0
3s5d,2.0,0.0,0.001375515818431912,0.0
3s4d,2.0,0.0,0.001375515818431912,0.0
3s3d,1453.0,1453.0,0.9993122420907841,0.9993122420907841
3s2d,1.0,0.0,6.87757909215956E-4,0.0
3sAh,1453.0,1453.0,0.9993122420907841,0.9993122420907841
3sKh,1453.0,11.0,0.9993122420907841,0.007565337001375516
3sQh,5.0,3.0,0.0034387895460797797,0.0020632737276478678
3sJh,2.0,1.0,0.001375515818431912,6.87757909215956E-4
3sTh,2.0,0.0,0.001375515818431912,0.0
3s9h,2.0,0.0,0.001375515818431912,0.0
3s8h,1.0,0.0,6.87757909215956E-4,0.0
3s7h,1.0,0.0,6.87757909215956E-4,0.0
3s6h,1.0,0.0,6.87757909215956E-4,0.0
3s5h,2.0,0.0,0.001375515818431912,0.0
3s4h,2.0,0.0,0.001375515818431912,0.0
3s3h,1453.0,1453.0,0.9993122420907841,0.9993122420907841
3s2h,1.0,0.0,6.87757909215956E-4,0.0
2sAc,1453.0,1453.0,0.9993122420907841,0.9993122420907841
2sKc,1453.0,8.0,0.9993122420907841,0.005502063273727648
2sQc,4.0,2.0,0.002751031636863824,0.001375515818431912
2sJc,2.0,0.0,0.001375515818431912,0.0
2sTc,2.0,0.0,0.001375515818431912,0.0
2s9c,1.0,0.0,6.87757909215956E-4,0.0
2s8c,1.0,0.0,6.87757909215956E-4,0.0
2s7c,1.0,0.0,6.87757909215956E-4,0.0
2s6c,1.0,0.0,6.87757909215956E-4,0.0
2s5c,1.0,0.0,6.87757909215956E-4,0.0
2s4c,1.0,0.0,6.87757909215956E-4,0.0
2s3c,1.0,0.0,6.87757909215956E-4,0.0
2s2c,1453.0,1453.0,0.9993122420907841,0.9993122420907841
2sAd,1453.0,1453.0,0.9993122420907841,0.9993122420907841
2sKd,1453.0,8.0,0.9993122420907841,0.005502063273727648
2sQd,4.0,2.0,0.002751031636863824,0.001375515818431912
2sJd,2.0,0.0,0.001375515818431912,0.0
2sTd,2.0,0.0,0.001375515818431912,0.0
2s9d,1.0,0.0,6.87757909215956E-4,0.0
2s8d,1.0,0.0,6.87757909215956E-4,0.0
2s7d,1.0,0.0,6.87757909215956E-4,0.0
2s6d,1.0,0.0,6.87757909215956E-4,0.0
2s5d,1.0,0.0,6.87757909215956E-4,0.0
2s4d,1.0,0.0,6.87757909215956E-4,0.0
2s3d,1.0,0.0,6.87757909215956E-4,0.0
2s2d,1453.0,1453.0,0.9993122420907841,0.9993122420907841
2sAh,1453.0,1453.0,0.9993122420907841,0.9993122420907841
2sKh,1453.0,8.0,0.9993122420907841,0.005502063273727648
2sQh,4.0,2.0,0.002751031636863824,0.001375515818431912
2sJh,2.0,0.0,0.001375515818431912,0.0
2sTh,2.0,0.0,0.001375515818431912,0.0
2s9h,1.0,0.0,6.87757909215956E-4,0.0
2s8h,1.0,0.0,6.87757909215956E-4,0.0
2s7h,1.0,0.0,6.87757909215956E-4,0.0
2s6h,1.0,0.0,6.87757909215956E-4,0.0
2s5h,1.0,0.0,6.87757909215956E-4,0.0
2s4h,1.0,0.0,6.87757909215956E-4,0.0
2s3h,1.0,0.0,6.87757909215956E-4,0.0
2s2h,1453.0,1453.0,0.9993122420907841,0.9993122420907841
AcKc,1453.0,1453.0,0.9993122420907841,0.9993122420907841
AcQc,1453.0,1453.0,0.9993122420907841,0.9993122420907841
AcJc,1453.0,1453.0,0.9993122420907841,0.9993122420907841
AcTc,1453.0,1453.0,0.9993122420907841,0.9993122420907841
Ac9c,1453.0,1453.0,0.9993122420907841,0.9993122420907841
Ac8c,1453.0,1453.0,0.9993122420907841,0.9993122420907841
Ac7c,1453.0,1453.0,0.9993122420907841,0.9993122420907841
Ac6c,1453.0,1453.0,0.9993122420907841,0.9993122420907841
Ac5c,1453.0,1453.0,0.9993122420907841,0.9993122420907841
Ac4c,1453.0,1453.0,0.9993122420907841,0.9993122420907841
Ac3c,1453.0,1453.0,0.9993122420907841,0.9993122420907841
Ac2c,1453.0,1453.0,0.9993122420907841,0.9993122420907841
AcAd,1453.0,1453.0,0.9993122420907841,0.9993122420907841
AcKd,1453.0,1453.0,0.9993122420907841,0.9993122420907841
AcQd,1453.0,1453.0,0.9993122420907841,0.9993122420907841
AcJd,1453.0,1453.0,0.9993122420907841,0.9993122420907841
AcTd,1453.0,1453.0,0.9993122420907841,0.9993122420907841
Ac9d,1453.0,1453.0,0.9993122420907841,0.9993122420907841
Ac8d,1453.0,1453.0,0.9993122420907841,0.9993122420907841
Ac7d,1453.0,1453.0,0.9993122420907841,0.9993122420907841
Ac6d,1453.0,1453.0,0.9993122420907841,0.9993122420907841
Ac5d,1453.0,1453.0,0.9993122420907841,0.9993122420907841
Ac4d,1453.0,1453.0,0.9993122420907841,0.9993122420907841
Ac3d,1453.0,1453.0,0.9993122420907841,0.9993122420907841
Ac2d,1453.0,1453.0,0.9993122420907841,0.9993122420907841
AcAh,1453.0,1453.0,0.9993122420907841,0.9993122420907841
AcKh,1453.0,1453.0,0.9993122420907841,0.9993122420907841
AcQh,1453.0,1453.0,0.9993122420907841,0.9993122420907841
AcJh,1453.0,1453.0,0.9993122420907841,0.9993122420907841
AcTh,1453.0,1453.0,0.9993122420907841,0.9993122420907841
Ac9h,1453.0,1453.0,0.9993122420907841,0.9993122420907841
Ac8h,1453.0,1453.0,0.9993122420907841,0.9993122420907841
Ac7h,1453.0,1453.0,0.9993122420907841,0.9993122420907841
Ac6h,1453.0,1453.0,0.9993122420907841,0.9993122420907841
Ac5h,1453.0,1453.0,0.9993122420907841,0.9993122420907841
Ac4h,1453.0,1453.0,0.9993122420907841,0.9993122420907841
Ac3h,1453.0,1453.0,0.9993122420907841,0.9993122420907841
Ac2h,1453.0,1453.0,0.9993122420907841,0.9993122420907841
KcQc,1453.0,1453.0,0.9993122420907841,0.9993122420907841
KcJc,1453.0,1453.0,0.9993122420907841,0.9993122420907841
KcTc,1453.0,1453.0,0.9993122420907841,0.9993122420907841
Kc9c,1453.0,1453.0,0.9993122420907841,0.9993122420907841
Kc8c,1453.0,1453.0,0.9993122420907841,0.9993122420907841
Kc7c,1453.0,1453.0,0.9993122420907841,0.9993122420907841
Kc6c,1453.0,1453.0,0.9993122420907841,0.9993122420907841
Kc5c,1453.0,1453.0,0.9993122420907841,0.9993122420907841
Kc4c,1453.0,1453.0,0.9993122420907841,0.9993122420907841
Kc3c,1453.0,1453.0,0.9993122420907841,0.9993122420907841
Kc2c,1453.0,1453.0,0.9993122420907841,0.9993122420907841
KcAd,1453.0,1453.0,0.9993122420907841,0.9993122420907841
KcKd,1453.0,1453.0,0.9993122420907841,0.9993122420907841
KcQd,1453.0,1453.0,0.9993122420907841,0.9993122420907841
KcJd,1453.0,1453.0,0.9993122420907841,0.9993122420907841
KcTd,1453.0,1453.0,0.9993122420907841,0.9993122420907841
Kc9d,1453.0,1453.0,0.9993122420907841,0.9993122420907841
Kc8d,1453.0,1453.0,0.9993122420907841,0.9993122420907841
Kc7d,1453.0,1453.0,0.9993122420907841,0.9993122420907841
Kc6d,1453.0,1453.0,0.9993122420907841,0.9993122420907841
Kc5d,1453.0,1418.0,0.9993122420907841,0.9752407152682255
Kc4d,1453.0,14.0,0.9993122420907841,0.009628610729023384
Kc3d,1453.0,11.0,0.9993122420907841,0.007565337001375516
Kc2d,1453.0,8.0,0.9993122420907841,0.005502063273727648
KcAh,1453.0,1453.0,0.9993122420907841,0.9993122420907841
KcKh,1453.0,1453.0,0.9993122420907841,0.9993122420907841
KcQh,1453.0,1453.0,0.9993122420907841,0.9993122420907841
KcJh,1453.0,1453.0,0.9993122420907841,0.9993122420907841
KcTh,1453.0,1453.0,0.9993122420907841,0.9993122420907841
Kc9h,1453.0,1453.0,0.9993122420907841,0.9993122420907841
Kc8h,1453.0,1453.0,0.9993122420907841,0.9993122420907841
Kc7h,1453.0,1453.0,0.9993122420907841,0.9993122420907841
Kc6h,1453.0,1453.0,0.9993122420907841,0.9993122420907841
Kc5h,1453.0,1418.0,0.9993122420907841,0.9752407152682255
Kc4h,1453.0,14.0,0.9993122420907841,0.009628610729023384
Kc3h,1453.0,11.0,0.9993122420907841,0.007565337001375516
Kc2h,1453.0,8.0,0.9993122420907841,0.005502063273727648
QcJc,1453.0,1453.0,0.9993122420907841,0.9993122420907841
QcTc,1453.0,1453.0,0.9993122420907841,0.9993122420907841
Qc9c,1453.0,1453.0,0.9993122420907841,0.9993122420907841
Qc8c,1453.0,1453.0,0.9993122420907841,0.9993122420907841
Qc7c,1453.0,1407.0,0.9993122420907841,0.96767537826685
Qc6c,1453.0,15.0,0.9993122420907841,0.01031636863823934
Qc5c,1453.0,11.0,0.9993122420907841,0.007565337001375516
Qc4c,1453.0,8.0,0.9993122420907841,0.005502063273727648
Qc3c,1453.0,7.0,0.9993122420907841,0.004814305364511692
Qc2c,1453.0,5.0,0.9993122420907841,0.0034387895460797797
QcAd,1453.0,1453.0,0.9993122420907841,0.9993122420907841
QcKd,1453.0,1453.0,0.9993122420907841,0.9993122420907841
QcQd,1453.0,1453.0,0.9993122420907841,0.9993122420907841
QcJd,1453.0,1453.0,0.9993122420907841,0.9993122420907841
QcTd,1453.0,1453.0,0.9993122420907841,0.9993122420907841
Qc9d,1453.0,1453.0,0.9993122420907841,0.9993122420907841
Qc8d,1453.0,15.0,0.9993122420907841,0.01031636863823934
Qc7d,1453.0,7.0,0.9993122420907841,0.004814305364511692
Qc6d,211.0,6.0,0.1451169188445667,0.0041265474552957355
Qc5d,9.0,5.0,0.006189821182943604,0.0034387895460797797
Qc4d,6.0,4.0,0.0041265474552957355,0.002751031636863824
Qc3d,5.0,3.0,0.0034387895460797797,0.0020632737276478678
Qc2d,4.0,2.0,0.002751031636863824,0.001375515818431912
QcAh,1453.0,1453.0,0.9993122420907841,0.9993122420907841
QcKh,1453.0,1453.0,0.9993122420907841,0.9993122420907841
QcQh,1453.0,1453.0,0.9993122420907841,0.9993122420907841
QcJh,1453.0,1453.0,0.9993122420907841,0.9993122420907841
QcTh,1453.0,1453.0,0.9993122420907841,0.9993122420907841
Qc9h,1453.0,1453.0,0.9993122420907841,0.9993122420907841
Qc8h,1453.0,15.0,0.9993122420907841,0.01031636863823934
Qc7h,1453.0,7.0,0.9993122420907841,0.004814305364511692
Qc6h,211.0,6.0,0.1451169188445667,0.0041265474552957355
Qc5h,9.0,5.0,0.006189821182943604,0.0034387895460797797
Qc4h,6.0,4.0,0.0041265474552957355,0.002751031636863824
Qc3h,5.0,3.0,0.0034387895460797797,0.0020632737276478678
Qc2h,4.0,2.0,0.002751031636863824,0.001375515818431912
JcTc,1453.0,1453.0,0.9993122420907841,0.9993122420907841
Jc9c,1453.0,1453.0,0.9993122420907841,0.9993122420907841
Jc8c,1453.0,1363.0,0.9993122420907841,0.937414030261348
Jc7c,1453.0,8.0,0.9993122420907841,0.005502063273727648
Jc6c,1453.0,5.0,0.9993122420907841,0.0034387895460797797
Jc5c,1452.0,4.0,0.9986244841815681,0.002751031636863824
Jc4c,1433.0,4.0,0.9855570839064649,0.002751031636863824
Jc3c,1414.0,3.0,0.9724896836313618,0.0020632737276478678
Jc2c,4.0,2.0,0.002751031636863824,0.001375515818431912
JcAd,1453.0,1453.0,0.9993122420907841,0.9993122420907841
JcKd,1453.0,1453.0,0.9993122420907841,0.9993122420907841
JcQd,1453.0,1453.0,0.9993122420907841,0.9993122420907841
JcJd,1453.0,1453.0,0.9993122420907841,0.9993122420907841
JcTd,1453.0,1453.0,0.9993122420907841,0.9993122420907841
Jc9d,1453.0,11.0,0.9993122420907841,0.007565337001375516
Jc8d,1453.0,6.0,0.9993122420907841,0.0041265474552957355
Jc7d,5.0,4.0,0.0034387895460797797,0.002751031636863824
Jc6d,3.0,2.0,0.0020632737276478678,0.001375515818431912
Jc5d,3.0,2.0,0.0020632737276478678,0.001375515818431912
Jc4d,2.0,2.0,0.001375515818431912,0.001375515818431912
Jc3d,2.0,1.0,0.001375515818431912,6.87757909215956E-4
Jc2d,2.0,0.0,0.001375515818431912,0.0
JcAh,1453.0,1453.0,0.9993122420907841,0.9993122420907841
JcKh,1453.0,1453.0,0.9993122420907841,0.9993122420907841
JcQh,1453.0,1453.0,0.9993122420907841,0.9993122420907841
JcJh,1453.0,1453.0,0.9993122420907841,0.9993122420907841
JcTh,1453.0,1453.0,0.9993122420907841,0.9993122420907841
Jc9h,1453.0,11.0,0.9993122420907841,0.007565337001375516
Jc8h,1453.0,6.0,0.9993122420907841,0.0041265474552957355
Jc7h,5.0,4.0,0.0034387895460797797,0.002751031636863824
Jc6h,3.0,2.0,0.0020632737276478678,0.001375515818431912
Jc5h,3.0,2.0,0.0020632737276478678,0.001375515818431912
Jc4h,2.0,2.0,0.001375515818431912,0.001375515818431912
Jc3h,2.0,1.0,0.001375515818431912,6.87757909215956E-4
Jc2h,2.0,0.0,0.001375515818431912,0.0
Tc9c,1453.0,1453.0,0.9993122420907841,0.9993122420907841
Tc8c,1453.0,9.0,0.9993122420907841,0.006189821182943604
Tc7c,1453.0,5.0,0.9993122420907841,0.0034387895460797797
Tc6c,1444.0,3.0,0.9931224209078404,0.0020632737276478678
Tc5c,1414.0,2.0,0.9724896836313618,0.001375515818431912
Tc4c,1401.0,2.0,0.9635488308115543,0.001375515818431912
Tc3c,2.0,1.0,0.001375515818431912,6.87757909215956E-4
Tc2c,2.0,0.0,0.001375515818431912,0.0
TcAd,1453.0,1453.0,0.9993122420907841,0.9993122420907841
TcKd,1453.0,1453.0,0.9993122420907841,0.9993122420907841
TcQd,1453.0,1453.0,0.9993122420907841,0.9993122420907841
TcJd,1453.0,1453.0,0.9993122420907841,0.9993122420907841
TcTd,1453.0,1453.0,0.9993122420907841,0.9993122420907841
Tc9d,1453.0,7.0,0.9993122420907841,0.004814305364511692
Tc8d,1442.0,4.0,0.9917469050894085,0.002751031636863824
Tc7d,37.0,3.0,0.02544704264099037,0.0020632737276478678
Tc6d,2.0,2.0,0.001375515818431912,0.001375515818431912
Tc5d,2.0,0.0,0.001375515818431912,0.0
Tc4d,2.0,0.0,0.001375515818431912,0.0
Tc3d,2.0,0.0,0.001375515818431912,0.0
Tc2d,2.0,0.0,0.001375515818431912,0.0
TcAh,1453.0,1453.0,0.9993122420907841,0.9993122420907841
TcKh,1453.0,1453.0,0.9993122420907841,0.9993122420907841
TcQh,1453.0,1453.0,0.9993122420907841,0.9993122420907841
TcJh,1453.0,1453.0,0.9993122420907841,0.9993122420907841
TcTh,1453.0,1453.0,0.9993122420907841,0.9993122420907841
Tc9h,1453.0,7.0,0.9993122420907841,0.004814305364511692
Tc8h,1442.0,4.0,0.9917469050894085,0.002751031636863824
Tc7h,37.0,3.0,0.02544704264099037,0.0020632737276478678
Tc6h,2.0,2.0,0.001375515818431912,0.001375515818431912
Tc5h,2.0,0.0,0.001375515818431912,0.0
Tc4h,2.0,0.0,0.001375515818431912,0.0
Tc3h,2.0,0.0,0.001375515818431912,0.0
Tc2h,2.0,0.0,0.001375515818431912,0.0
9c8c,1453.0,7.0,0.9993122420907841,0.004814305364511692
9c7c,1453.0,4.0,0.9993122420907841,0.002751031636863824
9c6c,1444.0,2.0,0.9931224209078404,0.001375515818431912
9c5c,1422.0,1.0,0.9779917469050894,6.87757909215956E-4
9c4c,2.0,0.0,0.001375515818431912,0.0
9c3c,2.0,0.0,0.001375515818431912,0.0
9c2c,2.0,0.0,0.001375515818431912,0.0
9cAd,1453.0,1453.0,0.9993122420907841,0.9993122420907841
9cKd,1453.0,1453.0,0.9993122420907841,0.9993122420907841
9cQd,1453.0,1453.0,0.9993122420907841,0.9993122420907841
9cJd,1453.0,11.0,0.9993122420907841,0.007565337001375516
9cTd,1453.0,7.0,0.9993122420907841,0.004814305364511692
9c9d,1453.0,1453.0,0.9993122420907841,0.9993122420907841
9c8d,1439.0,3.0,0.9896836313617606,0.0020632737276478678
9c7d,1404.0,2.0,0.9656121045392022,0.001375515818431912
9c6d,2.0,0.0,0.001375515818431912,0.0
9c5d,2.0,0.0,0.001375515818431912,0.0
9c4d,2.0,0.0,0.001375515818431912,0.0
9c3d,2.0,0.0,0.001375515818431912,0.0
9c2d,1.0,0.0,6.87757909215956E-4,0.0
9cAh,1453.0,1453.0,0.9993122420907841,0.9993122420907841
9cKh,1453.0,1453.0,0.9993122420907841,0.9993122420907841
9cQh,1453.0,1453.0,0.9993122420907841,0.9993122420907841
9cJh,1453.0,11.0,0.9993122420907841,0.007565337001375516
9cTh,1453.0,7.0,0.9993122420907841,0.004814305364511692
9c9h,1453.0,1453.0,0.9993122420907841,0.9993122420907841
9c8h,1439.0,3.0,0.9896836313617606,0.0020632737276478678
9c7h,1404.0,2.0,0.9656121045392022,0.001375515818431912
9c6h,2.0,0.0,0.001375515818431912,0.0
9c5h,2.0,0.0,0.001375515818431912,0.0
9c4h,2.0,0.0,0.001375515818431912,0.0
9c3h,2.0,0.0,0.001375515818431912,0.0
9c2h,1.0,0.0,6.87757909215956E-4,0.0
8c7c,1453.0,3.0,0.9993122420907841,0.0020632737276478678
8c6c,1449.0,2.0,0.9965612104539202,0.001375515818431912
8c5c,1433.0,0.0,0.9855570839064649,0.0
8c4c,1353.0,0.0,0.9305364511691885,0.0
8c3c,2.0,0.0,0.001375515818431912,0.0
8c2c,2.0,0.0,0.001375515818431912,0.0
8cAd,1453.0,1453.0,0.9993122420907841,0.9993122420907841
8cKd,1453.0,1453.0,0.9993122420907841,0.9993122420907841
8cQd,1453.0,15.0,0.9993122420907841,0.01031636863823934
8cJd,1453.0,6.0,0.9993122420907841,0.0041265474552957355
8cTd,1442.0,4.0,0.9917469050894085,0.002751031636863824
8c9d,1439.0,3.0,0.9896836313617606,0.0020632737276478678
8c8d,1453.0,1453.0,0.9993122420907841,0.9993122420907841
8c7d,1422.0,1.0,0.9779917469050894,6.87757909215956E-4
8c6d,2.0,0.0,0.001375515818431912,0.0
8c5d,2.0,0.0,0.001375515818431912,0.0
8c4d,2.0,0.0,0.001375515818431912,0.0
8c3d,1.0,0.0,6.87757909215956E-4,0.0
8c2d,1.0,0.0,6.87757909215956E-4,0.0
8cAh,1453.0,1453.0,0.9993122420907841,0.9993122420907841
8cKh,1453.0,1453.0,0.9993122420907841,0.9993122420907841
8cQh,1453.0,15.0,0.9993122420907841,0.01031636863823934
8cJh,1453.0,6.0,0.9993122420907841,0.0041265474552957355
8cTh,1442.0,4.0,0.9917469050894085,0.002751031636863824
8c9h,1439.0,3.0,0.9896836313617606,0.0020632737276478678
8c8h,1453.0,1453.0,0.9993122420907841,0.9993122420907841
8c7h,1422.0,1.0,0.9779917469050894,6.87757909215956E-4
8c6h,2.0,0.0,0.001375515818431912,0.0
8c5h,2.0,0.0,0.001375515818431912,0.0
8c4h,2.0,0.0,0.001375515818431912,0.0
8c3h,1.0,0.0,6.87757909215956E-4,0.0
8c2h,1.0,0.0,6.87757909215956E-4,0.0
7c6c,1453.0,1.0,0.9993122420907841,6.87757909215956E-4
7c5c,1440.0,0.0,0.9903713892709766,0.0
7c4c,1412.0,0.0,0.9711141678129298,0.0
7c3c,2.0,0.0,0.001375515818431912,0.0
7c2c,2.0,0.0,0.001375515818431912,0.0
7cAd,1453.0,1453.0,0.9993122420907841,0.9993122420907841
7cKd,1453.0,1453.0,0.9993122420907841,0.9993122420907841
7cQd,1453.0,7.0,0.9993122420907841,0.004814305364511692
7cJd,5.0,4.0,0.0034387895460797797,0.002751031636863824
7cTd,37.0,3.0,0.02544704264099037,0.0020632737276478678
7c9d,1404.0,2.0,0.9656121045392022,0.001375515818431912
7c8d,1422.0,1.0,0.9779917469050894,6.87757909215956E-4
7c7d,1453.0,1453.0,0.9993122420907841,0.9993122420907841
7c6d,1397.0,0.0,0.9607977991746905,0.0
7c5d,2.0,0.0,0.001375515818431912,0.0
7c4d,2.0,0.0,0.001375515818431912,0.0
7c3d,1.0,0.0,6.87757909215956E-4,0.0
7c2d,1.0,0.0,6.87757909215956E-4,0.0
7cAh,1453.0,1453.0,0.9993122420907841,0.9993122420907841
7cKh,1453.0,1453.0,0.9993122420907841,0.9993122420907841
7cQh,1453.0,7.0,0.9993122420907841,0.004814305364511692
7cJh,5.0,4.0,0.0034387895460797797,0.002751031636863824
7cTh,37.0,3.0,0.02544704264099037,0.0020632737276478678
7c9h,1404.0,2.0,0.9656121045392022,0.001375515818431912
7c8h,1422.0,1.0,0.9779917469050894,6.87757909215956E-4
7c7h,1453.0,1453.0,0.9993122420907841,0.9993122420907841
7c6h,1397.0,0.0,0.9607977991746905,0.0
7c5h,2.0,0.0,0.001375515818431912,0.0
7c4h,2.0,0.0,0.001375515818431912,0.0
7c3h,1.0,0.0,6.87757909215956E-4,0.0
7c2h,1.0,0.0,6.87757909215956E-4,0.0
6c5c,1446.0,0.0,0.9944979367262724,0.0
6c4c,1428.0,0.0,0.9821182943603851,0.0
6c3c,2.0,0.0,0.001375515818431912,0.0
6c2c,2.0,0.0,0.001375515818431912,0.0
6cAd,1453.0,1453.0,0.9993122420907841,0.9993122420907841
6cKd,1453.0,1453.0,0.9993122420907841,0.9993122420907841
6cQd,211.0,6.0,0.1451169188445667,0.0041265474552957355
6cJd,3.0,2.0,0.0020632737276478678,0.001375515818431912
6cTd,2.0,2.0,0.001375515818431912,0.001375515818431912
6c9d,2.0,0.0,0.001375515818431912,0.0
6c8d,2.0,0.0,0.001375515818431912,0.0
6c7d,1397.0,0.0,0.9607977991746905,0.0
6c6d,1453.0,1453.0,0.9993122420907841,0.9993122420907841
6c5d,2.0,0.0,0.001375515818431912,0.0
6c4d,2.0,0.0,0.001375515818431912,0.0
6c3d,1.0,0.0,6.87757909215956E-4,0.0
6c2d,1.0,0.0,6.87757909215956E-4,0.0
6cAh,1453.0,1453.0,0.9993122420907841,0.9993122420907841
6cKh,1453.0,1453.0,0.9993122420907841,0.9993122420907841
6cQh,211.0,6.0,0.1451169188445667,0.0041265474552957355
6cJh,3.0,2.0,0.0020632737276478678,0.001375515818431912
6cTh,2.0,2.0,0.001375515818431912,0.001375515818431912
6c9h,2.0,0.0,0.001375515818431912,0.0
6c8h,2.0,0.0,0.001375515818431912,0.0
6c7h,1397.0,0.0,0.9607977991746905,0.0
6c6h,1453.0,1453.0,0.9993122420907841,0.9993122420907841
6c5h,2.0,0.0,0.001375515818431912,0.0
6c4h,2.0,0.0,0.001375515818431912,0.0
6c3h,1.0,0.0,6.87757909215956E-4,0.0
6c2h,1.0,0.0,6.87757909215956E-4,0.0
5c4c,1439.0,0.0,0.9896836313617606,0.0
5c3c,1410.0,0.0,0.9697386519944979,0.0
5c2c,2.0,0.0,0.001375515818431912,0.0
5cAd,1453.0,1453.0,0.9993122420907841,0.9993122420907841
5cKd,1453.0,1418.0,0.9993122420907841,0.9752407152682255
5cQd,9.0,5.0,0.006189821182943604,0.0034387895460797797
5cJd,3.0,2.0,0.0020632737276478678,0.001375515818431912
5cTd,2.0,0.0,0.001375515818431912,0.0
5c9d,2.0,0.0,0.001375515818431912,0.0
5c8d,2.0,0.0,0.001375515818431912,0.0
5c7d,2.0,0.0,0.001375515818431912,0.0
5c6d,2.0,0.0,0.001375515818431912,0.0
5c5d,1453.0,1453.0,0.9993122420907841,0.9993122420907841
5c4d,2.0,0.0,0.001375515818431912,0.0
5c3d,2.0,0.0,0.001375515818431912,0.0
5c2d,1.0,0.0,6.87757909215956E-4,0.0
5cAh,1453.0,1453.0,0.9993122420907841,0.9993122420907841
5cKh,1453.0,1418.0,0.9993122420907841,0.9752407152682255
5cQh,9.0,5.0,0.006189821182943604,0.0034387895460797797
5cJh,3.0,2.0,0.0020632737276478678,0.001375515818431912
5cTh,2.0,0.0,0.001375515818431912,0.0
5c9h,2.0,0.0,0.001375515818431912,0.0
5c8h,2.0,0.0,0.001375515818431912,0.0
5c7h,2.0,0.0,0.001375515818431912,0.0
5c6h,2.0,0.0,0.001375515818431912,0.0
5c5h,1453.0,1453.0,0.9993122420907841,0.9993122420907841
5c4h,2.0,0.0,0.001375515818431912,0.0
5c3h,2.0,0.0,0.001375515818431912,0.0
5c2h,1.0,0.0,6.87757909215956E-4,0.0
4c3c,1258.0,0.0,0.8651994497936726,0.0
4c2c,2.0,0.0,0.001375515818431912,0.0
4cAd,1453.0,1453.0,0.9993122420907841,0.9993122420907841
4cKd,1453.0,14.0,0.9993122420907841,0.009628610729023384
4cQd,6.0,4.0,0.0041265474552957355,0.002751031636863824
4cJd,2.0,2.0,0.001375515818431912,0.001375515818431912
4cTd,2.0,0.0,0.001375515818431912,0.0
4c9d,2.0,0.0,0.001375515818431912,0.0
4c8d,2.0,0.0,0.001375515818431912,0.0
4c7d,2.0,0.0,0.001375515818431912,0.0
4c6d,2.0,0.0,0.001375515818431912,0.0
4c5d,2.0,0.0,0.001375515818431912,0.0
4c4d,1453.0,1453.0,0.9993122420907841,0.9993122420907841
4c3d,2.0,0.0,0.001375515818431912,0.0
4c2d,1.0,0.0,6.87757909215956E-4,0.0
4cAh,1453.0,1453.0,0.9993122420907841,0.9993122420907841
4cKh,1453.0,14.0,0.9993122420907841,0.009628610729023384
4cQh,6.0,4.0,0.0041265474552957355,0.002751031636863824
4cJh,2.0,2.0,0.001375515818431912,0.001375515818431912
4cTh,2.0,0.0,0.001375515818431912,0.0
4c9h,2.0,0.0,0.001375515818431912,0.0
4c8h,2.0,0.0,0.001375515818431912,0.0
4c7h,2.0,0.0,0.001375515818431912,0.0
4c6h,2.0,0.0,0.001375515818431912,0.0
4c5h,2.0,0.0,0.001375515818431912,0.0
4c4h,1453.0,1453.0,0.9993122420907841,0.9993122420907841
4c3h,2.0,0.0,0.001375515818431912,0.0
4c2h,1.0,0.0,6.87757909215956E-4,0.0
3c2c,2.0,0.0,0.001375515818431912,0.0
3cAd,1453.0,1453.0,0.9993122420907841,0.9993122420907841
3cKd,1453.0,11.0,0.9993122420907841,0.007565337001375516
3cQd,5.0,3.0,0.0034387895460797797,0.0020632737276478678
3cJd,2.0,1.0,0.001375515818431912,6.87757909215956E-4
3cTd,2.0,0.0,0.001375515818431912,0.0
3c9d,2.0,0.0,0.001375515818431912,0.0
3c8d,1.0,0.0,6.87757909215956E-4,0.0
3c7d,1.0,0.0,6.87757909215956E-4,0.0
3c6d,1.0,0.0,6.87757909215956E-4,0.0
3c5d,2.0,0.0,0.001375515818431912,0.0
3c4d,2.0,0.0,0.001375515818431912,0.0
3c3d,1453.0,1453.0,0.9993122420907841,0.9993122420907841
3c2d,1.0,0.0,6.87757909215956E-4,0.0
3cAh,1453.0,1453.0,0.9993122420907841,0.9993122420907841
3cKh,1453.0,11.0,0.9993122420907841,0.007565337001375516
3cQh,5.0,3.0,0.0034387895460797797,0.0020632737276478678
3cJh,2.0,1.0,0.001375515818431912,6.87757909215956E-4
3cTh,2.0,0.0,0.001375515818431912,0.0
3c9h,2.0,0.0,0.001375515818431912,0.0
3c8h,1.0,0.0,6.87757909215956E-4,0.0
3c7h,1.0,0.0,6.87757909215956E-4,0.0
3c6h,1.0,0.0,6.87757909215956E-4,0.0
3c5h,2.0,0.0,0.001375515818431912,0.0
3c4h,2.0,0.0,0.001375515818431912,0.0
3c3h,1453.0,1453.0,0.9993122420907841,0.9993122420907841
3c2h,1.0,0.0,6.87757909215956E-4,0.0
2cAd,1453.0,1453.0,0.9993122420907841,0.9993122420907841
2cKd,1453.0,8.0,0.9993122420907841,0.005502063273727648
2cQd,4.0,2.0,0.002751031636863824,0.001375515818431912
2cJd,2.0,0.0,0.001375515818431912,0.0
2cTd,2.0,0.0,0.001375515818431912,0.0
2c9d,1.0,0.0,6.87757909215956E-4,0.0
2c8d,1.0,0.0,6.87757909215956E-4,0.0
2c7d,1.0,0.0,6.87757909215956E-4,0.0
2c6d,1.0,0.0,6.87757909215956E-4,0.0
2c5d,1.0,0.0,6.87757909215956E-4,0.0
2c4d,1.0,0.0,6.87757909215956E-4,0.0
2c3d,1.0,0.0,6.87757909215956E-4,0.0
2c2d,1453.0,1453.0,0.9993122420907841,0.9993122420907841
2cAh,1453.0,1453.0,0.9993122420907841,0.9993122420907841
2cKh,1453.0,8.0,0.9993122420907841,0.005502063273727648
2cQh,4.0,2.0,0.002751031636863824,0.001375515818431912
2cJh,2.0,0.0,0.001375515818431912,0.0
2cTh,2.0,0.0,0.001375515818431912,0.0
2c9h,1.0,0.0,6.87757909215956E-4,0.0
2c8h,1.0,0.0,6.87757909215956E-4,0.0
2c7h,1.0,0.0,6.87757909215956E-4,0.0
2c6h,1.0,0.0,6.87757909215956E-4,0.0
2c5h,1.0,0.0,6.87757909215956E-4,0.0
2c4h,1.0,0.0,6.87757909215956E-4,0.0
2c3h,1.0,0.0,6.87757909215956E-4,0.0
2c2h,1453.0,1453.0,0.9993122420907841,0.9993122420907841
AdKd,1453.0,1453.0,0.9993122420907841,0.9993122420907841
AdQd,1453.0,1453.0,0.9993122420907841,0.9993122420907841
AdJd,1453.0,1453.0,0.9993122420907841,0.9993122420907841
AdTd,1453.0,1453.0,0.9993122420907841,0.9993122420907841
Ad9d,1453.0,1453.0,0.9993122420907841,0.9993122420907841
Ad8d,1453.0,1453.0,0.9993122420907841,0.9993122420907841
Ad7d,1453.0,1453.0,0.9993122420907841,0.9993122420907841
Ad6d,1453.0,1453.0,0.9993122420907841,0.9993122420907841
Ad5d,1453.0,1453.0,0.9993122420907841,0.9993122420907841
Ad4d,1453.0,1453.0,0.9993122420907841,0.9993122420907841
Ad3d,1453.0,1453.0,0.9993122420907841,0.9993122420907841
Ad2d,1453.0,1453.0,0.9993122420907841,0.9993122420907841
AdAh,1453.0,1453.0,0.9993122420907841,0.9993122420907841
AdKh,1453.0,1453.0,0.9993122420907841,0.9993122420907841
AdQh,1453.0,1453.0,0.9993122420907841,0.9993122420907841
AdJh,1453.0,1453.0,0.9993122420907841,0.9993122420907841
AdTh,1453.0,1453.0,0.9993122420907841,0.9993122420907841
Ad9h,1453.0,1453.0,0.9993122420907841,0.9993122420907841
Ad8h,1453.0,1453.0,0.9993122420907841,0.9993122420907841
Ad7h,1453.0,1453.0,0.9993122420907841,0.9993122420907841
Ad6h,1453.0,1453.0,0.9993122420907841,0.9993122420907841
Ad5h,1453.0,1453.0,0.9993122420907841,0.9993122420907841
Ad4h,1453.0,1453.0,0.9993122420907841,0.9993122420907841
Ad3h,1453.0,1453.0,0.9993122420907841,0.9993122420907841
Ad2h,1453.0,1453.0,0.9993122420907841,0.9993122420907841
KdQd,1453.0,1453.0,0.9993122420907841,0.9993122420907841
KdJd,1453.0,1453.0,0.9993122420907841,0.9993122420907841
KdTd,1453.0,1453.0,0.9993122420907841,0.9993122420907841
Kd9d,1453.0,1453.0,0.9993122420907841,0.9993122420907841
Kd8d,1453.0,1453.0,0.9993122420907841,0.9993122420907841
Kd7d,1453.0,1453.0,0.9993122420907841,0.9993122420907841
Kd6d,1453.0,1453.0,0.9993122420907841,0.9993122420907841
Kd5d,1453.0,1453.0,0.9993122420907841,0.9993122420907841
Kd4d,1453.0,1453.0,0.9993122420907841,0.9993122420907841
Kd3d,1453.0,1453.0,0.9993122420907841,0.9993122420907841
Kd2d,1453.0,1453.0,0.9993122420907841,0.9993122420907841
KdAh,1453.0,1453.0,0.9993122420907841,0.9993122420907841
KdKh,1453.0,1453.0,0.9993122420907841,0.9993122420907841
KdQh,1453.0,1453.0,0.9993122420907841,0.9993122420907841
KdJh,1453.0,1453.0,0.9993122420907841,0.9993122420907841
KdTh,1453.0,1453.0,0.9993122420907841,0.9993122420907841
Kd9h,1453.0,1453.0,0.9993122420907841,0.9993122420907841
Kd8h,1453.0,1453.0,0.9993122420907841,0.9993122420907841
Kd7h,1453.0,1453.0,0.9993122420907841,0.9993122420907841
Kd6h,1453.0,1453.0,0.9993122420907841,0.9993122420907841
Kd5h,1453.0,1418.0,0.9993122420907841,0.9752407152682255
Kd4h,1453.0,14.0,0.9993122420907841,0.009628610729023384
Kd3h,1453.0,11.0,0.9993122420907841,0.007565337001375516
Kd2h,1453.0,8.0,0.9993122420907841,0.005502063273727648
QdJd,1453.0,1453.0,0.9993122420907841,0.9993122420907841
QdTd,1453.0,1453.0,0.9993122420907841,0.9993122420907841
Qd9d,1453.0,1453.0,0.9993122420907841,0.9993122420907841
Qd8d,1453.0,1453.0,0.9993122420907841,0.9993122420907841
Qd7d,1453.0,1407.0,0.9993122420907841,0.96767537826685
Qd6d,1453.0,15.0,0.9993122420907841,0.01031636863823934
Qd5d,1453.0,11.0,0.9993122420907841,0.007565337001375516
Qd4d,1453.0,8.0,0.9993122420907841,0.005502063273727648
Qd3d,1453.0,7.0,0.9993122420907841,0.004814305364511692
Qd2d,1453.0,5.0,0.9993122420907841,0.0034387895460797797
QdAh,1453.0,1453.0,0.9993122420907841,0.9993122420907841
QdKh,1453.0,1453.0,0.9993122420907841,0.9993122420907841
QdQh,1453.0,1453.0,0.9993122420907841,0.9993122420907841
QdJh,1453.0,1453.0,0.9993122420907841,0.9993122420907841
QdTh,1453.0,1453.0,0.9993122420907841,0.9993122420907841
Qd9h,1453.0,1453.0,0.9993122420907841,0.9993122420907841
Qd8h,1453.0,15.0,0.9993122420907841,0.01031636863823934
Qd7h,1453.0,7.0,0.9993122420907841,0.004814305364511692
Qd6h,211.0,6.0,0.1451169188445667,0.0041265474552957355
Qd5h,9.0,5.0,0.006189821182943604,0.0034387895460797797
Qd4h,6.0,4.0,0.0041265474552957355,0.002751031636863824
Qd3h,5.0,3.0,0.0034387895460797797,0.0020632737276478678
Qd2h,4.0,2.0,0.002751031636863824,0.001375515818431912
JdTd,1453.0,1453.0,0.9993122420907841,0.9993122420907841
Jd9d,1453.0,1453.0,0.9993122420907841,0.9993122420907841
Jd8d,1453.0,1363.0,0.9993122420907841,0.937414030261348
Jd7d,1453.0,8.0,0.9993122420907841,0.005502063273727648
Jd6d,1453.0,5.0,0.9993122420907841,0.0034387895460797797
Jd5d,1452.0,4.0,0.9986244841815681,0.002751031636863824
Jd4d,1433.0,4.0,0.9855570839064649,0.002751031636863824
Jd3d,1414.0,3.0,0.9724896836313618,0.0020632737276478678
Jd2d,4.0,2.0,0.002751031636863824,0.001375515818431912
JdAh,1453.0,1453.0,0.9993122420907841,0.9993122420907841
JdKh,1453.0,1453.0,0.9993122420907841,0.9993122420907841
JdQh,1453.0,1453.0,0.9993122420907841,0.9993122420907841
JdJh,1453.0,1453.0,0.9993122420907841,0.9993122420907841
JdTh,1453.0,1453.0,0.9993122420907841,0.9993122420907841
Jd9h,1453.0,11.0,0.9993122420907841,0.007565337001375516
Jd8h,1453.0,6.0,0.9993122420907841,0.0041265474552957355
Jd7h,5.0,4.0,0.0034387895460797797,0.002751031636863824
Jd6h,3.0,2.0,0.0020632737276478678,0.001375515818431912
Jd5h,3.0,2.0,0.0020632737276478678,0.001375515818431912
Jd4h,2.0,2.0,0.001375515818431912,0.001375515818431912
Jd3h,2.0,1.0,0.001375515818431912,6.87757909215956E-4
Jd2h,2.0,0.0,0.001375515818431912,0.0
Td9d,1453.0,1453.0,0.9993122420907841,0.9993122420907841
Td8d,1453.0,9.0,0.9993122420907841,0.006189821182943604
Td7d,1453.0,5.0,0.9993122420907841,0.0034387895460797797
Td6d,1444.0,3.0,0.9931224209078404,0.0020632737276478678
Td5d,1414.0,2.0,0.9724896836313618,0.001375515818431912
Td4d,1401.0,2.0,0.9635488308115543,0.001375515818431912
Td3d,2.0,1.0,0.001375515818431912,6.87757909215956E-4
Td2d,2.0,0.0,0.001375515818431912,0.0
TdAh,1453.0,1453.0,0.9993122420907841,0.9993122420907841
TdKh,1453.0,1453.0,0.9993122420907841,0.9993122420907841
TdQh,1453.0,1453.0,0.9993122420907841,0.9993122420907841
TdJh,1453.0,1453.0,0.9993122420907841,0.9993122420907841
TdTh,1453.0,1453.0,0.9993122420907841,0.9993122420907841
Td9h,1453.0,7.0,0.9993122420907841,0.004814305364511692
Td8h,1442.0,4.0,0.9917469050894085,0.002751031636863824
Td7h,37.0,3.0,0.02544704264099037,0.0020632737276478678
Td6h,2.0,2.0,0.001375515818431912,0.001375515818431912
Td5h,2.0,0.0,0.001375515818431912,0.0
Td4h,2.0,0.0,0.001375515818431912,0.0
Td3h,2.0,0.0,0.001375515818431912,0.0
Td2h,2.0,0.0,0.001375515818431912,0.0
9d8d,1453.0,7.0,0.9993122420907841,0.004814305364511692
9d7d,1453.0,4.0,0.9993122420907841,0.002751031636863824
9d6d,1444.0,2.0,0.9931224209078404,0.001375515818431912
9d5d,1422.0,1.0,0.9779917469050894,6.87757909215956E-4
9d4d,2.0,0.0,0.001375515818431912,0.0
9d3d,2.0,0.0,0.001375515818431912,0.0
9d2d,2.0,0.0,0.001375515818431912,0.0
9dAh,1453.0,1453.0,0.9993122420907841,0.9993122420907841
9dKh,1453.0,1453.0,0.9993122420907841,0.9993122420907841
9dQh,1453.0,1453.0,0.9993122420907841,0.9993122420907841
9dJh,1453.0,11.0,0.9993122420907841,0.007565337001375516
9dTh,1453.0,7.0,0.9993122420907841,0.004814305364511692
9d9h,1453.0,1453.0,0.9993122420907841,0.9993122420907841
9d8h,1439.0,3.0,0.9896836313617606,0.0020632737276478678
9d7h,1404.0,2.0,0.9656121045392022,0.001375515818431912
9d6h,2.0,0.0,0.001375515818431912,0.0
9d5h,2.0,0.0,0.001375515818431912,0.0
9d4h,2.0,0.0,0.001375515818431912,0.0
9d3h,2.0,0.0,0.001375515818431912,0.0
9d2h,1.0,0.0,6.87757909215956E-4,0.0
8d7d,1453.0,3.0,0.9993122420907841,0.0020632737276478678
8d6d,1449.0,2.0,0.9965612104539202,0.001375515818431912
8d5d,1433.0,0.0,0.9855570839064649,0.0
8d4d,1353.0,0.0,0.9305364511691885,0.0
8d3d,2.0,0.0,0.001375515818431912,0.0
8d2d,2.0,0.0,0.001375515818431912,0.0
8dAh,1453.0,1453.0,0.9993122420907841,0.9993122420907841
8dKh,1453.0,1453.0,0.9993122420907841,0.9993122420907841
8dQh,1453.0,15.0,0.9993122420907841,0.01031636863823934
8dJh,1453.0,6.0,0.9993122420907841,0.0041265474552957355
8dTh,1442.0,4.0,0.9917469050894085,0.002751031636863824
8d9h,1439.0,3.0,0.9896836313617606,0.0020632737276478678
8d8h,1453.0,1453.0,0.9993122420907841,0.9993122420907841
8d7h,1422.0,1.0,0.9779917469050894,6.87757909215956E-4
8d6h,2.0,0.0,0.001375515818431912,0.0
8d5h,2.0,0.0,0.001375515818431912,0.0
8d4h,2.0,0.0,0.001375515818431912,0.0
8d3h,1.0,0.0,6.87757909215956E-4,0.0
8d2h,1.0,0.0,6.87757909215956E-4,0.0
7d6d,1453.0,1.0,0.9993122420907841,6.87757909215956E-4
7d5d,1440.0,0.0,0.9903713892709766,0.0
7d4d,1412.0,0.0,0.9711141678129298,0.0
7d3d,2.0,0.0,0.001375515818431912,0.0
7d2d,2.0,0.0,0.001375515818431912,0.0
7dAh,1453.0,1453.0,0.9993122420907841,0.9993122420907841
7dKh,1453.0,1453.0,0.9993122420907841,0.9993122420907841
7dQh,1453.0,7.0,0.9993122420907841,0.004814305364511692
7dJh,5.0,4.0,0.0034387895460797797,0.002751031636863824
7dTh,37.0,3.0,0.02544704264099037,0.0020632737276478678
7d9h,1404.0,2.0,0.9656121045392022,0.001375515818431912
7d8h,1422.0,1.0,0.9779917469050894,6.87757909215956E-4
7d7h,1453.0,1453.0,0.9993122420907841,0.9993122420907841
7d6h,1397.0,0.0,0.9607977991746905,0.0
7d5h,2.0,0.0,0.001375515818431912,0.0
7d4h,2.0,0.0,0.001375515818431912,0.0
7d3h,1.0,0.0,6.87757909215956E-4,0.0
7d2h,1.0,0.0,6.87757909215956E-4,0.0
6d5d,1446.0,0.0,0.9944979367262724,0.0
6d4d,1428.0,0.0,0.9821182943603851,0.0
6d3d,2.0,0.0,0.001375515818431912,0.0
6d2d,2.0,0.0,0.001375515818431912,0.0
6dAh,1453.0,1453.0,0.9993122420907841,0.9993122420907841
6dKh,1453.0,1453.0,0.9993122420907841,0.9993122420907841
6dQh,211.0,6.0,0.1451169188445667,0.0041265474552957355
6dJh,3.0,2.0,0.0020632737276478678,0.001375515818431912
6dTh,2.0,2.0,0.001375515818431912,0.001375515818431912
6d9h,2.0,0.0,0.001375515818431912,0.0
6d8h,2.0,0.0,0.001375515818431912,0.0
6d7h,1397.0,0.0,0.9607977991746905,0.0
6d6h,1453.0,1453.0,0.9993122420907841,0.9993122420907841
6d5h,2.0,0.0,0.001375515818431912,0.0
6d4h,2.0,0.0,0.001375515818431912,0.0
6d3h,1.0,0.0,6.87757909215956E-4,0.0
6d2h,1.0,0.0,6.87757909215956E-4,0.0
5d4d,1439.0,0.0,0.9896836313617606,0.0
5d3d,1410.0,0.0,0.9697386519944979,0.0
5d2d,2.0,0.0,0.001375515818431912,0.0
5dAh,1453.0,1453.0,0.9993122420907841,0.9993122420907841
5dKh,1453.0,1418.0,0.9993122420907841,0.9752407152682255
5dQh,9.0,5.0,0.006189821182943604,0.0034387895460797797
5dJh,3.0,2.0,0.0020632737276478678,0.001375515818431912
5dTh,2.0,0.0,0.001375515818431912,0.0
5d9h,2.0,0.0,0.001375515818431912,0.0
5d8h,2.0,0.0,0.001375515818431912,0.0
5d7h,2.0,0.0,0.001375515818431912,0.0
5d6h,2.0,0.0,0.001375515818431912,0.0
5d5h,1453.0,1453.0,0.9993122420907841,0.9993122420907841
5d4h,2.0,0.0,0.001375515818431912,0.0
5d3h,2.0,0.0,0.001375515818431912,0.0
5d2h,1.0,0.0,6.87757909215956E-4,0.0
4d3d,1258.0,0.0,0.8651994497936726,0.0
4d2d,2.0,0.0,0.001375515818431912,0.0
4dAh,1453.0,1453.0,0.9993122420907841,0.9993122420907841
4dKh,1453.0,14.0,0.9993122420907841,0.009628610729023384
4dQh,6.0,4.0,0.0041265474552957355,0.002751031636863824
4dJh,2.0,2.0,0.001375515818431912,0.001375515818431912
4dTh,2.0,0.0,0.001375515818431912,0.0
4d9h,2.0,0.0,0.001375515818431912,0.0
4d8h,2.0,0.0,0.001375515818431912,0.0
4d7h,2.0,0.0,0.001375515818431912,0.0
4d6h,2.0,0.0,0.001375515818431912,0.0
4d5h,2.0,0.0,0.001375515818431912,0.0
4d4h,1453.0,1453.0,0.9993122420907841,0.9993122420907841
4d3h,2.0,0.0,0.001375515818431912,0.0
4d2h,1.0,0.0,6.87757909215956E-4,0.0
3d2d,2.0,0.0,0.001375515818431912,0.0
3dAh,1453.0,1453.0,0.9993122420907841,0.9993122420907841
3dKh,1453.0,11.0,0.9993122420907841,0.007565337001375516
3dQh,5.0,3.0,0.0034387895460797797,0.0020632737276478678
3dJh,2.0,1.0,0.001375515818431912,6.87757909215956E-4
3dTh,2.0,0.0,0.001375515818431912,0.0
3d9h,2.0,0.0,0.001375515818431912,0.0
3d8h,1.0,0.0,6.87757909215956E-4,0.0
3d7h,1.0,0.0,6.87757909215956E-4,0.0
3d6h,1.0,0.0,6.87757909215956E-4,0.0
3d5h,2.0,0.0,0.001375515818431912,0.0
3d4h,2.0,0.0,0.001375515818431912,0.0
3d3h,1453.0,1453.0,0.9993122420907841,0.9993122420907841
3d2h,1.0,0.0,6.87757909215956E-4,0.0
2dAh,1453.0,1453.0,0.9993122420907841,0.9993122420907841
2dKh,1453.0,8.0,0.9993122420907841,0.005502063273727648
2dQh,4.0,2.0,0.002751031636863824,0.001375515818431912
2dJh,2.0,0.0,0.001375515818431912,0.0
2dTh,2.0,0.0,0.001375515818431912,0.0
2d9h,1.0,0.0,6.87757909215956E-4,0.0
2d8h,1.0,0.0,6.87757909215956E-4,0.0
2d7h,1.0,0.0,6.87757909215956E-4,0.0
2d6h,1.0,0.0,6.87757909215956E-4,0.0
2d5h,1.0,0.0,6.87757909215956E-4,0.0
2d4h,1.0,0.0,6.87757909215956E-4,0.0
2d3h,1.0,0.0,6.87757909215956E-4,0.0
2d2h,1453.0,1453.0,0.9993122420907841,0.9993122420907841
AhKh,1453.0,1453.0,0.9993122420907841,0.9993122420907841
AhQh,1453.0,1453.0,0.9993122420907841,0.9993122420907841
AhJh,1453.0,1453.0,0.9993122420907841,0.9993122420907841
AhTh,1453.0,1453.0,0.9993122420907841,0.9993122420907841
Ah9h,1453.0,1453.0,0.9993122420907841,0.9993122420907841
Ah8h,1453.0,1453.0,0.9993122420907841,0.9993122420907841
Ah7h,1453.0,1453.0,0.9993122420907841,0.9993122420907841
Ah6h,1453.0,1453.0,0.9993122420907841,0.9993122420907841
Ah5h,1453.0,1453.0,0.9993122420907841,0.9993122420907841
Ah4h,1453.0,1453.0,0.9993122420907841,0.9993122420907841
Ah3h,1453.0,1453.0,0.9993122420907841,0.9993122420907841
Ah2h,1453.0,1453.0,0.9993122420907841,0.9993122420907841
KhQh,1453.0,1453.0,0.9993122420907841,0.9993122420907841
KhJh,1453.0,1453.0,0.9993122420907841,0.9993122420907841
KhTh,1453.0,1453.0,0.9993122420907841,0.9993122420907841
Kh9h,1453.0,1453.0,0.9993122420907841,0.9993122420907841
Kh8h,1453.0,1453.0,0.9993122420907841,0.9993122420907841
Kh7h,1453.0,1453.0,0.9993122420907841,0.9993122420907841
Kh6h,1453.0,1453.0,0.9993122420907841,0.9993122420907841
Kh5h,1453.0,1453.0,0.9993122420907841,0.9993122420907841
Kh4h,1453.0,1453.0,0.9993122420907841,0.9993122420907841
Kh3h,1453.0,1453.0,0.9993122420907841,0.9993122420907841
Kh2h,1453.0,1453.0,0.9993122420907841,0.9993122420907841
QhJh,1453.0,1453.0,0.9993122420907841,0.9993122420907841
QhTh,1453.0,1453.0,0.9993122420907841,0.9993122420907841
Qh9h,1453.0,1453.0,0.9993122420907841,0.9993122420907841
Qh8h,1453.0,1453.0,0.9993122420907841,0.9993122420907841
Qh7h,1453.0,1407.0,0.9993122420907841,0.96767537826685
Qh6h,1453.0,15.0,0.9993122420907841,0.01031636863823934
Qh5h,1453.0,11.0,0.9993122420907841,0.007565337001375516
Qh4h,1453.0,8.0,0.9993122420907841,0.005502063273727648
Qh3h,1453.0,7.0,0.9993122420907841,0.004814305364511692
Qh2h,1453.0,5.0,0.9993122420907841,0.0034387895460797797
JhTh,1453.0,1453.0,0.9993122420907841,0.9993122420907841
Jh9h,1453.0,1453.0,0.9993122420907841,0.9993122420907841
Jh8h,1453.0,1363.0,0.9993122420907841,0.937414030261348
Jh7h,1453.0,8.0,0.9993122420907841,0.005502063273727648
Jh6h,1453.0,5.0,0.9993122420907841,0.0034387895460797797
Jh5h,1452.0,4.0,0.9986244841815681,0.002751031636863824
Jh4h,1433.0,4.0,0.9855570839064649,0.002751031636863824
Jh3h,1414.0,3.0,0.9724896836313618,0.0020632737276478678
Jh2h,4.0,2.0,0.002751031636863824,0.001375515818431912
Th9h,1453.0,1453.0,0.9993122420907841,0.9993122420907841
Th8h,1453.0,9.0,0.9993122420907841,0.006189821182943604
Th7h,1453.0,5.0,0.9993122420907841,0.0034387895460797797
Th6h,1444.0,3.0,0.9931224209078404,0.0020632737276478678
Th5h,1414.0,2.0,0.9724896836313618,0.001375515818431912
Th4h,1401.0,2.0,0.9635488308115543,0.001375515818431912
Th3h,2.0,1.0,0.001375515818431912,6.87757909215956E-4
Th2h,2.0,0.0,0.001375515818431912,0.0
9h8h,1453.0,7.0,0.9993122420907841,0.004814305364511692
9h7h,1453.0,4.0,0.9993122420907841,0.002751031636863824
9h6h,1444.0,2.0,0.9931224209078404,0.001375515818431912
9h5h,1422.0,1.0,0.9779917469050894,6.87757909215956E-4
9h4h,2.0,0.0,0.001375515818431912,0.0
9h3h,2.0,0.0,0.001375515818431912,0.0
9h2h,2.0,0.0,0.001375515818431912,0.0
8h7h,1453.0,3.0,0.9993122420907841,0.0020632737276478678
8h6h,1449.0,2.0,0.9965612104539202,0.001375515818431912
8h5h,1433.0,0.0,0.9855570839064649,0.0
8h4h,1353.0,0.0,0.9305364511691885,0.0
8h3h,2.0,0.0,0.001375515818431912,0.0
8h2h,2.0,0.0,0.001375515818431912,0.0
7h6h,1453.0,1.0,0.9993122420907841,6.87757909215956E-4
7h5h,1440.0,0.0,0.9903713892709766,0.0
7h4h,1412.0,0.0,0.9711141678129298,0.0
7h3h,2.0,0.0,0.001375515818431912,0.0
7h2h,2.0,0.0,0.001375515818431912,0.0
6h5h,1446.0,0.0,0.9944979367262724,0.0
6h4h,1428.0,0.0,0.9821182943603851,0.0
6h3h,2.0,0.0,0.001375515818431912,0.0
6h2h,2.0,0.0,0.001375515818431912,0.0
5h4h,1439.0,0.0,0.9896836313617606,0.0
5h3h,1410.0,0.0,0.9697386519944979,0.0
5h2h,2.0,0.0,0.001375515818431912,0.0
4h3h,1258.0,0.0,0.8651994497936726,0.0
4h2h,2.0,0.0,0.001375515818431912,0.0
3h2h,2.0,0.0,0.001375515818431912,0.0
