Program Duration,0.7027944783333333

Hand,P1 - F,P2 - F,P1 - S,P2 - S
AsKs,67.0,67.0,1.0,1.0
AsQs,67.0,67.0,1.0,1.0
AsJs,67.0,67.0,1.0,1.0
AsTs,67.0,67.0,1.0,1.0
As9s,67.0,67.0,1.0,1.0
As8s,67.0,67.0,1.0,1.0
As7s,67.0,67.0,1.0,1.0
As6s,67.0,67.0,1.0,1.0
As5s,67.0,67.0,1.0,1.0
As4s,67.0,67.0,1.0,1.0
As3s,67.0,67.0,1.0,1.0
As2s,67.0,67.0,1.0,1.0
AsAc,67.0,67.0,1.0,1.0
AsKc,67.0,67.0,1.0,1.0
AsQc,67.0,67.0,1.0,1.0
AsJc,67.0,67.0,1.0,1.0
AsTc,67.0,67.0,1.0,1.0
As9c,67.0,67.0,1.0,1.0
As8c,67.0,67.0,1.0,1.0
As7c,67.0,67.0,1.0,1.0
As6c,67.0,67.0,1.0,1.0
As5c,67.0,67.0,1.0,1.0
As4c,67.0,67.0,1.0,1.0
As3c,67.0,67.0,1.0,1.0
As2c,67.0,67.0,1.0,1.0
AsAd,67.0,67.0,1.0,1.0
AsKd,67.0,67.0,1.0,1.0
AsQd,67.0,67.0,1.0,1.0
AsJd,67.0,67.0,1.0,1.0
AsTd,67.0,67.0,1.0,1.0
As9d,67.0,67.0,1.0,1.0
As8d,67.0,67.0,1.0,1.0
As7d,67.0,67.0,1.0,1.0
As6d,67.0,67.0,1.0,1.0
As5d,67.0,67.0,1.0,1.0
As4d,67.0,67.0,1.0,1.0
As3d,67.0,67.0,1.0,1.0
As2d,67.0,67.0,1.0,1.0
AsAh,67.0,67.0,1.0,1.0
AsKh,67.0,67.0,1.0,1.0
AsQh,67.0,67.0,1.0,1.0
AsJh,67.0,67.0,1.0,1.0
AsTh,67.0,67.0,1.0,1.0
As9h,67.0,67.0,1.0,1.0
As8h,67.0,67.0,1.0,1.0
As7h,67.0,67.0,1.0,1.0
As6h,67.0,67.0,1.0,1.0
As5h,67.0,67.0,1.0,1.0
As4h,67.0,67.0,1.0,1.0
As3h,67.0,67.0,1.0,1.0
As2h,67.0,67.0,1.0,1.0
KsQs,67.0,67.0,1.0,1.0
KsJs,67.0,67.0,1.0,1.0
KsTs,67.0,67.0,1.0,1.0
Ks9s,67.0,67.0,1.0,1.0
Ks8s,67.0,67.0,1.0,1.0
Ks7s,67.0,67.0,1.0,1.0
Ks6s,67.0,67.0,1.0,1.0
Ks5s,67.0,67.0,1.0,1.0
Ks4s,67.0,67.0,1.0,1.0
Ks3s,67.0,67.0,1.0,1.0
Ks2s,67.0,67.0,1.0,1.0
KsAc,67.0,67.0,1.0,1.0
KsKc,67.0,67.0,1.0,1.0
KsQc,67.0,67.0,1.0,1.0
KsJc,67.0,67.0,1.0,1.0
KsTc,67.0,67.0,1.0,1.0
Ks9c,67.0,67.0,1.0,1.0
Ks8c,67.0,67.0,1.0,1.0
Ks7c,67.0,67.0,1.0,1.0
Ks6c,67.0,67.0,1.0,1.0
Ks5c,67.0,67.0,1.0,1.0
Ks4c,67.0,67.0,1.0,1.0
Ks3c,67.0,67.0,1.0,1.0
Ks2c,67.0,12.0,1.0,0.1791044776119403
KsAd,67.0,67.0,1.0,1.0
KsKd,67.0,67.0,1.0,1.0
KsQd,67.0,67.0,1.0,1.0
KsJd,67.0,67.0,1.0,1.0
KsTd,67.0,67.0,1.0,1.0
Ks9d,67.0,67.0,1.0,1.0
Ks8d,67.0,67.0,1.0,1.0
Ks7d,67.0,67.0,1.0,1.0
Ks6d,67.0,67.0,1.0,1.0
Ks5d,67.0,67.0,1.0,1.0
Ks4d,67.0,67.0,1.0,1.0
Ks3d,67.0,67.0,1.0,1.0
Ks2d,67.0,12.0,1.0,0.1791044776119403
KsAh,67.0,67.0,1.0,1.0
KsKh,67.0,67.0,1.0,1.0
KsQh,67.0,67.0,1.0,1.0
KsJh,67.0,67.0,1.0,1.0
KsTh,67.0,67.0,1.0,1.0
Ks9h,67.0,67.0,1.0,1.0
Ks8h,67.0,67.0,1.0,1.0
Ks7h,67.0,67.0,1.0,1.0
Ks6h,67.0,67.0,1.0,1.0
Ks5h,67.0,67.0,1.0,1.0
Ks4h,67.0,67.0,1.0,1.0
Ks3h,67.0,67.0,1.0,1.0
Ks2h,67.0,12.0,1.0,0.1791044776119403
QsJs,67.0,67.0,1.0,1.0
QsTs,67.0,67.0,1.0,1.0
Qs9s,67.0,67.0,1.0,1.0
Qs8s,67.0,67.0,1.0,1.0
Qs7s,67.0,67.0,1.0,1.0
Qs6s,67.0,67.0,1.0,1.0
Qs5s,67.0,67.0,1.0,1.0
Qs4s,67.0,67.0,1.0,1.0
Qs3s,67.0,9.0,1.0,0.13432835820895522
Qs2s,67.0,6.0,1.0,0.08955223880597014
QsAc,67.0,67.0,1.0,1.0
QsKc,67.0,67.0,1.0,1.0
QsQc,67.0,67.0,1.0,1.0
QsJc,67.0,67.0,1.0,1.0
QsTc,67.0,67.0,1.0,1.0
Qs9c,67.0,67.0,1.0,1.0
Qs8c,67.0,67.0,1.0,1.0
Qs7c,67.0,5.0,1.0,0.07462686567164178
Qs6c,67.0,4.0,1.0,0.05970149253731343
Qs5c,67.0,3.0,1.0,0.04477611940298507
Qs4c,67.0,2.0,1.0,0.029850746268656716
Qs3c,5.0,2.0,0.07462686567164178,0.029850746268656716
Qs2c,2.0,1.0,0.029850746268656716,0.014925373134328358
QsAd,67.0,67.0,1.0,1.0
QsKd,67.0,67.0,1.0,1.0
QsQd,67.0,67.0,1.0,1.0
QsJd,67.0,67.0,1.0,1.0
QsTd,67.0,67.0,1.0,1.0
Qs9d,67.0,67.0,1.0,1.0
Qs8d,67.0,67.0,1.0,1.0
Qs7d,67.0,5.0,1.0,0.07462686567164178
Qs6d,67.0,4.0,1.0,0.05970149253731343
Qs5d,67.0,3.0,1.0,0.04477611940298507
Qs4d,67.0,2.0,1.0,0.029850746268656716
Qs3d,5.0,2.0,0.07462686567164178,0.029850746268656716
Qs2d,2.0,1.0,0.029850746268656716,0.014925373134328358
QsAh,67.0,67.0,1.0,1.0
QsKh,67.0,67.0,1.0,1.0
QsQh,67.0,67.0,1.0,1.0
QsJh,67.0,67.0,1.0,1.0
QsTh,67.0,67.0,1.0,1.0
Qs9h,67.0,67.0,1.0,1.0
Qs8h,67.0,67.0,1.0,1.0
Qs7h,67.0,5.0,1.0,0.07462686567164178
Qs6h,67.0,4.0,1.0,0.05970149253731343
Qs5h,67.0,3.0,1.0,0.04477611940298507
Qs4h,67.0,2.0,1.0,0.029850746268656716
Qs3h,5.0,2.0,0.07462686567164178,0.029850746268656716
Qs2h,2.0,1.0,0.029850746268656716,0.014925373134328358
JsTs,67.0,67.0,1.0,1.0
Js9s,67.0,67.0,1.0,1.0
Js8s,67.0,67.0,1.0,1.0
Js7s,67.0,9.0,1.0,0.13432835820895522
Js6s,67.0,4.0,1.0,0.05970149253731343
Js5s,67.0,3.0,1.0,0.04477611940298507
Js4s,67.0,2.0,1.0,0.029850746268656716
Js3s,67.0,2.0,1.0,0.029850746268656716
Js2s,67.0,1.0,1.0,0.014925373134328358
JsAc,67.0,67.0,1.0,1.0
JsKc,67.0,67.0,1.0,1.0
JsQc,67.0,67.0,1.0,1.0
JsJc,67.0,67.0,1.0,1.0
JsTc,67.0,67.0,1.0,1.0
Js9c,67.0,24.0,1.0,0.3582089552238806
Js8c,67.0,4.0,1.0,0.05970149253731343
Js7c,54.0,2.0,0.8059701492537313,0.029850746268656716
Js6c,2.0,1.0,0.029850746268656716,0.014925373134328358
Js5c,2.0,1.0,0.029850746268656716,0.014925373134328358
Js4c,1.0,1.0,0.014925373134328358,0.014925373134328358
Js3c,1.0,1.0,0.014925373134328358,0.014925373134328358
Js2c,1.0,1.0,0.014925373134328358,0.014925373134328358
JsAd,67.0,67.0,1.0,1.0
JsKd,67.0,67.0,1.0,1.0
JsQd,67.0,67.0,1.0,1.0
JsJd,67.0,67.0,1.0,1.0
JsTd,67.0,67.0,1.0,1.0
Js9d,67.0,24.0,1.0,0.3582089552238806
Js8d,67.0,4.0,1.0,0.05970149253731343
Js7d,54.0,2.0,0.8059701492537313,0.029850746268656716
Js6d,2.0,1.0,0.029850746268656716,0.014925373134328358
Js5d,2.0,1.0,0.029850746268656716,0.014925373134328358
Js4d,1.0,1.0,0.014925373134328358,0.014925373134328358
Js3d,1.0,1.0,0.014925373134328358,0.014925373134328358
Js2d,1.0,1.0,0.014925373134328358,0.014925373134328358
JsAh,67.0,67.0,1.0,1.0
JsKh,67.0,67.0,1.0,1.0
JsQh,67.0,67.0,1.0,1.0
JsJh,67.0,67.0,1.0,1.0
JsTh,67.0,67.0,1.0,1.0
Js9h,67.0,24.0,1.0,0.3582089552238806
Js8h,67.0,4.0,1.0,0.05970149253731343
Js7h,53.0,2.0,0.7910447761194029,0.029850746268656716
Js6h,2.0,1.0,0.029850746268656716,0.014925373134328358
Js5h,2.0,1.0,0.029850746268656716,0.014925373134328358
Js4h,1.0,1.0,0.014925373134328358,0.014925373134328358
Js3h,1.0,1.0,0.014925373134328358,0.014925373134328358
Js2h,1.0,1.0,0.014925373134328358,0.014925373134328358
Ts9s,67.0,67.0,1.0,1.0
Ts8s,67.0,36.0,1.0,0.5373134328358209
Ts7s,67.0,4.0,1.0,0.05970149253731343
Ts6s,67.0,2.0,1.0,0.029850746268656716
Ts5s,67.0,1.0,1.0,0.014925373134328358
Ts4s,67.0,1.0,1.0,0.014925373134328358
Ts3s,64.0,1.0,0.9552238805970149,0.014925373134328358
Ts2s,57.0,1.0,0.8507462686567164,0.014925373134328358
TsAc,67.0,67.0,1.0,1.0
TsKc,67.0,67.0,1.0,1.0
TsQc,67.0,67.0,1.0,1.0
TsJc,67.0,67.0,1.0,1.0
TsTc,67.0,67.0,1.0,1.0
Ts9c,67.0,4.0,1.0,0.05970149253731343
Ts8c,67.0,2.0,1.0,0.029850746268656716
Ts7c,37.0,1.0,0.5522388059701493,0.014925373134328358
Ts6c,1.0,1.0,0.014925373134328358,0.014925373134328358
Ts5c,1.0,1.0,0.014925373134328358,0.014925373134328358
Ts4c,1.0,1.0,0.014925373134328358,0.014925373134328358
Ts3c,1.0,1.0,0.014925373134328358,0.014925373134328358
Ts2c,1.0,1.0,0.014925373134328358,0.014925373134328358
TsAd,67.0,67.0,1.0,1.0
TsKd,67.0,67.0,1.0,1.0
TsQd,67.0,67.0,1.0,1.0
TsJd,67.0,67.0,1.0,1.0
TsTd,67.0,67.0,1.0,1.0
Ts9d,67.0,4.0,1.0,0.05970149253731343
Ts8d,67.0,2.0,1.0,0.029850746268656716
Ts7d,37.0,1.0,0.5522388059701493,0.014925373134328358
Ts6d,1.0,1.0,0.014925373134328358,0.014925373134328358
Ts5d,1.0,1.0,0.014925373134328358,0.014925373134328358
Ts4d,1.0,1.0,0.014925373134328358,0.014925373134328358
Ts3d,1.0,1.0,0.014925373134328358,0.014925373134328358
Ts2d,1.0,1.0,0.014925373134328358,0.014925373134328358
TsAh,67.0,67.0,1.0,1.0
TsKh,67.0,67.0,1.0,1.0
TsQh,67.0,67.0,1.0,1.0
TsJh,67.0,67.0,1.0,1.0
TsTh,67.0,67.0,1.0,1.0
Ts9h,67.0,4.0,1.0,0.05970149253731343
Ts8h,67.0,2.0,1.0,0.029850746268656716
Ts7h,37.0,1.0,0.5522388059701493,0.014925373134328358
Ts6h,1.0,1.0,0.014925373134328358,0.014925373134328358
Ts5h,1.0,1.0,0.014925373134328358,0.014925373134328358
Ts4h,1.0,1.0,0.014925373134328358,0.014925373134328358
Ts3h,1.0,1.0,0.014925373134328358,0.014925373134328358
Ts2h,1.0,1.0,0.014925373134328358,0.014925373134328358
9s8s,67.0,7.0,1.0,0.1044776119402985
9s7s,67.0,3.0,1.0,0.04477611940298507
9s6s,67.0,1.0,1.0,0.014925373134328358
9s5s,67.0,1.0,1.0,0.014925373134328358
9s4s,58.0,1.0,0.8656716417910447,0.014925373134328358
9s3s,55.0,1.0,0.8208955223880597,0.014925373134328358
9s2s,34.0,1.0,0.5074626865671642,0.014925373134328358
9sAc,67.0,67.0,1.0,1.0
9sKc,67.0,67.0,1.0,1.0
9sQc,67.0,67.0,1.0,1.0
9sJc,67.0,47.0,1.0,0.7014925373134329
9sTc,67.0,4.0,1.0,0.05970149253731343
9s9c,67.0,67.0,1.0,1.0
9s8c,67.0,1.0,1.0,0.014925373134328358
9s7c,36.0,1.0,0.5373134328358209,0.014925373134328358
9s6c,1.0,1.0,0.014925373134328358,0.014925373134328358
9s5c,1.0,1.0,0.014925373134328358,0.014925373134328358
9s4c,1.0,1.0,0.014925373134328358,0.014925373134328358
9s3c,1.0,1.0,0.014925373134328358,0.014925373134328358
9s2c,1.0,1.0,0.014925373134328358,0.014925373134328358
9sAd,67.0,67.0,1.0,1.0
9sKd,67.0,67.0,1.0,1.0
9sQd,67.0,67.0,1.0,1.0
9sJd,67.0,48.0,1.0,0.7164179104477612
9sTd,67.0,4.0,1.0,0.05970149253731343
9s9d,67.0,67.0,1.0,1.0
9s8d,67.0,1.0,1.0,0.014925373134328358
9s7d,36.0,1.0,0.5373134328358209,0.014925373134328358
9s6d,1.0,1.0,0.014925373134328358,0.014925373134328358
9s5d,1.0,1.0,0.014925373134328358,0.014925373134328358
9s4d,1.0,1.0,0.014925373134328358,0.014925373134328358
9s3d,1.0,1.0,0.014925373134328358,0.014925373134328358
9s2d,1.0,1.0,0.014925373134328358,0.014925373134328358
9sAh,67.0,67.0,1.0,1.0
9sKh,67.0,67.0,1.0,1.0
9sQh,67.0,67.0,1.0,1.0
9sJh,67.0,48.0,1.0,0.7164179104477612
9sTh,67.0,5.0,1.0,0.07462686567164178
9s9h,67.0,67.0,1.0,1.0
9s8h,67.0,1.0,1.0,0.014925373134328358
9s7h,36.0,1.0,0.5373134328358209,0.014925373134328358
9s6h,1.0,1.0,0.014925373134328358,0.014925373134328358
9s5h,1.0,1.0,0.014925373134328358,0.014925373134328358
9s4h,1.0,1.0,0.014925373134328358,0.014925373134328358
9s3h,1.0,1.0,0.014925373134328358,0.014925373134328358
9s2h,1.0,1.0,0.014925373134328358,0.014925373134328358
8s7s,67.0,2.0,1.0,0.029850746268656716
8s6s,67.0,1.0,1.0,0.014925373134328358
8s5s,65.0,1.0,0.9701492537313433,0.014925373134328358
8s4s,57.0,1.0,0.8507462686567164,0.014925373134328358
8s3s,1.0,1.0,0.014925373134328358,0.014925373134328358
8s2s,1.0,1.0,0.014925373134328358,0.014925373134328358
8sAc,67.0,67.0,1.0,1.0
8sKc,67.0,67.0,1.0,1.0
8sQc,67.0,67.0,1.0,1.0
8sJc,67.0,4.0,1.0,0.05970149253731343
8sTc,67.0,2.0,1.0,0.029850746268656716
8s9c,66.0,1.0,0.9850746268656716,0.014925373134328358
8s8c,67.0,67.0,1.0,1.0
8s7c,46.0,1.0,0.6865671641791045,0.014925373134328358
8s6c,1.0,1.0,0.014925373134328358,0.014925373134328358
8s5c,1.0,1.0,0.014925373134328358,0.014925373134328358
8s4c,1.0,1.0,0.014925373134328358,0.014925373134328358
8s3c,1.0,1.0,0.014925373134328358,0.014925373134328358
8s2c,1.0,1.0,0.014925373134328358,0.014925373134328358
8sAd,67.0,67.0,1.0,1.0
8sKd,67.0,67.0,1.0,1.0
8sQd,67.0,67.0,1.0,1.0
8sJd,67.0,4.0,1.0,0.05970149253731343
8sTd,67.0,2.0,1.0,0.029850746268656716
8s9d,66.0,1.0,0.9850746268656716,0.014925373134328358
8s8d,67.0,67.0,1.0,1.0
8s7d,46.0,1.0,0.6865671641791045,0.014925373134328358
8s6d,1.0,1.0,0.014925373134328358,0.014925373134328358
8s5d,1.0,1.0,0.014925373134328358,0.014925373134328358
8s4d,1.0,1.0,0.014925373134328358,0.014925373134328358
8s3d,1.0,1.0,0.014925373134328358,0.014925373134328358
8s2d,1.0,1.0,0.014925373134328358,0.014925373134328358
8sAh,67.0,67.0,1.0,1.0
8sKh,67.0,67.0,1.0,1.0
8sQh,67.0,67.0,1.0,1.0
8sJh,67.0,4.0,1.0,0.05970149253731343
8sTh,67.0,2.0,1.0,0.029850746268656716
8s9h,66.0,1.0,0.9850746268656716,0.014925373134328358
8s8h,67.0,67.0,1.0,1.0
8s7h,46.0,1.0,0.6865671641791045,0.014925373134328358
8s6h,1.0,1.0,0.014925373134328358,0.014925373134328358
8s5h,1.0,1.0,0.014925373134328358,0.014925373134328358
8s4h,1.0,1.0,0.014925373134328358,0.014925373134328358
8s3h,1.0,1.0,0.014925373134328358,0.014925373134328358
8s2h,1.0,1.0,0.014925373134328358,0.014925373134328358
7s6s,67.0,1.0,1.0,0.014925373134328358
7s5s,64.0,1.0,0.9552238805970149,0.014925373134328358
7s4s,57.0,1.0,0.8507462686567164,0.014925373134328358
7s3s,1.0,1.0,0.014925373134328358,0.014925373134328358
7s2s,1.0,1.0,0.014925373134328358,0.014925373134328358
7sAc,67.0,67.0,1.0,1.0
7sKc,67.0,67.0,1.0,1.0
7sQc,67.0,6.0,1.0,0.08955223880597014
7sJc,4.0,2.0,0.05970149253731343,0.029850746268656716
7sTc,32.0,1.0,0.47761194029850745,0.014925373134328358
7s9c,45.0,1.0,0.6716417910447762,0.014925373134328358
7s8c,50.0,1.0,0.746268656716418,0.014925373134328358
7s7c,67.0,67.0,1.0,1.0
7s6c,1.0,1.0,0.014925373134328358,0.014925373134328358
7s5c,1.0,1.0,0.014925373134328358,0.014925373134328358
7s4c,1.0,1.0,0.014925373134328358,0.014925373134328358
7s3c,1.0,1.0,0.014925373134328358,0.014925373134328358
7s2c,1.0,1.0,0.014925373134328358,0.014925373134328358
7sAd,67.0,67.0,1.0,1.0
7sKd,67.0,67.0,1.0,1.0
7sQd,67.0,6.0,1.0,0.08955223880597014
7sJd,4.0,2.0,0.05970149253731343,0.029850746268656716
7sTd,32.0,1.0,0.47761194029850745,0.014925373134328358
7s9d,45.0,1.0,0.6716417910447762,0.014925373134328358
7s8d,50.0,1.0,0.746268656716418,0.014925373134328358
7s7d,67.0,67.0,1.0,1.0
7s6d,1.0,1.0,0.014925373134328358,0.014925373134328358
7s5d,1.0,1.0,0.014925373134328358,0.014925373134328358
7s4d,1.0,1.0,0.014925373134328358,0.014925373134328358
7s3d,1.0,1.0,0.014925373134328358,0.014925373134328358
7s2d,1.0,1.0,0.014925373134328358,0.014925373134328358
7sAh,67.0,67.0,1.0,1.0
7sKh,67.0,67.0,1.0,1.0
7sQh,67.0,6.0,1.0,0.08955223880597014
7sJh,4.0,2.0,0.05970149253731343,0.029850746268656716
7sTh,33.0,1.0,0.4925373134328358,0.014925373134328358
7s9h,45.0,1.0,0.6716417910447762,0.014925373134328358
7s8h,50.0,1.0,0.746268656716418,0.014925373134328358
7s7h,67.0,67.0,1.0,1.0
7s6h,1.0,1.0,0.014925373134328358,0.014925373134328358
7s5h,1.0,1.0,0.014925373134328358,0.014925373134328358
7s4h,1.0,1.0,0.014925373134328358,0.014925373134328358
7s3h,1.0,1.0,0.014925373134328358,0.014925373134328358
7s2h,1.0,1.0,0.014925373134328358,0.014925373134328358
6s5s,64.0,1.0,0.9552238805970149,0.014925373134328358
6s4s,58.0,1.0,0.8656716417910447,0.014925373134328358
6s3s,40.0,1.0,0.5970149253731343,0.014925373134328358
6s2s,1.0,1.0,0.014925373134328358,0.014925373134328358
6sAc,67.0,67.0,1.0,1.0
6sKc,67.0,67.0,1.0,1.0
6sQc,67.0,4.0,1.0,0.05970149253731343
6sJc,2.0,1.0,0.029850746268656716,0.014925373134328358
6sTc,1.0,1.0,0.014925373134328358,0.014925373134328358
6s9c,1.0,1.0,0.014925373134328358,0.014925373134328358
6s8c,1.0,1.0,0.014925373134328358,0.014925373134328358
6s7c,1.0,1.0,0.014925373134328358,0.014925373134328358
6s6c,67.0,67.0,1.0,1.0
6s5c,1.0,1.0,0.014925373134328358,0.014925373134328358
6s4c,1.0,1.0,0.014925373134328358,0.014925373134328358
6s3c,1.0,1.0,0.014925373134328358,0.014925373134328358
6s2c,1.0,1.0,0.014925373134328358,0.014925373134328358
6sAd,67.0,67.0,1.0,1.0
6sKd,67.0,67.0,1.0,1.0
6sQd,67.0,4.0,1.0,0.05970149253731343
6sJd,2.0,1.0,0.029850746268656716,0.014925373134328358
6sTd,1.0,1.0,0.014925373134328358,0.014925373134328358
6s9d,1.0,1.0,0.014925373134328358,0.014925373134328358
6s8d,1.0,1.0,0.014925373134328358,0.014925373134328358
6s7d,1.0,1.0,0.014925373134328358,0.014925373134328358
6s6d,67.0,67.0,1.0,1.0
6s5d,1.0,1.0,0.014925373134328358,0.014925373134328358
6s4d,1.0,1.0,0.014925373134328358,0.014925373134328358
6s3d,1.0,1.0,0.014925373134328358,0.014925373134328358
6s2d,1.0,1.0,0.014925373134328358,0.014925373134328358
6sAh,67.0,67.0,1.0,1.0
6sKh,67.0,67.0,1.0,1.0
6sQh,67.0,4.0,1.0,0.05970149253731343
6sJh,2.0,1.0,0.029850746268656716,0.014925373134328358
6sTh,1.0,1.0,0.014925373134328358,0.014925373134328358
6s9h,1.0,1.0,0.014925373134328358,0.014925373134328358
6s8h,1.0,1.0,0.014925373134328358,0.014925373134328358
6s7h,1.0,1.0,0.014925373134328358,0.014925373134328358
6s6h,67.0,67.0,1.0,1.0
6s5h,1.0,1.0,0.014925373134328358,0.014925373134328358
6s4h,1.0,1.0,0.014925373134328358,0.014925373134328358
6s3h,1.0,1.0,0.014925373134328358,0.014925373134328358
6s2h,1.0,1.0,0.014925373134328358,0.014925373134328358
5s4s,61.0,1.0,0.9104477611940298,0.014925373134328358
5s3s,52.0,1.0,0.7761194029850746,0.014925373134328358
5s2s,1.0,1.0,0.014925373134328358,0.014925373134328358
5sAc,67.0,67.0,1.0,1.0
5sKc,67.0,67.0,1.0,1.0
5sQc,14.0,3.0,0.208955223880597,0.04477611940298507
5sJc,2.0,1.0,0.029850746268656716,0.014925373134328358
5sTc,1.0,1.0,0.014925373134328358,0.014925373134328358
5s9c,1.0,1.0,0.014925373134328358,0.014925373134328358
5s8c,1.0,1.0,0.014925373134328358,0.014925373134328358
5s7c,1.0,1.0,0.014925373134328358,0.014925373134328358
5s6c,1.0,1.0,0.014925373134328358,0.014925373134328358
5s5c,67.0,67.0,1.0,1.0
5s4c,1.0,1.0,0.014925373134328358,0.014925373134328358
5s3c,1.0,1.0,0.014925373134328358,0.014925373134328358
5s2c,1.0,1.0,0.014925373134328358,0.014925373134328358
5sAd,67.0,67.0,1.0,1.0
5sKd,67.0,67.0,1.0,1.0
5sQd,15.0,3.0,0.22388059701492538,0.04477611940298507
5sJd,2.0,1.0,0.029850746268656716,0.014925373134328358
5sTd,1.0,1.0,0.014925373134328358,0.014925373134328358
5s9d,1.0,1.0,0.014925373134328358,0.014925373134328358
5s8d,1.0,1.0,0.014925373134328358,0.014925373134328358
5s7d,1.0,1.0,0.014925373134328358,0.014925373134328358
5s6d,1.0,1.0,0.014925373134328358,0.014925373134328358
5s5d,67.0,67.0,1.0,1.0
5s4d,1.0,1.0,0.014925373134328358,0.014925373134328358
5s3d,1.0,1.0,0.014925373134328358,0.014925373134328358
5s2d,1.0,1.0,0.014925373134328358,0.014925373134328358
5sAh,67.0,67.0,1.0,1.0
5sKh,67.0,67.0,1.0,1.0
5sQh,15.0,3.0,0.22388059701492538,0.04477611940298507
5sJh,2.0,1.0,0.029850746268656716,0.014925373134328358
5sTh,1.0,1.0,0.014925373134328358,0.014925373134328358
5s9h,1.0,1.0,0.014925373134328358,0.014925373134328358
5s8h,1.0,1.0,0.014925373134328358,0.014925373134328358
5s7h,1.0,1.0,0.014925373134328358,0.014925373134328358
5s6h,1.0,1.0,0.014925373134328358,0.014925373134328358
5s5h,67.0,67.0,1.0,1.0
5s4h,1.0,1.0,0.014925373134328358,0.014925373134328358
5s3h,1.0,1.0,0.014925373134328358,0.014925373134328358
5s2h,1.0,1.0,0.014925373134328358,0.014925373134328358
4s3s,40.0,1.0,0.5970149253731343,0.014925373134328358
4s2s,1.0,1.0,0.014925373134328358,0.014925373134328358
4sAc,67.0,67.0,1.0,1.0
4sKc,67.0,67.0,1.0,1.0
4sQc,4.0,2.0,0.05970149253731343,0.029850746268656716
4sJc,1.0,1.0,0.014925373134328358,0.014925373134328358
4sTc,1.0,1.0,0.014925373134328358,0.014925373134328358
4s9c,1.0,1.0,0.014925373134328358,0.014925373134328358
4s8c,1.0,1.0,0.014925373134328358,0.014925373134328358
4s7c,1.0,1.0,0.014925373134328358,0.014925373134328358
4s6c,1.0,1.0,0.014925373134328358,0.014925373134328358
4s5c,1.0,1.0,0.014925373134328358,0.014925373134328358
4s4c,67.0,67.0,1.0,1.0
4s3c,1.0,1.0,0.014925373134328358,0.014925373134328358
4s2c,1.0,1.0,0.014925373134328358,0.014925373134328358
4sAd,67.0,67.0,1.0,1.0
4sKd,67.0,67.0,1.0,1.0
4sQd,4.0,2.0,0.05970149253731343,0.029850746268656716
4sJd,1.0,1.0,0.014925373134328358,0.014925373134328358
4sTd,1.0,1.0,0.014925373134328358,0.014925373134328358
4s9d,1.0,1.0,0.014925373134328358,0.014925373134328358
4s8d,1.0,1.0,0.014925373134328358,0.014925373134328358
4s7d,1.0,1.0,0.014925373134328358,0.014925373134328358
4s6d,1.0,1.0,0.014925373134328358,0.014925373134328358
4s5d,1.0,1.0,0.014925373134328358,0.014925373134328358
4s4d,67.0,67.0,1.0,1.0
4s3d,1.0,1.0,0.014925373134328358,0.014925373134328358
4s2d,1.0,1.0,0.014925373134328358,0.014925373134328358
4sAh,67.0,67.0,1.0,1.0
4sKh,67.0,67.0,1.0,1.0
4sQh,4.0,2.0,0.05970149253731343,0.029850746268656716
4sJh,1.0,1.0,0.014925373134328358,0.014925373134328358
4sTh,1.0,1.0,0.014925373134328358,0.014925373134328358
4s9h,1.0,1.0,0.014925373134328358,0.014925373134328358
4s8h,1.0,1.0,0.014925373134328358,0.014925373134328358
4s7h,1.0,1.0,0.014925373134328358,0.014925373134328358
4s6h,1.0,1.0,0.014925373134328358,0.014925373134328358
4s5h,1.0,1.0,0.014925373134328358,0.014925373134328358
4s4h,67.0,67.0,1.0,1.0
4s3h,1.0,1.0,0.014925373134328358,0.014925373134328358
4s2h,1.0,1.0,0.014925373134328358,0.014925373134328358
3s2s,1.0,1.0,0.014925373134328358,0.014925373134328358
3sAc,67.0,67.0,1.0,1.0
3sKc,67.0,67.0,1.0,1.0
3sQc,3.0,2.0,0.04477611940298507,0.029850746268656716
3sJc,1.0,1.0,0.014925373134328358,0.014925373134328358
3sTc,1.0,1.0,0.014925373134328358,0.014925373134328358
3s9c,1.0,1.0,0.014925373134328358,0.014925373134328358
3s8c,1.0,1.0,0.014925373134328358,0.014925373134328358
3s7c,1.0,1.0,0.014925373134328358,0.014925373134328358
3s6c,1.0,1.0,0.014925373134328358,0.014925373134328358
3s5c,1.0,1.0,0.014925373134328358,0.014925373134328358
3s4c,1.0,1.0,0.014925373134328358,0.014925373134328358
3s3c,67.0,67.0,1.0,1.0
3s2c,1.0,1.0,0.014925373134328358,0.014925373134328358
3sAd,67.0,67.0,1.0,1.0
3sKd,67.0,67.0,1.0,1.0
3sQd,3.0,2.0,0.04477611940298507,0.029850746268656716
3sJd,1.0,1.0,0.014925373134328358,0.014925373134328358
3sTd,1.0,1.0,0.014925373134328358,0.014925373134328358
3s9d,1.0,1.0,0.014925373134328358,0.014925373134328358
3s8d,1.0,1.0,0.014925373134328358,0.014925373134328358
3s7d,1.0,1.0,0.014925373134328358,0.014925373134328358
3s6d,1.0,1.0,0.014925373134328358,0.014925373134328358
3s5d,1.0,1.0,0.014925373134328358,0.014925373134328358
3s4d,1.0,1.0,0.014925373134328358,0.014925373134328358
3s3d,67.0,67.0,1.0,1.0
3s2d,1.0,1.0,0.014925373134328358,0.014925373134328358
3sAh,67.0,67.0,1.0,1.0
3sKh,67.0,67.0,1.0,1.0
3sQh,3.0,2.0,0.04477611940298507,0.029850746268656716
3sJh,1.0,1.0,0.014925373134328358,0.014925373134328358
3sTh,1.0,1.0,0.014925373134328358,0.014925373134328358
3s9h,1.0,1.0,0.014925373134328358,0.014925373134328358
3s8h,1.0,1.0,0.014925373134328358,0.014925373134328358
3s7h,1.0,1.0,0.014925373134328358,0.014925373134328358
3s6h,1.0,1.0,0.014925373134328358,0.014925373134328358
3s5h,1.0,1.0,0.014925373134328358,0.014925373134328358
3s4h,1.0,1.0,0.014925373134328358,0.014925373134328358
3s3h,67.0,67.0,1.0,1.0
3s2h,1.0,1.0,0.014925373134328358,0.014925373134328358
2sAc,67.0,67.0,1.0,1.0
2sKc,67.0,9.0,1.0,0.13432835820895522
2sQc,2.0,1.0,0.029850746268656716,0.014925373134328358
2sJc,1.0,1.0,0.014925373134328358,0.014925373134328358
2sTc,1.0,1.0,0.014925373134328358,0.014925373134328358
2s9c,1.0,1.0,0.014925373134328358,0.014925373134328358
2s8c,1.0,1.0,0.014925373134328358,0.014925373134328358
2s7c,1.0,1.0,0.014925373134328358,0.014925373134328358
2s6c,1.0,1.0,0.014925373134328358,0.014925373134328358
2s5c,1.0,1.0,0.014925373134328358,0.014925373134328358
2s4c,1.0,1.0,0.014925373134328358,0.014925373134328358
2s3c,1.0,1.0,0.014925373134328358,0.014925373134328358
2s2c,67.0,67.0,1.0,1.0
2sAd,67.0,67.0,1.0,1.0
2sKd,67.0,9.0,1.0,0.13432835820895522
2sQd,2.0,1.0,0.029850746268656716,0.014925373134328358
2sJd,1.0,1.0,0.014925373134328358,0.014925373134328358
2sTd,1.0,1.0,0.014925373134328358,0.014925373134328358
2s9d,1.0,1.0,0.014925373134328358,0.014925373134328358
2s8d,1.0,1.0,0.014925373134328358,0.014925373134328358
2s7d,1.0,1.0,0.014925373134328358,0.014925373134328358
2s6d,1.0,1.0,0.014925373134328358,0.014925373134328358
2s5d,1.0,1.0,0.014925373134328358,0.014925373134328358
2s4d,1.0,1.0,0.014925373134328358,0.014925373134328358
2s3d,1.0,1.0,0.014925373134328358,0.014925373134328358
2s2d,67.0,67.0,1.0,1.0
2sAh,67.0,67.0,1.0,1.0
2sKh,67.0,9.0,1.0,0.13432835820895522
2sQh,2.0,1.0,0.029850746268656716,0.014925373134328358
2sJh,1.0,1.0,0.014925373134328358,0.014925373134328358
2sTh,1.0,1.0,0.014925373134328358,0.014925373134328358
2s9h,1.0,1.0,0.014925373134328358,0.014925373134328358
2s8h,1.0,1.0,0.014925373134328358,0.014925373134328358
2s7h,1.0,1.0,0.014925373134328358,0.014925373134328358
2s6h,1.0,1.0,0.014925373134328358,0.014925373134328358
2s5h,1.0,1.0,0.014925373134328358,0.014925373134328358
2s4h,1.0,1.0,0.014925373134328358,0.014925373134328358
2s3h,1.0,1.0,0.014925373134328358,0.014925373134328358
2s2h,67.0,67.0,1.0,1.0
AcKc,67.0,67.0,1.0,1.0
AcQc,67.0,67.0,1.0,1.0
AcJc,67.0,67.0,1.0,1.0
AcTc,67.0,67.0,1.0,1.0
Ac9c,67.0,67.0,1.0,1.0
Ac8c,67.0,67.0,1.0,1.0
Ac7c,67.0,67.0,1.0,1.0
Ac6c,67.0,67.0,1.0,1.0
Ac5c,67.0,67.0,1.0,1.0
Ac4c,67.0,67.0,1.0,1.0
Ac3c,67.0,67.0,1.0,1.0
Ac2c,67.0,67.0,1.0,1.0
AcAd,67.0,67.0,1.0,1.0
AcKd,67.0,67.0,1.0,1.0
AcQd,67.0,67.0,1.0,1.0
AcJd,67.0,67.0,1.0,1.0
AcTd,67.0,67.0,1.0,1.0
Ac9d,67.0,67.0,1.0,1.0
Ac8d,67.0,67.0,1.0,1.0
Ac7d,67.0,67.0,1.0,1.0
Ac6d,67.0,67.0,1.0,1.0
Ac5d,67.0,67.0,1.0,1.0
Ac4d,67.0,67.0,1.0,1.0
Ac3d,67.0,67.0,1.0,1.0
Ac2d,67.0,67.0,1.0,1.0
AcAh,67.0,67.0,1.0,1.0
AcKh,67.0,67.0,1.0,1.0
AcQh,67.0,67.0,1.0,1.0
AcJh,67.0,67.0,1.0,1.0
AcTh,67.0,67.0,1.0,1.0
Ac9h,67.0,67.0,1.0,1.0
Ac8h,67.0,67.0,1.0,1.0
Ac7h,67.0,67.0,1.0,1.0
Ac6h,67.0,67.0,1.0,1.0
Ac5h,67.0,67.0,1.0,1.0
Ac4h,67.0,67.0,1.0,1.0
Ac3h,67.0,67.0,1.0,1.0
Ac2h,67.0,67.0,1.0,1.0
KcQc,67.0,67.0,1.0,1.0
KcJc,67.0,67.0,1.0,1.0
KcTc,67.0,67.0,1.0,1.0
Kc9c,67.0,67.0,1.0,1.0
Kc8c,67.0,67.0,1.0,1.0
Kc7c,67.0,67.0,1.0,1.0
Kc6c,67.0,67.0,1.0,1.0
Kc5c,67.0,67.0,1.0,1.0
Kc4c,67.0,67.0,1.0,1.0
Kc3c,67.0,67.0,1.0,1.0
Kc2c,67.0,67.0,1.0,1.0
KcAd,67.0,67.0,1.0,1.0
KcKd,67.0,67.0,1.0,1.0
KcQd,67.0,67.0,1.0,1.0
KcJd,67.0,67.0,1.0,1.0
KcTd,67.0,67.0,1.0,1.0
Kc9d,67.0,67.0,1.0,1.0
Kc8d,67.0,67.0,1.0,1.0
Kc7d,67.0,67.0,1.0,1.0
Kc6d,67.0,67.0,1.0,1.0
Kc5d,67.0,67.0,1.0,1.0
Kc4d,67.0,67.0,1.0,1.0
Kc3d,67.0,67.0,1.0,1.0
Kc2d,67.0,11.0,1.0,0.16417910447761194
KcAh,67.0,67.0,1.0,1.0
KcKh,67.0,67.0,1.0,1.0
KcQh,67.0,67.0,1.0,1.0
KcJh,67.0,67.0,1.0,1.0
KcTh,67.0,67.0,1.0,1.0
Kc9h,67.0,67.0,1.0,1.0
Kc8h,67.0,67.0,1.0,1.0
Kc7h,67.0,67.0,1.0,1.0
Kc6h,67.0,67.0,1.0,1.0
Kc5h,67.0,67.0,1.0,1.0
Kc4h,67.0,67.0,1.0,1.0
Kc3h,67.0,67.0,1.0,1.0
Kc2h,67.0,11.0,1.0,0.16417910447761194
QcJc,67.0,67.0,1.0,1.0
QcTc,67.0,67.0,1.0,1.0
Qc9c,67.0,67.0,1.0,1.0
Qc8c,67.0,67.0,1.0,1.0
Qc7c,67.0,67.0,1.0,1.0
Qc6c,67.0,67.0,1.0,1.0
Qc5c,67.0,67.0,1.0,1.0
Qc4c,67.0,67.0,1.0,1.0
Qc3c,67.0,9.0,1.0,0.13432835820895522
Qc2c,67.0,6.0,1.0,0.08955223880597014
QcAd,67.0,67.0,1.0,1.0
QcKd,67.0,67.0,1.0,1.0
QcQd,67.0,67.0,1.0,1.0
QcJd,67.0,67.0,1.0,1.0
QcTd,67.0,67.0,1.0,1.0
Qc9d,67.0,67.0,1.0,1.0
Qc8d,67.0,67.0,1.0,1.0
Qc7d,67.0,5.0,1.0,0.07462686567164178
Qc6d,67.0,4.0,1.0,0.05970149253731343
Qc5d,67.0,3.0,1.0,0.04477611940298507
Qc4d,67.0,2.0,1.0,0.029850746268656716
Qc3d,4.0,2.0,0.05970149253731343,0.029850746268656716
Qc2d,2.0,1.0,0.029850746268656716,0.014925373134328358
QcAh,67.0,67.0,1.0,1.0
QcKh,67.0,67.0,1.0,1.0
QcQh,67.0,67.0,1.0,1.0
QcJh,67.0,67.0,1.0,1.0
QcTh,67.0,67.0,1.0,1.0
Qc9h,67.0,67.0,1.0,1.0
Qc8h,67.0,67.0,1.0,1.0
Qc7h,67.0,5.0,1.0,0.07462686567164178
Qc6h,67.0,4.0,1.0,0.05970149253731343
Qc5h,67.0,3.0,1.0,0.04477611940298507
Qc4h,67.0,2.0,1.0,0.029850746268656716
Qc3h,4.0,2.0,0.05970149253731343,0.029850746268656716
Qc2h,2.0,1.0,0.029850746268656716,0.014925373134328358
JcTc,67.0,67.0,1.0,1.0
Jc9c,67.0,67.0,1.0,1.0
Jc8c,67.0,67.0,1.0,1.0
Jc7c,67.0,9.0,1.0,0.13432835820895522
Jc6c,67.0,4.0,1.0,0.05970149253731343
Jc5c,67.0,3.0,1.0,0.04477611940298507
Jc4c,67.0,2.0,1.0,0.029850746268656716
Jc3c,67.0,2.0,1.0,0.029850746268656716
Jc2c,67.0,1.0,1.0,0.014925373134328358
JcAd,67.0,67.0,1.0,1.0
JcKd,67.0,67.0,1.0,1.0
JcQd,67.0,67.0,1.0,1.0
JcJd,67.0,67.0,1.0,1.0
JcTd,67.0,67.0,1.0,1.0
Jc9d,67.0,24.0,1.0,0.3582089552238806
Jc8d,67.0,4.0,1.0,0.05970149253731343
Jc7d,53.0,2.0,0.7910447761194029,0.029850746268656716
Jc6d,2.0,1.0,0.029850746268656716,0.014925373134328358
Jc5d,2.0,1.0,0.029850746268656716,0.014925373134328358
Jc4d,1.0,1.0,0.014925373134328358,0.014925373134328358
Jc3d,1.0,1.0,0.014925373134328358,0.014925373134328358
Jc2d,1.0,1.0,0.014925373134328358,0.014925373134328358
JcAh,67.0,67.0,1.0,1.0
JcKh,67.0,67.0,1.0,1.0
JcQh,67.0,67.0,1.0,1.0
JcJh,67.0,67.0,1.0,1.0
JcTh,67.0,67.0,1.0,1.0
Jc9h,67.0,24.0,1.0,0.3582089552238806
Jc8h,67.0,4.0,1.0,0.05970149253731343
Jc7h,53.0,2.0,0.7910447761194029,0.029850746268656716
Jc6h,2.0,1.0,0.029850746268656716,0.014925373134328358
Jc5h,2.0,1.0,0.029850746268656716,0.014925373134328358
Jc4h,1.0,1.0,0.014925373134328358,0.014925373134328358
Jc3h,1.0,1.0,0.014925373134328358,0.014925373134328358
Jc2h,1.0,1.0,0.014925373134328358,0.014925373134328358
Tc9c,67.0,67.0,1.0,1.0
Tc8c,67.0,36.0,1.0,0.5373134328358209
Tc7c,67.0,4.0,1.0,0.05970149253731343
Tc6c,67.0,2.0,1.0,0.029850746268656716
Tc5c,67.0,1.0,1.0,0.014925373134328358
Tc4c,67.0,1.0,1.0,0.014925373134328358
Tc3c,64.0,1.0,0.9552238805970149,0.014925373134328358
Tc2c,57.0,1.0,0.8507462686567164,0.014925373134328358
TcAd,67.0,67.0,1.0,1.0
TcKd,67.0,67.0,1.0,1.0
TcQd,67.0,67.0,1.0,1.0
TcJd,67.0,67.0,1.0,1.0
TcTd,67.0,67.0,1.0,1.0
Tc9d,67.0,4.0,1.0,0.05970149253731343
Tc8d,67.0,2.0,1.0,0.029850746268656716
Tc7d,37.0,1.0,0.5522388059701493,0.014925373134328358
Tc6d,1.0,1.0,0.014925373134328358,0.014925373134328358
Tc5d,1.0,1.0,0.014925373134328358,0.014925373134328358
Tc4d,1.0,1.0,0.014925373134328358,0.014925373134328358
Tc3d,1.0,1.0,0.014925373134328358,0.014925373134328358
Tc2d,1.0,1.0,0.014925373134328358,0.014925373134328358
TcAh,67.0,67.0,1.0,1.0
TcKh,67.0,67.0,1.0,1.0
TcQh,67.0,67.0,1.0,1.0
TcJh,67.0,67.0,1.0,1.0
TcTh,67.0,67.0,1.0,1.0
Tc9h,67.0,4.0,1.0,0.05970149253731343
Tc8h,67.0,2.0,1.0,0.029850746268656716
Tc7h,37.0,1.0,0.5522388059701493,0.014925373134328358
Tc6h,1.0,1.0,0.014925373134328358,0.014925373134328358
Tc5h,1.0,1.0,0.014925373134328358,0.014925373134328358
Tc4h,1.0,1.0,0.014925373134328358,0.014925373134328358
Tc3h,1.0,1.0,0.014925373134328358,0.014925373134328358
Tc2h,1.0,1.0,0.014925373134328358,0.014925373134328358
9c8c,67.0,7.0,1.0,0.1044776119402985
9c7c,67.0,3.0,1.0,0.04477611940298507
9c6c,67.0,1.0,1.0,0.014925373134328358
9c5c,67.0,1.0,1.0,0.014925373134328358
9c4c,58.0,1.0,0.8656716417910447,0.014925373134328358
9c3c,55.0,1.0,0.8208955223880597,0.014925373134328358
9c2c,34.0,1.0,0.5074626865671642,0.014925373134328358
9cAd,67.0,67.0,1.0,1.0
9cKd,67.0,67.0,1.0,1.0
9cQd,67.0,67.0,1.0,1.0
9cJd,67.0,48.0,1.0,0.7164179104477612
9cTd,67.0,5.0,1.0,0.07462686567164178
9c9d,67.0,67.0,1.0,1.0
9c8d,67.0,1.0,1.0,0.014925373134328358
9c7d,36.0,1.0,0.5373134328358209,0.014925373134328358
9c6d,1.0,1.0,0.014925373134328358,0.014925373134328358
9c5d,1.0,1.0,0.014925373134328358,0.014925373134328358
9c4d,1.0,1.0,0.014925373134328358,0.014925373134328358
9c3d,1.0,1.0,0.014925373134328358,0.014925373134328358
9c2d,1.0,1.0,0.014925373134328358,0.014925373134328358
9cAh,67.0,67.0,1.0,1.0
9cKh,67.0,67.0,1.0,1.0
9cQh,67.0,67.0,1.0,1.0
9cJh,67.0,48.0,1.0,0.7164179104477612
9cTh,67.0,5.0,1.0,0.07462686567164178
9c9h,67.0,67.0,1.0,1.0
9c8h,67.0,1.0,1.0,0.014925373134328358
9c7h,36.0,1.0,0.5373134328358209,0.014925373134328358
9c6h,1.0,1.0,0.014925373134328358,0.014925373134328358
9c5h,1.0,1.0,0.014925373134328358,0.014925373134328358
9c4h,1.0,1.0,0.014925373134328358,0.014925373134328358
9c3h,1.0,1.0,0.014925373134328358,0.014925373134328358
9c2h,1.0,1.0,0.014925373134328358,0.014925373134328358
8c7c,67.0,2.0,1.0,0.029850746268656716
8c6c,67.0,1.0,1.0,0.014925373134328358
8c5c,65.0,1.0,0.9701492537313433,0.014925373134328358
8c4c,57.0,1.0,0.8507462686567164,0.014925373134328358
8c3c,1.0,1.0,0.014925373134328358,0.014925373134328358
8c2c,1.0,1.0,0.014925373134328358,0.014925373134328358
8cAd,67.0,67.0,1.0,1.0
8cKd,67.0,67.0,1.0,1.0
8cQd,67.0,67.0,1.0,1.0
8cJd,67.0,4.0,1.0,0.05970149253731343
8cTd,67.0,2.0,1.0,0.029850746268656716
8c9d,66.0,1.0,0.9850746268656716,0.014925373134328358
8c8d,67.0,67.0,1.0,1.0
8c7d,46.0,1.0,0.6865671641791045,0.014925373134328358
8c6d,1.0,1.0,0.014925373134328358,0.014925373134328358
8c5d,1.0,1.0,0.014925373134328358,0.014925373134328358
8c4d,1.0,1.0,0.014925373134328358,0.014925373134328358
8c3d,1.0,1.0,0.014925373134328358,0.014925373134328358
8c2d,1.0,1.0,0.014925373134328358,0.014925373134328358
8cAh,67.0,67.0,1.0,1.0
8cKh,67.0,67.0,1.0,1.0
8cQh,67.0,67.0,1.0,1.0
8cJh,67.0,4.0,1.0,0.05970149253731343
8cTh,67.0,2.0,1.0,0.029850746268656716
8c9h,66.0,1.0,0.9850746268656716,0.014925373134328358
8c8h,67.0,67.0,1.0,1.0
8c7h,46.0,1.0,0.6865671641791045,0.014925373134328358
8c6h,1.0,1.0,0.014925373134328358,0.014925373134328358
8c5h,1.0,1.0,0.014925373134328358,0.014925373134328358
8c4h,1.0,1.0,0.014925373134328358,0.014925373134328358
8c3h,1.0,1.0,0.014925373134328358,0.014925373134328358
8c2h,1.0,1.0,0.014925373134328358,0.014925373134328358
7c6c,67.0,1.0,1.0,0.014925373134328358
7c5c,64.0,1.0,0.9552238805970149,0.014925373134328358
7c4c,57.0,1.0,0.8507462686567164,0.014925373134328358
7c3c,1.0,1.0,0.014925373134328358,0.014925373134328358
7c2c,1.0,1.0,0.014925373134328358,0.014925373134328358
7cAd,67.0,67.0,1.0,1.0
7cKd,67.0,67.0,1.0,1.0
7cQd,67.0,6.0,1.0,0.08955223880597014
7cJd,4.0,2.0,0.05970149253731343,0.029850746268656716
7cTd,33.0,1.0,0.4925373134328358,0.014925373134328358
7c9d,45.0,1.0,0.6716417910447762,0.014925373134328358
7c8d,50.0,1.0,0.746268656716418,0.014925373134328358
7c7d,67.0,67.0,1.0,1.0
7c6d,1.0,1.0,0.014925373134328358,0.014925373134328358
7c5d,1.0,1.0,0.014925373134328358,0.014925373134328358
7c4d,1.0,1.0,0.014925373134328358,0.014925373134328358
7c3d,1.0,1.0,0.014925373134328358,0.014925373134328358
7c2d,1.0,1.0,0.014925373134328358,0.014925373134328358
7cAh,67.0,67.0,1.0,1.0
7cKh,67.0,67.0,1.0,1.0
7cQh,67.0,6.0,1.0,0.08955223880597014
7cJh,4.0,2.0,0.05970149253731343,0.029850746268656716
7cTh,33.0,1.0,0.4925373134328358,0.014925373134328358
7c9h,45.0,1.0,0.6716417910447762,0.014925373134328358
7c8h,50.0,1.0,0.746268656716418,0.014925373134328358
7c7h,67.0,67.0,1.0,1.0
7c6h,1.0,1.0,0.014925373134328358,0.014925373134328358
7c5h,1.0,1.0,0.014925373134328358,0.014925373134328358
7c4h,1.0,1.0,0.014925373134328358,0.014925373134328358
7c3h,1.0,1.0,0.014925373134328358,0.014925373134328358
7c2h,1.0,1.0,0.014925373134328358,0.014925373134328358
6c5c,64.0,1.0,0.9552238805970149,0.014925373134328358
6c4c,58.0,1.0,0.8656716417910447,0.014925373134328358
6c3c,40.0,1.0,0.5970149253731343,0.014925373134328358
6c2c,1.0,1.0,0.014925373134328358,0.014925373134328358
6cAd,67.0,67.0,1.0,1.0
6cKd,67.0,67.0,1.0,1.0
6cQd,67.0,4.0,1.0,0.05970149253731343
6cJd,2.0,1.0,0.029850746268656716,0.014925373134328358
6cTd,1.0,1.0,0.014925373134328358,0.014925373134328358
6c9d,1.0,1.0,0.014925373134328358,0.014925373134328358
6c8d,1.0,1.0,0.014925373134328358,0.014925373134328358
6c7d,1.0,1.0,0.014925373134328358,0.014925373134328358
6c6d,67.0,67.0,1.0,1.0
6c5d,1.0,1.0,0.014925373134328358,0.014925373134328358
6c4d,1.0,1.0,0.014925373134328358,0.014925373134328358
6c3d,1.0,1.0,0.014925373134328358,0.014925373134328358
6c2d,1.0,1.0,0.014925373134328358,0.014925373134328358
6cAh,67.0,67.0,1.0,1.0
6cKh,67.0,67.0,1.0,1.0
6cQh,67.0,4.0,1.0,0.05970149253731343
6cJh,2.0,1.0,0.029850746268656716,0.014925373134328358
6cTh,1.0,1.0,0.014925373134328358,0.014925373134328358
6c9h,1.0,1.0,0.014925373134328358,0.014925373134328358
6c8h,1.0,1.0,0.014925373134328358,0.014925373134328358
6c7h,1.0,1.0,0.014925373134328358,0.014925373134328358
6c6h,67.0,67.0,1.0,1.0
6c5h,1.0,1.0,0.014925373134328358,0.014925373134328358
6c4h,1.0,1.0,0.014925373134328358,0.014925373134328358
6c3h,1.0,1.0,0.014925373134328358,0.014925373134328358
6c2h,1.0,1.0,0.014925373134328358,0.014925373134328358
5c4c,61.0,1.0,0.9104477611940298,0.014925373134328358
5c3c,52.0,1.0,0.7761194029850746,0.014925373134328358
5c2c,1.0,1.0,0.014925373134328358,0.014925373134328358
5cAd,67.0,67.0,1.0,1.0
5cKd,67.0,67.0,1.0,1.0
5cQd,15.0,3.0,0.22388059701492538,0.04477611940298507
5cJd,2.0,1.0,0.029850746268656716,0.014925373134328358
5cTd,1.0,1.0,0.014925373134328358,0.014925373134328358
5c9d,1.0,1.0,0.014925373134328358,0.014925373134328358
5c8d,1.0,1.0,0.014925373134328358,0.014925373134328358
5c7d,1.0,1.0,0.014925373134328358,0.014925373134328358
5c6d,1.0,1.0,0.014925373134328358,0.014925373134328358
5c5d,67.0,67.0,1.0,1.0
5c4d,1.0,1.0,0.014925373134328358,0.014925373134328358
5c3d,1.0,1.0,0.014925373134328358,0.014925373134328358
5c2d,1.0,1.0,0.014925373134328358,0.014925373134328358
5cAh,67.0,67.0,1.0,1.0
5cKh,67.0,67.0,1.0,1.0
5cQh,16.0,3.0,0.23880597014925373,0.04477611940298507
5cJh,2.0,1.0,0.029850746268656716,0.014925373134328358
5cTh,1.0,1.0,0.014925373134328358,0.014925373134328358
5c9h,1.0,1.0,0.014925373134328358,0.014925373134328358
5c8h,1.0,1.0,0.014925373134328358,0.014925373134328358
5c7h,1.0,1.0,0.014925373134328358,0.014925373134328358
5c6h,1.0,1.0,0.014925373134328358,0.014925373134328358
5c5h,67.0,67.0,1.0,1.0
5c4h,1.0,1.0,0.014925373134328358,0.014925373134328358
5c3h,1.0,1.0,0.014925373134328358,0.014925373134328358
5c2h,1.0,1.0,0.014925373134328358,0.014925373134328358
4c3c,40.0,1.0,0.5970149253731343,0.014925373134328358
4c2c,1.0,1.0,0.014925373134328358,0.014925373134328358
4cAd,67.0,67.0,1.0,1.0
4cKd,67.0,67.0,1.0,1.0
4cQd,4.0,2.0,0.05970149253731343,0.029850746268656716
4cJd,1.0,1.0,0.014925373134328358,0.014925373134328358
4cTd,1.0,1.0,0.014925373134328358,0.014925373134328358
4c9d,1.0,1.0,0.014925373134328358,0.014925373134328358
4c8d,1.0,1.0,0.014925373134328358,0.014925373134328358
4c7d,1.0,1.0,0.014925373134328358,0.014925373134328358
4c6d,1.0,1.0,0.014925373134328358,0.014925373134328358
4c5d,1.0,1.0,0.014925373134328358,0.014925373134328358
4c4d,67.0,67.0,1.0,1.0
4c3d,1.0,1.0,0.014925373134328358,0.014925373134328358
4c2d,1.0,1.0,0.014925373134328358,0.014925373134328358
4cAh,67.0,67.0,1.0,1.0
4cKh,67.0,67.0,1.0,1.0
4cQh,4.0,2.0,0.05970149253731343,0.029850746268656716
4cJh,1.0,1.0,0.014925373134328358,0.014925373134328358
4cTh,1.0,1.0,0.014925373134328358,0.014925373134328358
4c9h,1.0,1.0,0.014925373134328358,0.014925373134328358
4c8h,1.0,1.0,0.014925373134328358,0.014925373134328358
4c7h,1.0,1.0,0.014925373134328358,0.014925373134328358
4c6h,1.0,1.0,0.014925373134328358,0.014925373134328358
4c5h,1.0,1.0,0.014925373134328358,0.014925373134328358
4c4h,67.0,67.0,1.0,1.0
4c3h,1.0,1.0,0.014925373134328358,0.014925373134328358
4c2h,1.0,1.0,0.014925373134328358,0.014925373134328358
3c2c,1.0,1.0,0.014925373134328358,0.014925373134328358
3cAd,67.0,67.0,1.0,1.0
3cKd,67.0,67.0,1.0,1.0
3cQd,3.0,2.0,0.04477611940298507,0.029850746268656716
3cJd,1.0,1.0,0.014925373134328358,0.014925373134328358
3cTd,1.0,1.0,0.014925373134328358,0.014925373134328358
3c9d,1.0,1.0,0.014925373134328358,0.014925373134328358
3c8d,1.0,1.0,0.014925373134328358,0.014925373134328358
3c7d,1.0,1.0,0.014925373134328358,0.014925373134328358
3c6d,1.0,1.0,0.014925373134328358,0.014925373134328358
3c5d,1.0,1.0,0.014925373134328358,0.014925373134328358
3c4d,1.0,1.0,0.014925373134328358,0.014925373134328358
3c3d,67.0,67.0,1.0,1.0
3c2d,1.0,1.0,0.014925373134328358,0.014925373134328358
3cAh,67.0,67.0,1.0,1.0
3cKh,67.0,67.0,1.0,1.0
3cQh,3.0,2.0,0.04477611940298507,0.029850746268656716
3cJh,1.0,1.0,0.014925373134328358,0.014925373134328358
3cTh,1.0,1.0,0.014925373134328358,0.014925373134328358
3c9h,1.0,1.0,0.014925373134328358,0.014925373134328358
3c8h,1.0,1.0,0.014925373134328358,0.014925373134328358
3c7h,1.0,1.0,0.014925373134328358,0.014925373134328358
3c6h,1.0,1.0,0.014925373134328358,0.014925373134328358
3c5h,1.0,1.0,0.014925373134328358,0.014925373134328358
3c4h,1.0,1.0,0.014925373134328358,0.014925373134328358
3c3h,67.0,67.0,1.0,1.0
3c2h,1.0,1.0,0.014925373134328358,0.014925373134328358
2cAd,67.0,67.0,1.0,1.0
2cKd,67.0,9.0,1.0,0.13432835820895522
2cQd,2.0,1.0,0.029850746268656716,0.014925373134328358
2cJd,1.0,1.0,0.014925373134328358,0.014925373134328358
2cTd,1.0,1.0,0.014925373134328358,0.014925373134328358
2c9d,1.0,1.0,0.014925373134328358,0.014925373134328358
2c8d,1.0,1.0,0.014925373134328358,0.014925373134328358
2c7d,1.0,1.0,0.014925373134328358,0.014925373134328358
2c6d,1.0,1.0,0.014925373134328358,0.014925373134328358
2c5d,1.0,1.0,0.014925373134328358,0.014925373134328358
2c4d,1.0,1.0,0.014925373134328358,0.014925373134328358
2c3d,1.0,1.0,0.014925373134328358,0.014925373134328358
2c2d,67.0,67.0,1.0,1.0
2cAh,67.0,67.0,1.0,1.0
2cKh,67.0,9.0,1.0,0.13432835820895522
2cQh,2.0,1.0,0.029850746268656716,0.014925373134328358
2cJh,1.0,1.0,0.014925373134328358,0.014925373134328358
2cTh,1.0,1.0,0.014925373134328358,0.014925373134328358
2c9h,1.0,1.0,0.014925373134328358,0.014925373134328358
2c8h,1.0,1.0,0.014925373134328358,0.014925373134328358
2c7h,1.0,1.0,0.014925373134328358,0.014925373134328358
2c6h,1.0,1.0,0.014925373134328358,0.014925373134328358
2c5h,1.0,1.0,0.014925373134328358,0.014925373134328358
2c4h,1.0,1.0,0.014925373134328358,0.014925373134328358
2c3h,1.0,1.0,0.014925373134328358,0.014925373134328358
2c2h,67.0,67.0,1.0,1.0
AdKd,67.0,67.0,1.0,1.0
AdQd,67.0,67.0,1.0,1.0
AdJd,67.0,67.0,1.0,1.0
AdTd,67.0,67.0,1.0,1.0
Ad9d,67.0,67.0,1.0,1.0
Ad8d,67.0,67.0,1.0,1.0
Ad7d,67.0,67.0,1.0,1.0
Ad6d,67.0,67.0,1.0,1.0
Ad5d,67.0,67.0,1.0,1.0
Ad4d,67.0,67.0,1.0,1.0
Ad3d,67.0,67.0,1.0,1.0
Ad2d,67.0,67.0,1.0,1.0
AdAh,67.0,67.0,1.0,1.0
AdKh,67.0,67.0,1.0,1.0
AdQh,67.0,67.0,1.0,1.0
AdJh,67.0,67.0,1.0,1.0
AdTh,67.0,67.0,1.0,1.0
Ad9h,67.0,67.0,1.0,1.0
Ad8h,67.0,67.0,1.0,1.0
Ad7h,67.0,67.0,1.0,1.0
Ad6h,67.0,67.0,1.0,1.0
Ad5h,67.0,67.0,1.0,1.0
Ad4h,67.0,67.0,1.0,1.0
Ad3h,67.0,67.0,1.0,1.0
Ad2h,67.0,67.0,1.0,1.0
KdQd,67.0,67.0,1.0,1.0
KdJd,67.0,67.0,1.0,1.0
KdTd,67.0,67.0,1.0,1.0
Kd9d,67.0,67.0,1.0,1.0
Kd8d,67.0,67.0,1.0,1.0
Kd7d,67.0,67.0,1.0,1.0
Kd6d,67.0,67.0,1.0,1.0
Kd5d,67.0,67.0,1.0,1.0
Kd4d,67.0,67.0,1.0,1.0
Kd3d,67.0,67.0,1.0,1.0
Kd2d,67.0,67.0,1.0,1.0
KdAh,67.0,67.0,1.0,1.0
KdKh,67.0,67.0,1.0,1.0
KdQh,67.0,67.0,1.0,1.0
KdJh,67.0,67.0,1.0,1.0
KdTh,67.0,67.0,1.0,1.0
Kd9h,67.0,67.0,1.0,1.0
Kd8h,67.0,67.0,1.0,1.0
Kd7h,67.0,67.0,1.0,1.0
Kd6h,67.0,67.0,1.0,1.0
Kd5h,67.0,67.0,1.0,1.0
Kd4h,67.0,67.0,1.0,1.0
Kd3h,67.0,67.0,1.0,1.0
Kd2h,67.0,11.0,1.0,0.16417910447761194
QdJd,67.0,67.0,1.0,1.0
QdTd,67.0,67.0,1.0,1.0
Qd9d,67.0,67.0,1.0,1.0
Qd8d,67.0,67.0,1.0,1.0
Qd7d,67.0,67.0,1.0,1.0
Qd6d,67.0,67.0,1.0,1.0
Qd5d,67.0,67.0,1.0,1.0
Qd4d,67.0,67.0,1.0,1.0
Qd3d,67.0,9.0,1.0,0.13432835820895522
Qd2d,67.0,6.0,1.0,0.08955223880597014
QdAh,67.0,67.0,1.0,1.0
QdKh,67.0,67.0,1.0,1.0
QdQh,67.0,67.0,1.0,1.0
QdJh,67.0,67.0,1.0,1.0
QdTh,67.0,67.0,1.0,1.0
Qd9h,67.0,67.0,1.0,1.0
Qd8h,67.0,67.0,1.0,1.0
Qd7h,67.0,5.0,1.0,0.07462686567164178
Qd6h,67.0,4.0,1.0,0.05970149253731343
Qd5h,67.0,3.0,1.0,0.04477611940298507
Qd4h,67.0,2.0,1.0,0.029850746268656716
Qd3h,4.0,2.0,0.05970149253731343,0.029850746268656716
Qd2h,2.0,1.0,0.029850746268656716,0.014925373134328358
JdTd,67.0,67.0,1.0,1.0
Jd9d,67.0,67.0,1.0,1.0
Jd8d,67.0,67.0,1.0,1.0
Jd7d,67.0,9.0,1.0,0.13432835820895522
Jd6d,67.0,4.0,1.0,0.05970149253731343
Jd5d,67.0,3.0,1.0,0.04477611940298507
Jd4d,67.0,2.0,1.0,0.029850746268656716
Jd3d,67.0,2.0,1.0,0.029850746268656716
Jd2d,67.0,1.0,1.0,0.014925373134328358
JdAh,67.0,67.0,1.0,1.0
JdKh,67.0,67.0,1.0,1.0
JdQh,67.0,67.0,1.0,1.0
JdJh,67.0,67.0,1.0,1.0
JdTh,67.0,67.0,1.0,1.0
Jd9h,67.0,24.0,1.0,0.3582089552238806
Jd8h,67.0,4.0,1.0,0.05970149253731343
Jd7h,53.0,2.0,0.7910447761194029,0.029850746268656716
Jd6h,2.0,1.0,0.029850746268656716,0.014925373134328358
Jd5h,2.0,1.0,0.029850746268656716,0.014925373134328358
Jd4h,1.0,1.0,0.014925373134328358,0.014925373134328358
Jd3h,1.0,1.0,0.014925373134328358,0.014925373134328358
Jd2h,1.0,1.0,0.014925373134328358,0.014925373134328358
Td9d,67.0,67.0,1.0,1.0
Td8d,67.0,36.0,1.0,0.5373134328358209
Td7d,67.0,4.0,1.0,0.05970149253731343
Td6d,67.0,2.0,1.0,0.029850746268656716
Td5d,67.0,1.0,1.0,0.014925373134328358
Td4d,67.0,1.0,1.0,0.014925373134328358
Td3d,64.0,1.0,0.9552238805970149,0.014925373134328358
Td2d,57.0,1.0,0.8507462686567164,0.014925373134328358
TdAh,67.0,67.0,1.0,1.0
TdKh,67.0,67.0,1.0,1.0
TdQh,67.0,67.0,1.0,1.0
TdJh,67.0,67.0,1.0,1.0
TdTh,67.0,67.0,1.0,1.0
Td9h,67.0,4.0,1.0,0.05970149253731343
Td8h,67.0,2.0,1.0,0.029850746268656716
Td7h,37.0,1.0,0.5522388059701493,0.014925373134328358
Td6h,1.0,1.0,0.014925373134328358,0.014925373134328358
Td5h,1.0,1.0,0.014925373134328358,0.014925373134328358
Td4h,1.0,1.0,0.014925373134328358,0.014925373134328358
Td3h,1.0,1.0,0.014925373134328358,0.014925373134328358
Td2h,1.0,1.0,0.014925373134328358,0.014925373134328358
9d8d,67.0,7.0,1.0,0.1044776119402985
9d7d,67.0,3.0,1.0,0.04477611940298507
9d6d,67.0,1.0,1.0,0.014925373134328358
9d5d,67.0,1.0,1.0,0.014925373134328358
9d4d,58.0,1.0,0.8656716417910447,0.014925373134328358
9d3d,55.0,1.0,0.8208955223880597,0.014925373134328358
9d2d,34.0,1.0,0.5074626865671642,0.014925373134328358
9dAh,67.0,67.0,1.0,1.0
9dKh,67.0,67.0,1.0,1.0
9dQh,67.0,67.0,1.0,1.0
9dJh,67.0,48.0,1.0,0.7164179104477612
9dTh,67.0,5.0,1.0,0.07462686567164178
9d9h,67.0,67.0,1.0,1.0
9d8h,67.0,1.0,1.0,0.014925373134328358
9d7h,36.0,1.0,0.5373134328358209,0.014925373134328358
9d6h,1.0,1.0,0.014925373134328358,0.014925373134328358
9d5h,1.0,1.0,0.014925373134328358,0.014925373134328358
9d4h,1.0,1.0,0.014925373134328358,0.014925373134328358
9d3h,1.0,1.0,0.014925373134328358,0.014925373134328358
9d2h,1.0,1.0,0.014925373134328358,0.014925373134328358
8d7d,67.0,2.0,1.0,0.029850746268656716
8d6d,67.0,1.0,1.0,0.014925373134328358
8d5d,65.0,1.0,0.9701492537313433,0.014925373134328358
8d4d,57.0,1.0,0.8507462686567164,0.014925373134328358
8d3d,1.0,1.0,0.014925373134328358,0.014925373134328358
8d2d,1.0,1.0,0.014925373134328358,0.014925373134328358
8dAh,67.0,67.0,1.0,1.0
8dKh,67.0,67.0,1.0,1.0
8dQh,67.0,67.0,1.0,1.0
8dJh,67.0,4.0,1.0,0.05970149253731343
8dTh,67.0,2.0,1.0,0.029850746268656716
8d9h,66.0,1.0,0.9850746268656716,0.014925373134328358
8d8h,67.0,67.0,1.0,1.0
8d7h,46.0,1.0,0.6865671641791045,0.014925373134328358
8d6h,1.0,1.0,0.014925373134328358,0.014925373134328358
8d5h,1.0,1.0,0.014925373134328358,0.014925373134328358
8d4h,1.0,1.0,0.014925373134328358,0.014925373134328358
8d3h,1.0,1.0,0.014925373134328358,0.014925373134328358
8d2h,1.0,1.0,0.014925373134328358,0.014925373134328358
7d6d,67.0,1.0,1.0,0.014925373134328358
7d5d,64.0,1.0,0.9552238805970149,0.014925373134328358
7d4d,57.0,1.0,0.8507462686567164,0.014925373134328358
7d3d,1.0,1.0,0.014925373134328358,0.014925373134328358
7d2d,1.0,1.0,0.014925373134328358,0.014925373134328358
7dAh,67.0,67.0,1.0,1.0
7dKh,67.0,67.0,1.0,1.0
7dQh,67.0,6.0,1.0,0.08955223880597014
7dJh,4.0,2.0,0.05970149253731343,0.029850746268656716
7dTh,33.0,1.0,0.4925373134328358,0.014925373134328358
7d9h,45.0,1.0,0.6716417910447762,0.014925373134328358
7d8h,50.0,1.0,0.746268656716418,0.014925373134328358
7d7h,67.0,67.0,1.0,1.0
7d6h,1.0,1.0,0.014925373134328358,0.014925373134328358
7d5h,1.0,1.0,0.014925373134328358,0.014925373134328358
7d4h,1.0,1.0,0.014925373134328358,0.014925373134328358
7d3h,1.0,1.0,0.014925373134328358,0.014925373134328358
7d2h,1.0,1.0,0.014925373134328358,0.014925373134328358
6d5d,64.0,1.0,0.9552238805970149,0.014925373134328358
6d4d,58.0,1.0,0.8656716417910447,0.014925373134328358
6d3d,40.0,1.0,0.5970149253731343,0.014925373134328358
6d2d,1.0,1.0,0.014925373134328358,0.014925373134328358
6dAh,67.0,67.0,1.0,1.0
6dKh,67.0,67.0,1.0,1.0
6dQh,67.0,4.0,1.0,0.05970149253731343
6dJh,2.0,1.0,0.029850746268656716,0.014925373134328358
6dTh,1.0,1.0,0.014925373134328358,0.014925373134328358
6d9h,1.0,1.0,0.014925373134328358,0.014925373134328358
6d8h,1.0,1.0,0.014925373134328358,0.014925373134328358
6d7h,1.0,1.0,0.014925373134328358,0.014925373134328358
6d6h,67.0,67.0,1.0,1.0
6d5h,1.0,1.0,0.014925373134328358,0.014925373134328358
6d4h,1.0,1.0,0.014925373134328358,0.014925373134328358
6d3h,1.0,1.0,0.014925373134328358,0.014925373134328358
6d2h,1.0,1.0,0.014925373134328358,0.014925373134328358
5d4d,61.0,1.0,0.9104477611940298,0.014925373134328358
5d3d,52.0,1.0,0.7761194029850746,0.014925373134328358
5d2d,1.0,1.0,0.014925373134328358,0.014925373134328358
5dAh,67.0,67.0,1.0,1.0
5dKh,67.0,67.0,1.0,1.0
5dQh,16.0,3.0,0.23880597014925373,0.04477611940298507
5dJh,2.0,1.0,0.029850746268656716,0.014925373134328358
5dTh,1.0,1.0,0.014925373134328358,0.014925373134328358
5d9h,1.0,1.0,0.014925373134328358,0.014925373134328358
5d8h,1.0,1.0,0.014925373134328358,0.014925373134328358
5d7h,1.0,1.0,0.014925373134328358,0.014925373134328358
5d6h,1.0,1.0,0.014925373134328358,0.014925373134328358
5d5h,67.0,67.0,1.0,1.0
5d4h,1.0,1.0,0.014925373134328358,0.014925373134328358
5d3h,1.0,1.0,0.014925373134328358,0.014925373134328358
5d2h,1.0,1.0,0.014925373134328358,0.014925373134328358
4d3d,40.0,1.0,0.5970149253731343,0.014925373134328358
4d2d,1.0,1.0,0.014925373134328358,0.014925373134328358
4dAh,67.0,67.0,1.0,1.0
4dKh,67.0,67.0,1.0,1.0
4dQh,4.0,2.0,0.05970149253731343,0.029850746268656716
4dJh,1.0,1.0,0.014925373134328358,0.014925373134328358
4dTh,1.0,1.0,0.014925373134328358,0.014925373134328358
4d9h,1.0,1.0,0.014925373134328358,0.014925373134328358
4d8h,1.0,1.0,0.014925373134328358,0.014925373134328358
4d7h,1.0,1.0,0.014925373134328358,0.014925373134328358
4d6h,1.0,1.0,0.014925373134328358,0.014925373134328358
4d5h,1.0,1.0,0.014925373134328358,0.014925373134328358
4d4h,67.0,67.0,1.0,1.0
4d3h,1.0,1.0,0.014925373134328358,0.014925373134328358
4d2h,1.0,1.0,0.014925373134328358,0.014925373134328358
3d2d,1.0,1.0,0.014925373134328358,0.014925373134328358
3dAh,67.0,67.0,1.0,1.0
3dKh,67.0,67.0,1.0,1.0
3dQh,3.0,2.0,0.04477611940298507,0.029850746268656716
3dJh,1.0,1.0,0.014925373134328358,0.014925373134328358
3dTh,1.0,1.0,0.014925373134328358,0.014925373134328358
3d9h,1.0,1.0,0.014925373134328358,0.014925373134328358
3d8h,1.0,1.0,0.014925373134328358,0.014925373134328358
3d7h,1.0,1.0,0.014925373134328358,0.014925373134328358
3d6h,1.0,1.0,0.014925373134328358,0.014925373134328358
3d5h,1.0,1.0,0.014925373134328358,0.014925373134328358
3d4h,1.0,1.0,0.014925373134328358,0.014925373134328358
3d3h,67.0,67.0,1.0,1.0
3d2h,1.0,1.0,0.014925373134328358,0.014925373134328358
2dAh,67.0,67.0,1.0,1.0
2dKh,67.0,9.0,1.0,0.13432835820895522
2dQh,2.0,1.0,0.029850746268656716,0.014925373134328358
2dJh,1.0,1.0,0.014925373134328358,0.014925373134328358
2dTh,1.0,1.0,0.014925373134328358,0.014925373134328358
2d9h,1.0,1.0,0.014925373134328358,0.014925373134328358
2d8h,1.0,1.0,0.014925373134328358,0.014925373134328358
2d7h,1.0,1.0,0.014925373134328358,0.014925373134328358
2d6h,1.0,1.0,0.014925373134328358,0.014925373134328358
2d5h,1.0,1.0,0.014925373134328358,0.014925373134328358
2d4h,1.0,1.0,0.014925373134328358,0.014925373134328358
2d3h,1.0,1.0,0.014925373134328358,0.014925373134328358
2d2h,67.0,67.0,1.0,1.0
AhKh,67.0,67.0,1.0,1.0
AhQh,67.0,67.0,1.0,1.0
AhJh,67.0,67.0,1.0,1.0
AhTh,67.0,67.0,1.0,1.0
Ah9h,67.0,67.0,1.0,1.0
Ah8h,67.0,67.0,1.0,1.0
Ah7h,67.0,67.0,1.0,1.0
Ah6h,67.0,67.0,1.0,1.0
Ah5h,67.0,67.0,1.0,1.0
Ah4h,67.0,67.0,1.0,1.0
Ah3h,67.0,67.0,1.0,1.0
Ah2h,67.0,67.0,1.0,1.0
KhQh,67.0,67.0,1.0,1.0
KhJh,67.0,67.0,1.0,1.0
KhTh,67.0,67.0,1.0,1.0
Kh9h,67.0,67.0,1.0,1.0
Kh8h,67.0,67.0,1.0,1.0
Kh7h,67.0,67.0,1.0,1.0
Kh6h,67.0,67.0,1.0,1.0
Kh5h,67.0,67.0,1.0,1.0
Kh4h,67.0,67.0,1.0,1.0
Kh3h,67.0,67.0,1.0,1.0
Kh2h,67.0,67.0,1.0,1.0
QhJh,67.0,67.0,1.0,1.0
QhTh,67.0,67.0,1.0,1.0
Qh9h,67.0,67.0,1.0,1.0
Qh8h,67.0,67.0,1.0,1.0
Qh7h,67.0,67.0,1.0,1.0
Qh6h,67.0,67.0,1.0,1.0
Qh5h,67.0,67.0,1.0,1.0
Qh4h,67.0,67.0,1.0,1.0
Qh3h,67.0,9.0,1.0,0.13432835820895522
Qh2h,67.0,6.0,1.0,0.08955223880597014
JhTh,67.0,67.0,1.0,1.0
Jh9h,67.0,67.0,1.0,1.0
Jh8h,67.0,67.0,1.0,1.0
Jh7h,67.0,9.0,1.0,0.13432835820895522
Jh6h,67.0,4.0,1.0,0.05970149253731343
Jh5h,67.0,3.0,1.0,0.04477611940298507
Jh4h,67.0,2.0,1.0,0.029850746268656716
Jh3h,67.0,2.0,1.0,0.029850746268656716
Jh2h,67.0,1.0,1.0,0.014925373134328358
Th9h,67.0,67.0,1.0,1.0
Th8h,67.0,36.0,1.0,0.5373134328358209
Th7h,67.0,4.0,1.0,0.05970149253731343
Th6h,67.0,2.0,1.0,0.029850746268656716
Th5h,67.0,1.0,1.0,0.014925373134328358
Th4h,67.0,1.0,1.0,0.014925373134328358
Th3h,64.0,1.0,0.9552238805970149,0.014925373134328358
Th2h,57.0,1.0,0.8507462686567164,0.014925373134328358
9h8h,67.0,7.0,1.0,0.1044776119402985
9h7h,67.0,3.0,1.0,0.04477611940298507
9h6h,67.0,1.0,1.0,0.014925373134328358
9h5h,67.0,1.0,1.0,0.014925373134328358
9h4h,58.0,1.0,0.8656716417910447,0.014925373134328358
9h3h,55.0,1.0,0.8208955223880597,0.014925373134328358
9h2h,34.0,1.0,0.5074626865671642,0.014925373134328358
8h7h,67.0,2.0,1.0,0.029850746268656716
8h6h,67.0,1.0,1.0,0.014925373134328358
8h5h,65.0,1.0,0.9701492537313433,0.014925373134328358
8h4h,57.0,1.0,0.8507462686567164,0.014925373134328358
8h3h,1.0,1.0,0.014925373134328358,0.014925373134328358
8h2h,1.0,1.0,0.014925373134328358,0.014925373134328358
7h6h,67.0,1.0,1.0,0.014925373134328358
7h5h,64.0,1.0,0.9552238805970149,0.014925373134328358
7h4h,57.0,1.0,0.8507462686567164,0.014925373134328358
7h3h,1.0,1.0,0.014925373134328358,0.014925373134328358
7h2h,1.0,1.0,0.014925373134328358,0.014925373134328358
6h5h,64.0,1.0,0.9552238805970149,0.014925373134328358
6h4h,58.0,1.0,0.8656716417910447,0.014925373134328358
6h3h,40.0,1.0,0.5970149253731343,0.014925373134328358
6h2h,1.0,1.0,0.014925373134328358,0.014925373134328358
5h4h,61.0,1.0,0.9104477611940298,0.014925373134328358
5h3h,52.0,1.0,0.7761194029850746,0.014925373134328358
5h2h,1.0,1.0,0.014925373134328358,0.014925373134328358
4h3h,40.0,1.0,0.5970149253731343,0.014925373134328358
4h2h,1.0,1.0,0.014925373134328358,0.014925373134328358
3h2h,1.0,1.0,0.014925373134328358,0.014925373134328358
